# Ankle angle (rad), moment (N·m/kg) and power (W/kg) over the gait cycle, mean and SD across subjects (22 subjects: AB06 AB07 AB08 AB09 AB10 AB11 AB12 AB13 AB14 AB15 AB16 AB17 AB18 AB19 AB20 AB21 AB23 AB24 AB25 AB27 AB28 AB30). Right leg, heel strike to heel strike. Derived from Camargo, Ramanathan, Flanagan, Young (2021), J. Biomech. 119:110320, doi:10.1016/j.jbiomech.2021.110320, CC BY 4.0. Generated by scripts/gait_profiles.py.
activity,condition,gait_pct,angle_mean_rad,angle_sd_rad,moment_mean_Nm_per_kg,moment_sd_Nm_per_kg,power_mean_W_per_kg,power_sd_W_per_kg,stride_time_mean_s,stride_time_sd_s,n_subjects,n_strides
levelground,fast,0.0,0.024451,0.058306,0.094581,0.040952,-0.188888,0.127505,1.016808,0.044728,10,29
levelground,fast,1.0,0.00587,0.055272,0.101799,0.052809,-0.187558,0.123123,1.016808,0.044728,10,29
levelground,fast,2.0,-0.007507,0.048904,0.095568,0.068836,-0.145569,0.106269,1.016808,0.044728,10,29
levelground,fast,3.0,-0.013142,0.042458,0.074503,0.088276,-0.10448,0.086269,1.016808,0.044728,10,29
levelground,fast,4.0,-0.010864,0.037323,0.040207,0.109392,-0.103265,0.121144,1.016808,0.044728,10,29
levelground,fast,5.0,-0.001274,0.03589,-0.003723,0.130229,-0.148107,0.224805,1.016808,0.044728,10,29
levelground,fast,6.0,0.013605,0.037623,-0.053041,0.149129,-0.228296,0.34146,1.016808,0.044728,10,29
levelground,fast,7.0,0.033361,0.040731,-0.103934,0.164906,-0.32656,0.433772,1.016808,0.044728,10,29
levelground,fast,8.0,0.055097,0.043964,-0.153693,0.176946,-0.425342,0.486978,1.016808,0.044728,10,29
levelground,fast,9.0,0.078221,0.046259,-0.200891,0.185103,-0.507294,0.500198,1.016808,0.044728,10,29
levelground,fast,10.0,0.10061,0.048006,-0.245156,0.189572,-0.560836,0.486487,1.016808,0.044728,10,29
levelground,fast,11.0,0.121653,0.049263,-0.286645,0.190682,-0.594405,0.446493,1.016808,0.044728,10,29
levelground,fast,12.0,0.141307,0.049941,-0.325564,0.18872,-0.602434,0.390505,1.016808,0.044728,10,29
levelground,fast,13.0,0.158996,0.049893,-0.361938,0.183968,-0.581947,0.330363,1.016808,0.044728,10,29
levelground,fast,14.0,0.174182,0.049726,-0.395595,0.176793,-0.546023,0.274003,1.016808,0.044728,10,29
levelground,fast,15.0,0.187347,0.048639,-0.426289,0.167684,-0.512048,0.220158,1.016808,0.044728,10,29
levelground,fast,16.0,0.19906,0.046934,-0.453867,0.157153,-0.46819,0.174247,1.016808,0.044728,10,29
levelground,fast,17.0,0.208959,0.04475,-0.47834,0.145738,-0.412547,0.153673,1.016808,0.044728,10,29
levelground,fast,18.0,0.217307,0.042263,-0.499855,0.134054,-0.361522,0.156201,1.016808,0.044728,10,29
levelground,fast,19.0,0.224394,0.039549,-0.518745,0.12269,-0.3146,0.168698,1.016808,0.044728,10,29
levelground,fast,20.0,0.230393,0.03663,-0.535513,0.112176,-0.271067,0.193486,1.016808,0.044728,10,29
levelground,fast,21.0,0.235365,0.033286,-0.550802,0.102998,-0.236193,0.223014,1.016808,0.044728,10,29
levelground,fast,22.0,0.239764,0.029946,-0.565422,0.095533,-0.215038,0.246636,1.016808,0.044728,10,29
levelground,fast,23.0,0.243732,0.026718,-0.580259,0.090122,-0.210491,0.271411,1.016808,0.044728,10,29
levelground,fast,24.0,0.247674,0.023799,-0.59618,0.087154,-0.215255,0.291178,1.016808,0.044728,10,29
levelground,fast,25.0,0.251493,0.02181,-0.613998,0.087012,-0.234706,0.314464,1.016808,0.044728,10,29
levelground,fast,26.0,0.255687,0.020825,-0.634565,0.089971,-0.27361,0.335999,1.016808,0.044728,10,29
levelground,fast,27.0,0.260295,0.021533,-0.658705,0.096049,-0.315655,0.354719,1.016808,0.044728,10,29
levelground,fast,28.0,0.265297,0.023622,-0.687379,0.104989,-0.365885,0.374971,1.016808,0.044728,10,29
levelground,fast,29.0,0.270804,0.026655,-0.721608,0.116366,-0.434042,0.391638,1.016808,0.044728,10,29
levelground,fast,30.0,0.277021,0.030192,-0.76241,0.129722,-0.513246,0.411216,1.016808,0.044728,10,29
levelground,fast,31.0,0.283879,0.033992,-0.810679,0.144609,-0.594979,0.419578,1.016808,0.044728,10,29
levelground,fast,32.0,0.291272,0.037654,-0.867092,0.160617,-0.675519,0.419757,1.016808,0.044728,10,29
levelground,fast,33.0,0.299068,0.041203,-0.931951,0.177362,-0.773317,0.421812,1.016808,0.044728,10,29
levelground,fast,34.0,0.307638,0.044323,-1.005086,0.194432,-0.870402,0.422929,1.016808,0.044728,10,29
levelground,fast,35.0,0.316318,0.047183,-1.085717,0.211328,-0.943842,0.403568,1.016808,0.044728,10,29
levelground,fast,36.0,0.325148,0.04949,-1.172498,0.227525,-0.994118,0.386763,1.016808,0.044728,10,29
levelground,fast,37.0,0.333619,0.051673,-1.263591,0.242453,-1.010717,0.373465,1.016808,0.044728,10,29
levelground,fast,38.0,0.341716,0.053205,-1.356745,0.255426,-0.975738,0.36142,1.016808,0.044728,10,29
levelground,fast,39.0,0.348793,0.054638,-1.44935,0.265641,-0.876618,0.401275,1.016808,0.044728,10,29
levelground,fast,40.0,0.354811,0.055703,-1.538407,0.272381,-0.68202,0.441039,1.016808,0.044728,10,29
levelground,fast,41.0,0.358813,0.05641,-1.620468,0.275053,-0.397829,0.562309,1.016808,0.044728,10,29
levelground,fast,42.0,0.360996,0.05701,-1.69163,0.273225,-0.032118,0.763777,1.016808,0.044728,10,29
levelground,fast,43.0,0.360544,0.057418,-1.747586,0.266772,0.471454,0.974512,1.016808,0.044728,10,29
levelground,fast,44.0,0.356978,0.057963,-1.783942,0.256256,1.126099,1.215821,1.016808,0.044728,10,29
levelground,fast,45.0,0.349234,0.058569,-1.796235,0.242911,1.858302,1.443447,1.016808,0.044728,10,29
levelground,fast,46.0,0.337407,0.060472,-1.780282,0.22907,2.615843,1.675251,1.016808,0.044728,10,29
levelground,fast,47.0,0.320709,0.063338,-1.732614,0.218097,3.445985,1.844857,1.016808,0.044728,10,29
levelground,fast,48.0,0.29809,0.067916,-1.651123,0.213505,4.204641,1.843778,1.016808,0.044728,10,29
levelground,fast,49.0,0.269571,0.074229,-1.53553,0.217064,4.798289,1.741923,1.016808,0.044728,10,29
levelground,fast,50.0,0.234503,0.08202,-1.387916,0.227096,5.204373,1.53762,1.016808,0.044728,10,29
levelground,fast,51.0,0.192553,0.090607,-1.21294,0.23866,5.307693,1.262784,1.016808,0.044728,10,29
levelground,fast,52.0,0.144181,0.098218,-1.018922,0.246007,4.993757,1.182784,1.016808,0.044728,10,29
levelground,fast,53.0,0.091506,0.104913,-0.816526,0.243996,4.3245,1.336236,1.016808,0.044728,10,29
levelground,fast,54.0,0.036124,0.109589,-0.617777,0.229608,3.439236,1.439427,1.016808,0.044728,10,29
levelground,fast,55.0,-0.019299,0.112081,-0.434329,0.203071,2.462539,1.361629,1.016808,0.044728,10,29
levelground,fast,56.0,-0.071671,0.11298,-0.275615,0.167653,1.552892,1.107014,1.016808,0.044728,10,29
levelground,fast,57.0,-0.117741,0.113321,-0.147564,0.128242,0.829592,0.752349,1.016808,0.044728,10,29
levelground,fast,58.0,-0.154489,0.114471,-0.052203,0.089876,0.351368,0.397057,1.016808,0.044728,10,29
levelground,fast,59.0,-0.179869,0.11699,0.012065,0.056754,0.109048,0.142367,1.016808,0.044728,10,29
levelground,fast,60.0,-0.192582,0.120732,0.049925,0.031667,0.038374,0.113452,1.016808,0.044728,10,29
levelground,fast,61.0,-0.192954,0.125128,0.06745,0.016505,0.06059,0.146649,1.016808,0.044728,10,29
levelground,fast,62.0,-0.182064,0.129031,0.070978,0.012607,0.109579,0.129894,1.016808,0.044728,10,29
levelground,fast,63.0,-0.161949,0.13117,0.066002,0.014085,0.143458,0.097032,1.016808,0.044728,10,29
levelground,fast,64.0,-0.135779,0.131127,0.056822,0.014807,0.151529,0.078063,1.016808,0.044728,10,29
levelground,fast,65.0,-0.105574,0.128339,0.046452,0.01399,0.138633,0.072812,1.016808,0.044728,10,29
levelground,fast,66.0,-0.074132,0.123563,0.036751,0.012155,0.116535,0.067762,1.016808,0.044728,10,29
levelground,fast,67.0,-0.04178,0.116413,0.028684,0.009879,0.091282,0.058986,1.016808,0.044728,10,29
levelground,fast,68.0,-0.011356,0.10889,0.022605,0.007636,0.0681,0.046725,1.016808,0.044728,10,29
levelground,fast,69.0,0.017328,0.100736,0.018482,0.005848,0.051156,0.034343,1.016808,0.044728,10,29
levelground,fast,70.0,0.043629,0.092472,0.016098,0.004896,0.03845,0.02385,1.016808,0.044728,10,29
levelground,fast,71.0,0.066666,0.084868,0.01515,0.004885,0.030331,0.016678,1.016808,0.044728,10,29
levelground,fast,72.0,0.087316,0.077237,0.015328,0.005443,0.025286,0.01331,1.016808,0.044728,10,29
levelground,fast,73.0,0.104675,0.070362,0.016343,0.006128,0.02145,0.011882,1.016808,0.044728,10,29
levelground,fast,74.0,0.11912,0.064353,0.017948,0.006707,0.018795,0.012902,1.016808,0.044728,10,29
levelground,fast,75.0,0.130812,0.05873,0.019946,0.007089,0.016223,0.014988,1.016808,0.044728,10,29
levelground,fast,76.0,0.139712,0.053638,0.022184,0.007253,0.013423,0.016755,1.016808,0.044728,10,29
levelground,fast,77.0,0.146042,0.049251,0.024529,0.007213,0.010296,0.01873,1.016808,0.044728,10,29
levelground,fast,78.0,0.15007,0.045123,0.026861,0.007015,0.006536,0.020231,1.016808,0.044728,10,29
levelground,fast,79.0,0.15183,0.041657,0.029046,0.006737,0.002651,0.021614,1.016808,0.044728,10,29
levelground,fast,80.0,0.151897,0.038703,0.030934,0.006502,-0.002219,0.022475,1.016808,0.044728,10,29
levelground,fast,81.0,0.149752,0.037469,0.032362,0.006487,-0.007508,0.022701,1.016808,0.044728,10,29
levelground,fast,82.0,0.146222,0.037361,0.033158,0.006851,-0.012423,0.022771,1.016808,0.044728,10,29
levelground,fast,83.0,0.141107,0.039181,0.03314,0.007601,-0.017371,0.022988,1.016808,0.044728,10,29
levelground,fast,84.0,0.134869,0.042365,0.032138,0.008562,-0.020065,0.023553,1.016808,0.044728,10,29
levelground,fast,85.0,0.128299,0.046148,0.030034,0.009477,-0.020503,0.023248,1.016808,0.044728,10,29
levelground,fast,86.0,0.121659,0.049823,0.026799,0.010104,-0.018654,0.021457,1.016808,0.044728,10,29
levelground,fast,87.0,0.115578,0.052641,0.022522,0.010255,-0.014789,0.01767,1.016808,0.044728,10,29
levelground,fast,88.0,0.110127,0.054638,0.017425,0.009818,-0.009808,0.01266,1.016808,0.044728,10,29
levelground,fast,89.0,0.106246,0.055391,0.011859,0.00879,-0.005198,0.007603,1.016808,0.044728,10,29
levelground,fast,90.0,0.103113,0.055655,0.006278,0.007293,-0.0015,0.00389,1.016808,0.044728,10,29
levelground,fast,91.0,0.101955,0.054716,0.001195,0.005614,0.000225,0.002353,1.016808,0.044728,10,29
levelground,fast,92.0,0.10203,0.053129,-0.002872,0.004293,9.1e-05,0.001988,1.016808,0.044728,10,29
levelground,fast,93.0,0.102254,0.051682,-0.005468,0.00403,-0.000822,0.002827,1.016808,0.044728,10,29
levelground,fast,94.0,0.102176,0.050461,-0.006276,0.004762,-0.001458,0.003546,1.016808,0.044728,10,29
levelground,fast,95.0,0.100514,0.049776,-0.005149,0.005706,-0.002021,0.004086,1.016808,0.044728,10,29
levelground,fast,96.0,0.095831,0.050203,-0.002162,0.006399,-0.003515,0.008707,1.016808,0.044728,10,29
levelground,fast,97.0,0.086783,0.051021,0.002392,0.006738,-0.008328,0.015471,1.016808,0.044728,10,29
levelground,fast,98.0,0.072806,0.05171,0.008039,0.00682,-0.017568,0.020015,1.016808,0.044728,10,29
levelground,fast,99.0,0.054018,0.050942,0.014217,0.006872,-0.030255,0.021098,1.016808,0.044728,10,29
levelground,fast,100.0,0.031803,0.047115,0.018493,0.007522,-0.039764,0.023128,1.016808,0.044728,10,29
levelground,normal,0.0,0.042039,0.046805,0.069169,0.058435,-0.143184,0.156145,1.159986,0.10015,15,56
levelground,normal,1.0,0.017833,0.04736,0.091957,0.074414,-0.182766,0.207247,1.159986,0.10015,15,56
levelground,normal,2.0,-0.005224,0.046346,0.108368,0.09106,-0.185595,0.242967,1.159986,0.10015,15,56
levelground,normal,3.0,-0.023131,0.044046,0.113165,0.107276,-0.14061,0.206172,1.159986,0.10015,15,56
levelground,normal,4.0,-0.033005,0.042788,0.104102,0.122261,-0.061752,0.11567,1.159986,0.10015,15,56
levelground,normal,5.0,-0.033454,0.041347,0.081929,0.135545,-0.000144,0.081705,1.159986,0.10015,15,56
levelground,normal,6.0,-0.026943,0.041656,0.049542,0.146788,0.017773,0.165637,1.159986,0.10015,15,56
levelground,normal,7.0,-0.013024,0.043129,0.010763,0.15635,-0.019377,0.250476,1.159986,0.10015,15,56
levelground,normal,8.0,0.004096,0.045712,-0.030943,0.16513,-0.077834,0.311267,1.159986,0.10015,15,56
levelground,normal,9.0,0.02335,0.048023,-0.073026,0.173918,-0.158828,0.342011,1.159986,0.10015,15,56
levelground,normal,10.0,0.044055,0.050001,-0.114011,0.183149,-0.239616,0.362086,1.159986,0.10015,15,56
levelground,normal,11.0,0.064257,0.051659,-0.153309,0.19281,-0.288893,0.365228,1.159986,0.10015,15,56
levelground,normal,12.0,0.082659,0.052677,-0.190921,0.202548,-0.320536,0.351858,1.159986,0.10015,15,56
levelground,normal,13.0,0.100153,0.053462,-0.227044,0.211913,-0.350759,0.336498,1.159986,0.10015,15,56
levelground,normal,14.0,0.116463,0.0538,-0.261899,0.220691,-0.353977,0.306151,1.159986,0.10015,15,56
levelground,normal,15.0,0.130661,0.053778,-0.295461,0.228677,-0.346253,0.274752,1.159986,0.10015,15,56
levelground,normal,16.0,0.143743,0.053656,-0.32736,0.235426,-0.338626,0.246444,1.159986,0.10015,15,56
levelground,normal,17.0,0.155438,0.053349,-0.357338,0.240647,-0.324311,0.218186,1.159986,0.10015,15,56
levelground,normal,18.0,0.166048,0.052761,-0.385728,0.244854,-0.312539,0.193487,1.159986,0.10015,15,56
levelground,normal,19.0,0.175735,0.052241,-0.412947,0.248553,-0.303157,0.176734,1.159986,0.10015,15,56
levelground,normal,20.0,0.18464,0.051633,-0.439164,0.251711,-0.295426,0.167545,1.159986,0.10015,15,56
levelground,normal,21.0,0.193008,0.051038,-0.464521,0.254211,-0.290393,0.168717,1.159986,0.10015,15,56
levelground,normal,22.0,0.200943,0.050348,-0.489364,0.256222,-0.296726,0.176372,1.159986,0.10015,15,56
levelground,normal,23.0,0.208776,0.049754,-0.513894,0.257598,-0.308179,0.194825,1.159986,0.10015,15,56
levelground,normal,24.0,0.216565,0.049145,-0.538042,0.257751,-0.321147,0.223258,1.159986,0.10015,15,56
levelground,normal,25.0,0.224485,0.048828,-0.562,0.256501,-0.345841,0.234447,1.159986,0.10015,15,56
levelground,normal,26.0,0.232595,0.048624,-0.58643,0.254463,-0.374263,0.26013,1.159986,0.10015,15,56
levelground,normal,27.0,0.240838,0.048826,-0.612608,0.252863,-0.402084,0.272897,1.159986,0.10015,15,56
levelground,normal,28.0,0.249297,0.049089,-0.641887,0.252604,-0.444508,0.296723,1.159986,0.10015,15,56
levelground,normal,29.0,0.258209,0.049813,-0.674923,0.253754,-0.489021,0.317642,1.159986,0.10015,15,56
levelground,normal,30.0,0.267173,0.05054,-0.711671,0.25609,-0.5383,0.31508,1.159986,0.10015,15,56
levelground,normal,31.0,0.276608,0.051514,-0.751768,0.25932,-0.584877,0.318063,1.159986,0.10015,15,56
levelground,normal,32.0,0.285914,0.052549,-0.794932,0.263326,-0.623875,0.316821,1.159986,0.10015,15,56
levelground,normal,33.0,0.2955,0.053471,-0.8412,0.268155,-0.679457,0.307587,1.159986,0.10015,15,56
levelground,normal,34.0,0.305243,0.05436,-0.89082,0.273996,-0.730706,0.285702,1.159986,0.10015,15,56
levelground,normal,35.0,0.315088,0.054963,-0.94425,0.280868,-0.76851,0.262876,1.159986,0.10015,15,56
levelground,normal,36.0,0.324798,0.055232,-1.001525,0.288397,-0.80135,0.246185,1.159986,0.10015,15,56
levelground,normal,37.0,0.334447,0.055273,-1.062108,0.295879,-0.821757,0.244298,1.159986,0.10015,15,56
levelground,normal,38.0,0.34371,0.054882,-1.125268,0.30247,-0.832276,0.291951,1.159986,0.10015,15,56
levelground,normal,39.0,0.352816,0.054177,-1.189866,0.307314,-0.80972,0.382135,1.159986,0.10015,15,56
levelground,normal,40.0,0.361009,0.053136,-1.254308,0.309523,-0.764361,0.531082,1.159986,0.10015,15,56
levelground,normal,41.0,0.368783,0.051621,-1.316846,0.308212,-0.669717,0.717216,1.159986,0.10015,15,56
levelground,normal,42.0,0.374942,0.050249,-1.375606,0.302954,-0.496947,0.905823,1.159986,0.10015,15,56
levelground,normal,43.0,0.379496,0.049503,-1.428209,0.293589,-0.321953,1.139666,1.159986,0.10015,15,56
levelground,normal,44.0,0.382709,0.048512,-1.472164,0.280534,-0.072371,1.358994,1.159986,0.10015,15,56
levelground,normal,45.0,0.383262,0.049965,-1.504645,0.26506,0.303233,1.538323,1.159986,0.10015,15,56
levelground,normal,46.0,0.380527,0.053079,-1.522342,0.2493,0.662259,1.73951,1.159986,0.10015,15,56
levelground,normal,47.0,0.375473,0.057825,-1.522027,0.237125,1.062985,1.86979,1.159986,0.10015,15,56
levelground,normal,48.0,0.366096,0.066188,-1.500678,0.233321,1.566758,1.889043,1.159986,0.10015,15,56
levelground,normal,49.0,0.352159,0.076584,-1.455654,0.241568,2.041466,1.864004,1.159986,0.10015,15,56
levelground,normal,50.0,0.333273,0.089502,-1.385232,0.261728,2.437702,1.792953,1.159986,0.10015,15,56
levelground,normal,51.0,0.309342,0.104243,-1.288943,0.289473,2.89523,1.468099,1.159986,0.10015,15,56
levelground,normal,52.0,0.277342,0.119425,-1.168445,0.317917,3.182242,1.180546,1.159986,0.10015,15,56
levelground,normal,53.0,0.240441,0.134603,-1.027659,0.339954,3.197901,1.161915,1.159986,0.10015,15,56
levelground,normal,54.0,0.197826,0.147735,-0.872474,0.349219,3.117025,1.326737,1.159986,0.10015,15,56
levelground,normal,55.0,0.150439,0.157315,-0.710417,0.342375,2.861644,1.446427,1.159986,0.10015,15,56
levelground,normal,56.0,0.099898,0.161468,-0.550225,0.319181,2.405539,1.410131,1.159986,0.10015,15,56
levelground,normal,57.0,0.049359,0.161662,-0.400432,0.282641,1.844045,1.218635,1.159986,0.10015,15,56
levelground,normal,58.0,0.000485,0.156835,-0.268573,0.237541,1.29154,0.994766,1.159986,0.10015,15,56
levelground,normal,59.0,-0.04398,0.148255,-0.160294,0.189143,0.796706,0.755596,1.159986,0.10015,15,56
levelground,normal,60.0,-0.081418,0.137291,-0.077811,0.142157,0.42204,0.536117,1.159986,0.10015,15,56
levelground,normal,61.0,-0.109695,0.125617,-0.020616,0.100206,0.1875,0.348892,1.159986,0.10015,15,56
levelground,normal,62.0,-0.127367,0.115266,0.014733,0.065679,0.073011,0.204774,1.159986,0.10015,15,56
levelground,normal,63.0,-0.134339,0.106564,0.033103,0.039997,0.036959,0.109788,1.159986,0.10015,15,56
levelground,normal,64.0,-0.130739,0.099671,0.039348,0.024422,0.038457,0.060468,1.159986,0.10015,15,56
levelground,normal,65.0,-0.118459,0.093314,0.03825,0.018355,0.04951,0.04767,1.159986,0.10015,15,56
levelground,normal,66.0,-0.098858,0.086522,0.033374,0.017001,0.055267,0.04904,1.159986,0.10015,15,56
levelground,normal,67.0,-0.07515,0.079905,0.027236,0.015958,0.051355,0.047626,1.159986,0.10015,15,56
levelground,normal,68.0,-0.049434,0.07306,0.021461,0.014208,0.043103,0.043554,1.159986,0.10015,15,56
levelground,normal,69.0,-0.023353,0.066232,0.01693,0.012079,0.034763,0.037884,1.159986,0.10015,15,56
levelground,normal,70.0,0.002385,0.059433,0.013941,0.010029,0.027524,0.030176,1.159986,0.10015,15,56
levelground,normal,71.0,0.026311,0.05362,0.012459,0.008278,0.022724,0.022184,1.159986,0.10015,15,56
levelground,normal,72.0,0.048561,0.048598,0.012206,0.006985,0.020226,0.015612,1.159986,0.10015,15,56
levelground,normal,73.0,0.068513,0.044552,0.012865,0.006203,0.018787,0.010809,1.159986,0.10015,15,56
levelground,normal,74.0,0.0857,0.041377,0.014125,0.005831,0.017916,0.008094,1.159986,0.10015,15,56
levelground,normal,75.0,0.100612,0.039404,0.015731,0.005693,0.017209,0.007088,1.159986,0.10015,15,56
levelground,normal,76.0,0.113305,0.037883,0.017489,0.005635,0.015962,0.006723,1.159986,0.10015,15,56
levelground,normal,77.0,0.123685,0.036976,0.019273,0.005577,0.013865,0.006335,1.159986,0.10015,15,56
levelground,normal,78.0,0.131388,0.036352,0.021,0.00549,0.011377,0.006352,1.159986,0.10015,15,56
levelground,normal,79.0,0.137216,0.035345,0.022603,0.005359,0.00846,0.006838,1.159986,0.10015,15,56
levelground,normal,80.0,0.140654,0.034269,0.024017,0.005165,0.004461,0.007181,1.159986,0.10015,15,56
levelground,normal,81.0,0.141655,0.032973,0.025174,0.004907,0.000567,0.008611,1.159986,0.10015,15,56
levelground,normal,82.0,0.141093,0.031539,0.025984,0.004614,-0.002987,0.010436,1.159986,0.10015,15,56
levelground,normal,83.0,0.138863,0.030695,0.026344,0.004414,-0.006362,0.011175,1.159986,0.10015,15,56
levelground,normal,84.0,0.135398,0.030592,0.026148,0.004496,-0.00904,0.011891,1.159986,0.10015,15,56
levelground,normal,85.0,0.130988,0.031439,0.025286,0.004961,-0.013094,0.016819,1.159986,0.10015,15,56
levelground,normal,86.0,0.124872,0.033378,0.023695,0.005704,-0.014837,0.021802,1.159986,0.10015,15,56
levelground,normal,87.0,0.118959,0.036444,0.021373,0.006485,-0.01179,0.015271,1.159986,0.10015,15,56
levelground,normal,88.0,0.113713,0.039834,0.018378,0.007076,-0.007986,0.01092,1.159986,0.10015,15,56
levelground,normal,89.0,0.109863,0.043561,0.014812,0.007358,-0.005427,0.008576,1.159986,0.10015,15,56
levelground,normal,90.0,0.105959,0.046465,0.010873,0.00733,-0.00264,0.006559,1.159986,0.10015,15,56
levelground,normal,91.0,0.104735,0.049648,0.006859,0.007102,-0.001032,0.003644,1.159986,0.10015,15,56
levelground,normal,92.0,0.103195,0.050594,0.003152,0.006867,-0.000468,0.001705,1.159986,0.10015,15,56
levelground,normal,93.0,0.103231,0.050867,0.000176,0.006781,-0.000161,0.000952,1.159986,0.10015,15,56
levelground,normal,94.0,0.104298,0.051479,-0.001649,0.006781,-0.000424,0.001282,1.159986,0.10015,15,56
levelground,normal,95.0,0.104593,0.051322,-0.002073,0.006852,-0.000457,0.001239,1.159986,0.10015,15,56
levelground,normal,96.0,0.1037,0.051236,-0.001068,0.00721,-0.000412,0.000826,1.159986,0.10015,15,56
levelground,normal,97.0,0.099926,0.051299,0.001192,0.008024,-0.001257,0.003731,1.159986,0.10015,15,56
levelground,normal,98.0,0.09228,0.051768,0.004437,0.009187,-0.004722,0.00948,1.159986,0.10015,15,56
levelground,normal,99.0,0.079255,0.052531,0.008237,0.010496,-0.01209,0.017811,1.159986,0.10015,15,56
levelground,normal,100.0,0.059961,0.052404,0.011285,0.011945,-0.018869,0.023631,1.159986,0.10015,15,56
levelground,slow,0.0,0.065768,0.061581,0.047972,0.046682,-0.095927,0.124111,1.319731,0.176603,19,75
levelground,slow,1.0,0.0419,0.0649,0.064019,0.061982,-0.119442,0.152704,1.319731,0.176603,19,75
levelground,slow,2.0,0.016035,0.065321,0.076172,0.079129,-0.128208,0.153718,1.319731,0.176603,19,75
levelground,slow,3.0,-0.005515,0.062366,0.080155,0.097727,-0.11227,0.131407,1.319731,0.176603,19,75
levelground,slow,4.0,-0.021084,0.056607,0.073474,0.115756,-0.076205,0.108867,1.319731,0.176603,19,75
levelground,slow,5.0,-0.027364,0.051298,0.056232,0.131765,-0.048412,0.092822,1.319731,0.176603,19,75
levelground,slow,6.0,-0.02529,0.047416,0.030452,0.144932,-0.049679,0.138174,1.319731,0.176603,19,75
levelground,slow,7.0,-0.016409,0.04546,-0.001348,0.155533,-0.076664,0.21369,1.319731,0.176603,19,75
levelground,slow,8.0,-0.002786,0.045284,-0.037248,0.165011,-0.120822,0.274956,1.319731,0.176603,19,75
levelground,slow,9.0,0.013745,0.046146,-0.075229,0.173828,-0.173629,0.32058,1.319731,0.176603,19,75
levelground,slow,10.0,0.031399,0.047467,-0.113694,0.18165,-0.220727,0.340297,1.319731,0.176603,19,75
levelground,slow,11.0,0.04909,0.048678,-0.151799,0.188388,-0.259133,0.343079,1.319731,0.176603,19,75
levelground,slow,12.0,0.066263,0.049583,-0.189293,0.194366,-0.289443,0.337923,1.319731,0.176603,19,75
levelground,slow,13.0,0.082579,0.050036,-0.226004,0.199655,-0.307672,0.317463,1.319731,0.176603,19,75
levelground,slow,14.0,0.097753,0.050165,-0.26127,0.203084,-0.312437,0.278774,1.319731,0.176603,19,75
levelground,slow,15.0,0.111705,0.04989,-0.294942,0.204849,-0.314966,0.240835,1.319731,0.176603,19,75
levelground,slow,16.0,0.124721,0.049289,-0.32709,0.20567,-0.311609,0.204027,1.319731,0.176603,19,75
levelground,slow,17.0,0.136515,0.048693,-0.357529,0.205498,-0.309163,0.179094,1.319731,0.176603,19,75
levelground,slow,18.0,0.147724,0.047821,-0.38591,0.203823,-0.306794,0.16309,1.319731,0.176603,19,75
levelground,slow,19.0,0.157864,0.047052,-0.412602,0.201393,-0.297249,0.146526,1.319731,0.176603,19,75
levelground,slow,20.0,0.167374,0.046048,-0.438194,0.198933,-0.294583,0.140048,1.319731,0.176603,19,75
levelground,slow,21.0,0.176405,0.045113,-0.4632,0.196572,-0.295932,0.142102,1.319731,0.176603,19,75
levelground,slow,22.0,0.185076,0.043992,-0.488685,0.194912,-0.304111,0.153863,1.319731,0.176603,19,75
levelground,slow,23.0,0.193638,0.042825,-0.515762,0.194245,-0.320622,0.164231,1.319731,0.176603,19,75
levelground,slow,24.0,0.202164,0.04163,-0.544842,0.194116,-0.343794,0.177575,1.319731,0.176603,19,75
levelground,slow,25.0,0.210813,0.040523,-0.575502,0.193615,-0.370251,0.196254,1.319731,0.176603,19,75
levelground,slow,26.0,0.219524,0.039421,-0.607191,0.192215,-0.400266,0.213045,1.319731,0.176603,19,75
levelground,slow,27.0,0.228471,0.03849,-0.640165,0.190539,-0.432805,0.223394,1.319731,0.176603,19,75
levelground,slow,28.0,0.237525,0.037835,-0.674938,0.189566,-0.472162,0.227995,1.319731,0.176603,19,75
levelground,slow,29.0,0.246962,0.037486,-0.711778,0.189657,-0.518443,0.22698,1.319731,0.176603,19,75
levelground,slow,30.0,0.256656,0.037474,-0.750698,0.190745,-0.55575,0.221082,1.319731,0.176603,19,75
levelground,slow,31.0,0.266407,0.037854,-0.791561,0.192516,-0.595776,0.217292,1.319731,0.176603,19,75
levelground,slow,32.0,0.276421,0.038342,-0.834228,0.194685,-0.634441,0.222378,1.319731,0.176603,19,75
levelground,slow,33.0,0.286335,0.03914,-0.878593,0.196994,-0.668715,0.226693,1.319731,0.176603,19,75
levelground,slow,34.0,0.296349,0.039731,-0.92461,0.199243,-0.703839,0.233849,1.319731,0.176603,19,75
levelground,slow,35.0,0.306265,0.040525,-0.972226,0.201246,-0.72914,0.244265,1.319731,0.176603,19,75
levelground,slow,36.0,0.31601,0.041207,-1.021326,0.202899,-0.742689,0.250318,1.319731,0.176603,19,75
levelground,slow,37.0,0.325417,0.042129,-1.071763,0.204101,-0.75286,0.25677,1.319731,0.176603,19,75
levelground,slow,38.0,0.334635,0.043045,-1.123362,0.204795,-0.759654,0.257066,1.319731,0.176603,19,75
levelground,slow,39.0,0.343488,0.043833,-1.175798,0.204951,-0.744778,0.244907,1.319731,0.176603,19,75
levelground,slow,40.0,0.351768,0.044814,-1.228485,0.204578,-0.726728,0.25404,1.319731,0.176603,19,75
levelground,slow,41.0,0.359668,0.045831,-1.280471,0.203763,-0.690214,0.284503,1.319731,0.176603,19,75
levelground,slow,42.0,0.366708,0.046903,-1.330476,0.202662,-0.616824,0.319677,1.319731,0.176603,19,75
levelground,slow,43.0,0.372786,0.04807,-1.376808,0.201354,-0.504865,0.377614,1.319731,0.176603,19,75
levelground,slow,44.0,0.3775,0.049391,-1.417493,0.199874,-0.355649,0.460799,1.319731,0.176603,19,75
levelground,slow,45.0,0.38076,0.050643,-1.450248,0.198089,-0.154311,0.579326,1.319731,0.176603,19,75
levelground,slow,46.0,0.381907,0.052061,-1.472616,0.195917,0.114009,0.712764,1.319731,0.176603,19,75
levelground,slow,47.0,0.380591,0.053898,-1.482014,0.19333,0.422182,0.850655,1.319731,0.176603,19,75
levelground,slow,48.0,0.376509,0.056149,-1.475808,0.190816,0.763894,1.034721,1.319731,0.176603,19,75
levelground,slow,49.0,0.369264,0.059006,-1.451145,0.189218,1.170695,1.203178,1.319731,0.176603,19,75
levelground,slow,50.0,0.35765,0.063292,-1.405695,0.189902,1.608035,1.314171,1.319731,0.176603,19,75
levelground,slow,51.0,0.341373,0.069034,-1.336682,0.193538,2.000221,1.391315,1.319731,0.176603,19,75
levelground,slow,52.0,0.319919,0.076421,-1.243267,0.199942,2.329913,1.397331,1.319731,0.176603,19,75
levelground,slow,53.0,0.292664,0.085507,-1.125385,0.207215,2.58654,1.275976,1.319731,0.176603,19,75
levelground,slow,54.0,0.258585,0.09569,-0.985934,0.212641,2.68215,1.066248,1.319731,0.176603,19,75
levelground,slow,55.0,0.218451,0.105866,-0.830543,0.213639,2.541918,0.810583,1.319731,0.176603,19,75
levelground,slow,56.0,0.173439,0.114852,-0.667757,0.207975,2.220077,0.584058,1.319731,0.176603,19,75
levelground,slow,57.0,0.124965,0.121307,-0.507349,0.194107,1.784435,0.49602,1.319731,0.176603,19,75
levelground,slow,58.0,0.075133,0.124228,-0.35912,0.172384,1.299264,0.50099,1.319731,0.176603,19,75
levelground,slow,59.0,0.026858,0.123349,-0.231392,0.144453,0.843137,0.46828,1.319731,0.176603,19,75
levelground,slow,60.0,-0.01683,0.119007,-0.129329,0.113491,0.481185,0.373057,1.319731,0.176603,19,75
levelground,slow,61.0,-0.053134,0.112115,-0.054739,0.082832,0.237654,0.250339,1.319731,0.176603,19,75
levelground,slow,62.0,-0.079774,0.104164,-0.005612,0.055721,0.101612,0.144934,1.319731,0.176603,19,75
levelground,slow,63.0,-0.094657,0.097068,0.022,0.034096,0.047261,0.081846,1.319731,0.176603,19,75
levelground,slow,64.0,-0.097575,0.091612,0.033878,0.0188,0.037819,0.053298,1.319731,0.176603,19,75
levelground,slow,65.0,-0.089719,0.088015,0.035583,0.009812,0.043243,0.038753,1.319731,0.176603,19,75
levelground,slow,66.0,-0.072928,0.085377,0.031884,0.006917,0.047567,0.026227,1.319731,0.176603,19,75
levelground,slow,67.0,-0.04996,0.083178,0.026216,0.007037,0.045679,0.015288,1.319731,0.176603,19,75
levelground,slow,68.0,-0.024122,0.081332,0.020751,0.006831,0.03941,0.011103,1.319731,0.176603,19,75
levelground,slow,69.0,0.002831,0.079552,0.016531,0.005848,0.032376,0.010571,1.319731,0.176603,19,75
levelground,slow,70.0,0.029284,0.077873,0.01382,0.004641,0.026477,0.009656,1.319731,0.176603,19,75
levelground,slow,71.0,0.054114,0.076084,0.01247,0.003661,0.022171,0.007842,1.319731,0.176603,19,75
levelground,slow,72.0,0.076888,0.074316,0.012192,0.003082,0.01974,0.007173,1.319731,0.176603,19,75
levelground,slow,73.0,0.097618,0.071844,0.012656,0.002819,0.018157,0.006853,1.319731,0.176603,19,75
levelground,slow,74.0,0.115789,0.069331,0.013569,0.002706,0.016601,0.006387,1.319731,0.176603,19,75
levelground,slow,75.0,0.131188,0.066557,0.014708,0.002651,0.014849,0.006351,1.319731,0.176603,19,75
levelground,slow,76.0,0.143716,0.063621,0.015931,0.002648,0.012787,0.006513,1.319731,0.176603,19,75
levelground,slow,77.0,0.153494,0.06047,0.01714,0.002709,0.010269,0.007004,1.319731,0.176603,19,75
levelground,slow,78.0,0.160361,0.057236,0.018277,0.002835,0.007251,0.007546,1.319731,0.176603,19,75
levelground,slow,79.0,0.16449,0.053965,0.019333,0.003028,0.00393,0.008315,1.319731,0.176603,19,75
levelground,slow,80.0,0.165929,0.050611,0.020309,0.003272,0.00049,0.009379,1.319731,0.176603,19,75
levelground,slow,81.0,0.164994,0.047291,0.021185,0.003517,-0.003161,0.010331,1.319731,0.176603,19,75
levelground,slow,82.0,0.161606,0.044511,0.021925,0.003716,-0.006814,0.010953,1.319731,0.176603,19,75
levelground,slow,83.0,0.156324,0.042527,0.022465,0.003851,-0.009644,0.011329,1.319731,0.176603,19,75
levelground,slow,84.0,0.149805,0.041288,0.02271,0.00393,-0.011734,0.011008,1.319731,0.176603,19,75
levelground,slow,85.0,0.142286,0.040735,0.022556,0.003989,-0.012836,0.010375,1.319731,0.176603,19,75
levelground,slow,86.0,0.134481,0.040768,0.021891,0.004063,-0.012723,0.009897,1.319731,0.176603,19,75
levelground,slow,87.0,0.126747,0.041201,0.020626,0.004174,-0.011613,0.009394,1.319731,0.176603,19,75
levelground,slow,88.0,0.119543,0.041735,0.018734,0.004308,-0.009763,0.008687,1.319731,0.176603,19,75
levelground,slow,89.0,0.112957,0.042362,0.01625,0.004421,-0.007229,0.007788,1.319731,0.176603,19,75
levelground,slow,90.0,0.107876,0.043467,0.01331,0.004463,-0.004455,0.006494,1.319731,0.176603,19,75
levelground,slow,91.0,0.104185,0.04475,0.010143,0.004398,-0.002261,0.00486,1.319731,0.176603,19,75
levelground,slow,92.0,0.101988,0.045738,0.007056,0.00422,-0.000974,0.003031,1.319731,0.176603,19,75
levelground,slow,93.0,0.101344,0.046637,0.004403,0.003937,-0.000384,0.001667,1.319731,0.176603,19,75
levelground,slow,94.0,0.101885,0.046983,0.002536,0.003562,-0.000299,0.001129,1.319731,0.176603,19,75
levelground,slow,95.0,0.103091,0.047273,0.001746,0.003112,-0.000275,0.000984,1.319731,0.176603,19,75
levelground,slow,96.0,0.103909,0.047122,0.002214,0.002743,-0.000377,0.000964,1.319731,0.176603,19,75
levelground,slow,97.0,0.10298,0.046821,0.003994,0.002989,-0.001312,0.00274,1.319731,0.176603,19,75
levelground,slow,98.0,0.09872,0.04646,0.006966,0.004487,-0.004733,0.006992,1.319731,0.176603,19,75
levelground,slow,99.0,0.089078,0.045957,0.01082,0.007149,-0.012638,0.014043,1.319731,0.176603,19,75
levelground,slow,100.0,0.072235,0.045717,0.014416,0.010661,-0.020368,0.021416,1.319731,0.176603,19,75
rampascent,5.2 deg,0.0,0.111605,0.056331,0.032035,0.024652,-0.033916,0.025555,1.221071,0.102101,7,14
rampascent,5.2 deg,1.0,0.098057,0.05784,0.044886,0.039223,-0.048068,0.041982,1.221071,0.102101,7,14
rampascent,5.2 deg,2.0,0.083398,0.059985,0.056568,0.056191,-0.062854,0.05558,1.221071,0.102101,7,14
rampascent,5.2 deg,3.0,0.068448,0.060648,0.063639,0.074731,-0.059165,0.056136,1.221071,0.102101,7,14
rampascent,5.2 deg,4.0,0.059271,0.060925,0.062561,0.093901,-0.033739,0.036966,1.221071,0.102101,7,14
rampascent,5.2 deg,5.0,0.055036,0.0601,0.051704,0.113145,-0.010028,0.057775,1.221071,0.102101,7,14
rampascent,5.2 deg,6.0,0.057494,0.058973,0.031659,0.131937,0.001408,0.112361,1.221071,0.102101,7,14
rampascent,5.2 deg,7.0,0.06619,0.057791,0.004461,0.149177,-0.014457,0.174122,1.221071,0.102101,7,14
rampascent,5.2 deg,8.0,0.079843,0.056604,-0.027112,0.163608,-0.054587,0.22607,1.221071,0.102101,7,14
rampascent,5.2 deg,9.0,0.096748,0.05532,-0.06018,0.174501,-0.108389,0.261254,1.221071,0.102101,7,14
rampascent,5.2 deg,10.0,0.115304,0.053929,-0.092669,0.181612,-0.161502,0.279332,1.221071,0.102101,7,14
rampascent,5.2 deg,11.0,0.134253,0.05252,-0.123475,0.185134,-0.205497,0.280949,1.221071,0.102101,7,14
rampascent,5.2 deg,12.0,0.152627,0.051213,-0.152275,0.185531,-0.23713,0.270927,1.221071,0.102101,7,14
rampascent,5.2 deg,13.0,0.170074,0.049987,-0.179343,0.183321,-0.25777,0.255602,1.221071,0.102101,7,14
rampascent,5.2 deg,14.0,0.186573,0.048689,-0.205302,0.178844,-0.271886,0.237154,1.221071,0.102101,7,14
rampascent,5.2 deg,15.0,0.201546,0.048102,-0.230667,0.172596,-0.27925,0.218346,1.221071,0.102101,7,14
rampascent,5.2 deg,16.0,0.216351,0.046434,-0.255736,0.165212,-0.282013,0.195402,1.221071,0.102101,7,14
rampascent,5.2 deg,17.0,0.229157,0.04589,-0.280681,0.157536,-0.281585,0.173423,1.221071,0.102101,7,14
rampascent,5.2 deg,18.0,0.241356,0.044992,-0.305401,0.150551,-0.281686,0.152891,1.221071,0.102101,7,14
rampascent,5.2 deg,19.0,0.252522,0.044105,-0.329779,0.145139,-0.277054,0.134803,1.221071,0.102101,7,14
rampascent,5.2 deg,20.0,0.262711,0.043065,-0.353755,0.141813,-0.269232,0.11819,1.221071,0.102101,7,14
rampascent,5.2 deg,21.0,0.271909,0.042108,-0.377352,0.140663,-0.263827,0.104835,1.221071,0.102101,7,14
rampascent,5.2 deg,22.0,0.28057,0.040883,-0.400736,0.14126,-0.265368,0.091497,1.221071,0.102101,7,14
rampascent,5.2 deg,23.0,0.288941,0.03929,-0.424315,0.142877,-0.268975,0.08176,1.221071,0.102101,7,14
rampascent,5.2 deg,24.0,0.296947,0.037849,-0.448576,0.144594,-0.277349,0.07715,1.221071,0.102101,7,14
rampascent,5.2 deg,25.0,0.30503,0.036185,-0.474058,0.145603,-0.29675,0.085772,1.221071,0.102101,7,14
rampascent,5.2 deg,26.0,0.313325,0.034523,-0.501267,0.145416,-0.317593,0.108714,1.221071,0.102101,7,14
rampascent,5.2 deg,27.0,0.321644,0.033215,-0.530685,0.144001,-0.332503,0.124454,1.221071,0.102101,7,14
rampascent,5.2 deg,28.0,0.329752,0.031952,-0.562662,0.141542,-0.343619,0.134769,1.221071,0.102101,7,14
rampascent,5.2 deg,29.0,0.337659,0.030011,-0.597529,0.138359,-0.350219,0.151525,1.221071,0.102101,7,14
rampascent,5.2 deg,30.0,0.345106,0.027793,-0.635594,0.134693,-0.363113,0.186892,1.221071,0.102101,7,14
rampascent,5.2 deg,31.0,0.352496,0.024462,-0.6772,0.130537,-0.389698,0.230779,1.221071,0.102101,7,14
rampascent,5.2 deg,32.0,0.359929,0.021452,-0.722766,0.125767,-0.428641,0.259282,1.221071,0.102101,7,14
rampascent,5.2 deg,33.0,0.367665,0.018819,-0.772685,0.120581,-0.480486,0.275754,1.221071,0.102101,7,14
rampascent,5.2 deg,34.0,0.375771,0.017723,-0.827498,0.115491,-0.536396,0.269778,1.221071,0.102101,7,14
rampascent,5.2 deg,35.0,0.384156,0.018249,-0.887619,0.111909,-0.591424,0.27289,1.221071,0.102101,7,14
rampascent,5.2 deg,36.0,0.39265,0.01979,-0.953153,0.111709,-0.641517,0.282079,1.221071,0.102101,7,14
rampascent,5.2 deg,37.0,0.401093,0.02233,-1.023953,0.116828,-0.687868,0.30786,1.221071,0.102101,7,14
rampascent,5.2 deg,38.0,0.409371,0.02508,-1.099264,0.128032,-0.723359,0.336095,1.221071,0.102101,7,14
rampascent,5.2 deg,39.0,0.417292,0.027869,-1.177802,0.144542,-0.736497,0.347737,1.221071,0.102101,7,14
rampascent,5.2 deg,40.0,0.4246,0.030283,-1.257921,0.164753,-0.704597,0.359612,1.221071,0.102101,7,14
rampascent,5.2 deg,41.0,0.430735,0.032358,-1.337646,0.186883,-0.63919,0.356789,1.221071,0.102101,7,14
rampascent,5.2 deg,42.0,0.435891,0.033676,-1.414719,0.209607,-0.509305,0.350036,1.221071,0.102101,7,14
rampascent,5.2 deg,43.0,0.439077,0.03419,-1.486537,0.232226,-0.311202,0.358418,1.221071,0.102101,7,14
rampascent,5.2 deg,44.0,0.440591,0.033919,-1.550159,0.254513,-0.039743,0.403101,1.221071,0.102101,7,14
rampascent,5.2 deg,45.0,0.439339,0.033041,-1.602127,0.276076,0.334489,0.499205,1.221071,0.102101,7,14
rampascent,5.2 deg,46.0,0.435148,0.031569,-1.638798,0.296859,0.745823,0.611602,1.221071,0.102101,7,14
rampascent,5.2 deg,47.0,0.428072,0.030027,-1.656345,0.316236,1.222067,0.695623,1.221071,0.102101,7,14
rampascent,5.2 deg,48.0,0.417026,0.028575,-1.650745,0.333541,1.811797,0.726386,1.221071,0.102101,7,14
rampascent,5.2 deg,49.0,0.400824,0.02761,-1.617894,0.348161,2.38858,0.805096,1.221071,0.102101,7,14
rampascent,5.2 deg,50.0,0.380406,0.027523,-1.554796,0.359469,2.922658,0.903613,1.221071,0.102101,7,14
rampascent,5.2 deg,51.0,0.354422,0.028602,-1.45864,0.365894,3.395323,1.019784,1.221071,0.102101,7,14
rampascent,5.2 deg,52.0,0.32309,0.0311,-1.330278,0.366621,3.77128,1.124237,1.221071,0.102101,7,14
rampascent,5.2 deg,53.0,0.284529,0.0351,-1.172534,0.359712,3.942179,1.265556,1.221071,0.102101,7,14
rampascent,5.2 deg,54.0,0.24042,0.039596,-0.99237,0.343109,3.810275,1.443145,1.221071,0.102101,7,14
rampascent,5.2 deg,55.0,0.191173,0.043863,-0.799869,0.3155,3.42686,1.548087,1.221071,0.102101,7,14
rampascent,5.2 deg,56.0,0.137667,0.046936,-0.607327,0.276712,2.817463,1.546432,1.221071,0.102101,7,14
rampascent,5.2 deg,57.0,0.082218,0.047676,-0.427516,0.228955,2.063836,1.387625,1.221071,0.102101,7,14
rampascent,5.2 deg,58.0,0.028082,0.04517,-0.271523,0.176118,1.303182,1.070924,1.221071,0.102101,7,14
rampascent,5.2 deg,59.0,-0.020716,0.039701,-0.147084,0.123822,0.674105,0.678283,1.221071,0.102101,7,14
rampascent,5.2 deg,60.0,-0.060476,0.032646,-0.056717,0.077144,0.258187,0.326383,1.221071,0.102101,7,14
rampascent,5.2 deg,61.0,-0.088459,0.028211,0.002225,0.039433,0.049755,0.090564,1.221071,0.102101,7,14
rampascent,5.2 deg,62.0,-0.102776,0.03136,0.034515,0.013532,-0.005815,0.044004,1.221071,0.102101,7,14
rampascent,5.2 deg,63.0,-0.104315,0.039395,0.047777,0.008198,0.014526,0.053859,1.221071,0.102101,7,14
rampascent,5.2 deg,64.0,-0.094506,0.046728,0.048834,0.014891,0.052063,0.032188,1.221071,0.102101,7,14
rampascent,5.2 deg,65.0,-0.076195,0.050542,0.043376,0.017083,0.076808,0.031842,1.221071,0.102101,7,14
rampascent,5.2 deg,66.0,-0.051186,0.050152,0.03547,0.015923,0.081334,0.043833,1.221071,0.102101,7,14
rampascent,5.2 deg,67.0,-0.022887,0.046556,0.027541,0.013053,0.070468,0.045305,1.221071,0.102101,7,14
rampascent,5.2 deg,68.0,0.005854,0.041046,0.020837,0.009707,0.055457,0.037383,1.221071,0.102101,7,14
rampascent,5.2 deg,69.0,0.035474,0.035335,0.015812,0.006619,0.040586,0.026731,1.221071,0.102101,7,14
rampascent,5.2 deg,70.0,0.062017,0.03029,0.012486,0.004219,0.02906,0.017413,1.221071,0.102101,7,14
rampascent,5.2 deg,71.0,0.087101,0.027405,0.010626,0.0027,0.021691,0.0111,1.221071,0.102101,7,14
rampascent,5.2 deg,72.0,0.1085,0.02586,0.00992,0.002024,0.01719,0.007487,1.221071,0.102101,7,14
rampascent,5.2 deg,73.0,0.127655,0.026591,0.010072,0.001858,0.014825,0.005887,1.221071,0.102101,7,14
rampascent,5.2 deg,74.0,0.143567,0.027987,0.010807,0.00183,0.013575,0.005392,1.221071,0.102101,7,14
rampascent,5.2 deg,75.0,0.157712,0.030631,0.011915,0.001875,0.012652,0.005179,1.221071,0.102101,7,14
rampascent,5.2 deg,76.0,0.168867,0.031946,0.013241,0.002083,0.011356,0.005175,1.221071,0.102101,7,14
rampascent,5.2 deg,77.0,0.177868,0.032642,0.014672,0.002463,0.010054,0.005839,1.221071,0.102101,7,14
rampascent,5.2 deg,78.0,0.184686,0.032661,0.016134,0.002926,0.00805,0.007311,1.221071,0.102101,7,14
rampascent,5.2 deg,79.0,0.188944,0.032304,0.017568,0.003356,0.005154,0.009252,1.221071,0.102101,7,14
rampascent,5.2 deg,80.0,0.190594,0.032774,0.01892,0.00366,0.001503,0.011089,1.221071,0.102101,7,14
rampascent,5.2 deg,81.0,0.189682,0.034877,0.020123,0.003766,-0.003119,0.01266,1.221071,0.102101,7,14
rampascent,5.2 deg,82.0,0.185626,0.037892,0.021091,0.003634,-0.007727,0.013572,1.221071,0.102101,7,14
rampascent,5.2 deg,83.0,0.179704,0.041975,0.021728,0.003269,-0.01229,0.013798,1.221071,0.102101,7,14
rampascent,5.2 deg,84.0,0.170812,0.045215,0.021928,0.002717,-0.015279,0.013016,1.221071,0.102101,7,14
rampascent,5.2 deg,85.0,0.162,0.048749,0.021607,0.00213,-0.016371,0.011283,1.221071,0.102101,7,14
rampascent,5.2 deg,86.0,0.152092,0.051935,0.020707,0.001779,-0.016314,0.009924,1.221071,0.102101,7,14
rampascent,5.2 deg,87.0,0.142845,0.054946,0.019219,0.001921,-0.014771,0.008884,1.221071,0.102101,7,14
rampascent,5.2 deg,88.0,0.133663,0.05784,0.0172,0.002382,-0.011869,0.007676,1.221071,0.102101,7,14
rampascent,5.2 deg,89.0,0.126569,0.060049,0.014759,0.002829,-0.007592,0.005478,1.221071,0.102101,7,14
rampascent,5.2 deg,90.0,0.121696,0.061493,0.012073,0.003061,-0.004183,0.004593,1.221071,0.102101,7,14
rampascent,5.2 deg,91.0,0.118653,0.062549,0.009355,0.002998,-0.001751,0.003776,1.221071,0.102101,7,14
rampascent,5.2 deg,92.0,0.117578,0.062935,0.006846,0.002653,-0.000239,0.002778,1.221071,0.102101,7,14
rampascent,5.2 deg,93.0,0.118009,0.063061,0.004794,0.002122,0.00021,0.001806,1.221071,0.102101,7,14
rampascent,5.2 deg,94.0,0.118886,0.063126,0.003418,0.001624,0.000211,0.001058,1.221071,0.102101,7,14
rampascent,5.2 deg,95.0,0.120097,0.063161,0.002864,0.001512,0.000139,0.000626,1.221071,0.102101,7,14
rampascent,5.2 deg,96.0,0.120783,0.063154,0.003204,0.001839,-8.8e-05,0.000622,1.221071,0.102101,7,14
rampascent,5.2 deg,97.0,0.120306,0.063164,0.004418,0.002258,-0.001003,0.00117,1.221071,0.102101,7,14
rampascent,5.2 deg,98.0,0.115954,0.063912,0.006392,0.002551,-0.003526,0.002362,1.221071,0.102101,7,14
rampascent,5.2 deg,99.0,0.107006,0.065868,0.008923,0.002652,-0.00877,0.004114,1.221071,0.102101,7,14
rampascent,5.2 deg,100.0,0.091395,0.070013,0.01116,0.002454,-0.013989,0.006004,1.221071,0.102101,7,14
rampascent,7.8 deg,0.0,0.111148,0.054306,0.025071,0.02685,-0.019184,0.039577,1.2395,0.062338,10,18
rampascent,7.8 deg,1.0,0.104903,0.056379,0.023138,0.03944,-0.018045,0.040994,1.2395,0.062338,10,18
rampascent,7.8 deg,2.0,0.10098,0.057206,0.014523,0.054159,-0.013746,0.027536,1.2395,0.062338,10,18
rampascent,7.8 deg,3.0,0.100569,0.056345,-0.002743,0.071025,-0.018576,0.034768,1.2395,0.062338,10,18
rampascent,7.8 deg,4.0,0.104086,0.054633,-0.029741,0.090228,-0.041351,0.0741,1.2395,0.062338,10,18
rampascent,7.8 deg,5.0,0.112029,0.053052,-0.065906,0.111131,-0.088151,0.129667,1.2395,0.062338,10,18
rampascent,7.8 deg,6.0,0.124422,0.052143,-0.109057,0.13237,-0.158065,0.192375,1.2395,0.062338,10,18
rampascent,7.8 deg,7.0,0.140384,0.051758,-0.155857,0.152602,-0.240703,0.248807,1.2395,0.062338,10,18
rampascent,7.8 deg,8.0,0.158713,0.051365,-0.202856,0.171155,-0.320949,0.287265,1.2395,0.062338,10,18
rampascent,7.8 deg,9.0,0.17788,0.050789,-0.247355,0.188068,-0.382849,0.307021,1.2395,0.062338,10,18
rampascent,7.8 deg,10.0,0.196966,0.049606,-0.287825,0.20383,-0.421475,0.309573,1.2395,0.062338,10,18
rampascent,7.8 deg,11.0,0.214995,0.048239,-0.323709,0.218661,-0.434994,0.289392,1.2395,0.062338,10,18
rampascent,7.8 deg,12.0,0.231164,0.047098,-0.354955,0.232396,-0.427272,0.263505,1.2395,0.062338,10,18
rampascent,7.8 deg,13.0,0.246239,0.045177,-0.381937,0.244789,-0.403998,0.240262,1.2395,0.062338,10,18
rampascent,7.8 deg,14.0,0.259906,0.042617,-0.404945,0.255313,-0.372369,0.206319,1.2395,0.062338,10,18
rampascent,7.8 deg,15.0,0.271726,0.040568,-0.424534,0.263723,-0.335083,0.175386,1.2395,0.062338,10,18
rampascent,7.8 deg,16.0,0.282233,0.038126,-0.441308,0.269894,-0.292972,0.151497,1.2395,0.062338,10,18
rampascent,7.8 deg,17.0,0.291289,0.036015,-0.455816,0.273701,-0.2516,0.139224,1.2395,0.062338,10,18
rampascent,7.8 deg,18.0,0.299316,0.033609,-0.468781,0.275368,-0.210311,0.141427,1.2395,0.062338,10,18
rampascent,7.8 deg,19.0,0.306228,0.031403,-0.480747,0.27515,-0.176384,0.14892,1.2395,0.062338,10,18
rampascent,7.8 deg,20.0,0.312136,0.029644,-0.492071,0.273261,-0.150803,0.154782,1.2395,0.062338,10,18
rampascent,7.8 deg,21.0,0.317392,0.028136,-0.503215,0.270079,-0.129814,0.161154,1.2395,0.062338,10,18
rampascent,7.8 deg,22.0,0.322078,0.027077,-0.514641,0.265871,-0.117982,0.164752,1.2395,0.062338,10,18
rampascent,7.8 deg,23.0,0.326504,0.026423,-0.526831,0.260909,-0.119133,0.158672,1.2395,0.062338,10,18
rampascent,7.8 deg,24.0,0.330788,0.026185,-0.540376,0.25546,-0.125114,0.152761,1.2395,0.062338,10,18
rampascent,7.8 deg,25.0,0.335047,0.026452,-0.55584,0.249775,-0.138706,0.145609,1.2395,0.062338,10,18
rampascent,7.8 deg,26.0,0.339643,0.026821,-0.573867,0.24393,-0.161394,0.141972,1.2395,0.062338,10,18
rampascent,7.8 deg,27.0,0.344507,0.027602,-0.595128,0.23783,-0.19401,0.145839,1.2395,0.062338,10,18
rampascent,7.8 deg,28.0,0.349925,0.028691,-0.620265,0.231222,-0.235435,0.152465,1.2395,0.062338,10,18
rampascent,7.8 deg,29.0,0.355723,0.030076,-0.649995,0.223693,-0.283567,0.159885,1.2395,0.062338,10,18
rampascent,7.8 deg,30.0,0.362303,0.031581,-0.685044,0.215063,-0.332353,0.15591,1.2395,0.062338,10,18
rampascent,7.8 deg,31.0,0.369204,0.033398,-0.726163,0.20527,-0.383469,0.147756,1.2395,0.062338,10,18
rampascent,7.8 deg,32.0,0.376691,0.035238,-0.773976,0.194458,-0.443773,0.145269,1.2395,0.062338,10,18
rampascent,7.8 deg,33.0,0.384578,0.037017,-0.829036,0.183129,-0.503827,0.145706,1.2395,0.062338,10,18
rampascent,7.8 deg,34.0,0.392767,0.038826,-0.891635,0.171932,-0.567417,0.15289,1.2395,0.062338,10,18
rampascent,7.8 deg,35.0,0.40123,0.040688,-0.961569,0.161798,-0.628935,0.168992,1.2395,0.062338,10,18
rampascent,7.8 deg,36.0,0.409735,0.042539,-1.038565,0.153798,-0.678665,0.185286,1.2395,0.062338,10,18
rampascent,7.8 deg,37.0,0.418089,0.044444,-1.121414,0.14895,-0.715223,0.203696,1.2395,0.062338,10,18
rampascent,7.8 deg,38.0,0.426143,0.046301,-1.208686,0.14811,-0.74324,0.228974,1.2395,0.062338,10,18
rampascent,7.8 deg,39.0,0.43388,0.047911,-1.29838,0.151511,-0.749467,0.280078,1.2395,0.062338,10,18
rampascent,7.8 deg,40.0,0.440976,0.049485,-1.388027,0.158696,-0.706365,0.337935,1.2395,0.062338,10,18
rampascent,7.8 deg,41.0,0.447011,0.050534,-1.474836,0.168477,-0.597362,0.413568,1.2395,0.062338,10,18
rampascent,7.8 deg,42.0,0.451536,0.051583,-1.555638,0.179567,-0.425791,0.498248,1.2395,0.062338,10,18
rampascent,7.8 deg,43.0,0.454315,0.052118,-1.627081,0.190702,-0.184059,0.58506,1.2395,0.062338,10,18
rampascent,7.8 deg,44.0,0.454818,0.05263,-1.685774,0.201246,0.136766,0.672445,1.2395,0.062338,10,18
rampascent,7.8 deg,45.0,0.45268,0.053326,-1.728367,0.21072,0.505738,0.726151,1.2395,0.062338,10,18
rampascent,7.8 deg,46.0,0.447864,0.053986,-1.751181,0.218795,0.96678,0.752498,1.2395,0.062338,10,18
rampascent,7.8 deg,47.0,0.439154,0.054611,-1.7504,0.224881,1.533412,0.760253,1.2395,0.062338,10,18
rampascent,7.8 deg,48.0,0.426069,0.054964,-1.722576,0.22885,2.12405,0.77304,1.2395,0.062338,10,18
rampascent,7.8 deg,49.0,0.408327,0.055362,-1.664072,0.23033,2.703567,0.783111,1.2395,0.062338,10,18
rampascent,7.8 deg,50.0,0.385315,0.055228,-1.57277,0.229928,3.211767,0.819971,1.2395,0.062338,10,18
rampascent,7.8 deg,51.0,0.357062,0.055081,-1.448141,0.227365,3.621136,0.828646,1.2395,0.062338,10,18
rampascent,7.8 deg,52.0,0.322444,0.053964,-1.292979,0.223505,3.864634,0.825539,1.2395,0.062338,10,18
rampascent,7.8 deg,53.0,0.281789,0.05239,-1.112917,0.217711,3.84662,0.878528,1.2395,0.062338,10,18
rampascent,7.8 deg,54.0,0.235628,0.050426,-0.917048,0.208864,3.59556,0.914698,1.2395,0.062338,10,18
rampascent,7.8 deg,55.0,0.183565,0.047952,-0.716871,0.19539,3.11002,0.934429,1.2395,0.062338,10,18
rampascent,7.8 deg,56.0,0.12748,0.045485,-0.525332,0.175775,2.43062,0.923455,1.2395,0.062338,10,18
rampascent,7.8 deg,57.0,0.069603,0.043147,-0.354192,0.150521,1.683822,0.834308,1.2395,0.062338,10,18
rampascent,7.8 deg,58.0,0.013388,0.041197,-0.212692,0.121767,1.00307,0.679477,1.2395,0.062338,10,18
rampascent,7.8 deg,59.0,-0.037117,0.041357,-0.105337,0.092516,0.49394,0.496352,1.2395,0.062338,10,18
rampascent,7.8 deg,60.0,-0.078575,0.047013,-0.031248,0.065599,0.186397,0.316541,1.2395,0.062338,10,18
rampascent,7.8 deg,61.0,-0.108856,0.059727,0.014117,0.042812,0.044075,0.165158,1.2395,0.062338,10,18
rampascent,7.8 deg,62.0,-0.126895,0.077039,0.037154,0.02504,0.003863,0.080627,1.2395,0.062338,10,18
rampascent,7.8 deg,63.0,-0.133008,0.094794,0.045033,0.012855,0.011171,0.065223,1.2395,0.062338,10,18
rampascent,7.8 deg,64.0,-0.128225,0.109297,0.04388,0.006912,0.031521,0.051495,1.2395,0.062338,10,18
rampascent,7.8 deg,65.0,-0.114342,0.117677,0.038348,0.007066,0.048725,0.024604,1.2395,0.062338,10,18
rampascent,7.8 deg,66.0,-0.093518,0.118921,0.031448,0.008117,0.057109,0.018475,1.2395,0.062338,10,18
rampascent,7.8 deg,67.0,-0.068003,0.113909,0.024928,0.008203,0.056704,0.032398,1.2395,0.062338,10,18
rampascent,7.8 deg,68.0,-0.039787,0.104706,0.019609,0.007438,0.050475,0.036742,1.2395,0.062338,10,18
rampascent,7.8 deg,69.0,-0.010644,0.093783,0.015708,0.006198,0.041802,0.032737,1.2395,0.062338,10,18
rampascent,7.8 deg,70.0,0.01801,0.08322,0.013142,0.004827,0.033417,0.025198,1.2395,0.062338,10,18
rampascent,7.8 deg,71.0,0.045031,0.074323,0.01172,0.003607,0.026781,0.017882,1.2395,0.062338,10,18
rampascent,7.8 deg,72.0,0.069784,0.067525,0.01118,0.002781,0.02224,0.012616,1.2395,0.062338,10,18
rampascent,7.8 deg,73.0,0.092213,0.062235,0.011302,0.002473,0.019021,0.009337,1.2395,0.062338,10,18
rampascent,7.8 deg,74.0,0.111381,0.058811,0.011887,0.002556,0.016401,0.00726,1.2395,0.062338,10,18
rampascent,7.8 deg,75.0,0.12733,0.056601,0.012775,0.002757,0.014448,0.005851,1.2395,0.062338,10,18
rampascent,7.8 deg,76.0,0.140685,0.05467,0.013845,0.002925,0.012524,0.004919,1.2395,0.062338,10,18
rampascent,7.8 deg,77.0,0.151055,0.052856,0.015006,0.003024,0.010183,0.004462,1.2395,0.062338,10,18
rampascent,7.8 deg,78.0,0.158483,0.051273,0.016192,0.00306,0.007325,0.004413,1.2395,0.062338,10,18
rampascent,7.8 deg,79.0,0.162904,0.050108,0.017352,0.003059,0.004186,0.00492,1.2395,0.062338,10,18
rampascent,7.8 deg,80.0,0.164789,0.049396,0.018434,0.003032,0.000719,0.005805,1.2395,0.062338,10,18
rampascent,7.8 deg,81.0,0.163904,0.049598,0.019383,0.002999,-0.003395,0.006821,1.2395,0.062338,10,18
rampascent,7.8 deg,82.0,0.160271,0.050777,0.020123,0.002973,-0.007593,0.007613,1.2395,0.062338,10,18
rampascent,7.8 deg,83.0,0.154259,0.052739,0.020576,0.00298,-0.011477,0.008046,1.2395,0.062338,10,18
rampascent,7.8 deg,84.0,0.146108,0.055356,0.020651,0.003035,-0.014651,0.008128,1.2395,0.062338,10,18
rampascent,7.8 deg,85.0,0.136432,0.057857,0.020262,0.003129,-0.016438,0.008012,1.2395,0.062338,10,18
rampascent,7.8 deg,86.0,0.125947,0.060164,0.019355,0.003233,-0.016898,0.00814,1.2395,0.062338,10,18
rampascent,7.8 deg,87.0,0.114902,0.062204,0.017905,0.003295,-0.015869,0.00833,1.2395,0.062338,10,18
rampascent,7.8 deg,88.0,0.104216,0.063751,0.015941,0.003286,-0.013408,0.008206,1.2395,0.062338,10,18
rampascent,7.8 deg,89.0,0.094332,0.064896,0.013551,0.003184,-0.010164,0.007501,1.2395,0.062338,10,18
rampascent,7.8 deg,90.0,0.085905,0.065659,0.010882,0.003011,-0.006746,0.006101,1.2395,0.062338,10,18
rampascent,7.8 deg,91.0,0.079304,0.066188,0.008146,0.002815,-0.003649,0.004379,1.2395,0.062338,10,18
rampascent,7.8 deg,92.0,0.075379,0.066158,0.005601,0.00265,-0.001643,0.002501,1.2395,0.062338,10,18
rampascent,7.8 deg,93.0,0.073463,0.06569,0.003521,0.002542,-0.000742,0.001196,1.2395,0.062338,10,18
rampascent,7.8 deg,94.0,0.073251,0.064824,0.002172,0.002443,-0.000416,0.000881,1.2395,0.062338,10,18
rampascent,7.8 deg,95.0,0.073486,0.06344,0.001745,0.002299,-0.000319,0.000843,1.2395,0.062338,10,18
rampascent,7.8 deg,96.0,0.07262,0.061847,0.002353,0.002087,-0.00057,0.001276,1.2395,0.062338,10,18
rampascent,7.8 deg,97.0,0.068877,0.060186,0.003972,0.00187,-0.00217,0.002356,1.2395,0.062338,10,18
rampascent,7.8 deg,98.0,0.059987,0.058611,0.006466,0.001798,-0.006739,0.004331,1.2395,0.062338,10,18
rampascent,7.8 deg,99.0,0.044448,0.057808,0.009581,0.001979,-0.01504,0.007497,1.2395,0.062338,10,18
rampascent,7.8 deg,100.0,0.022702,0.058443,0.012342,0.002032,-0.022661,0.010849,1.2395,0.062338,10,18
rampascent,9.2 deg,0.0,0.130524,0.062333,0.023837,0.046876,0.001192,0.012496,1.288125,0.053827,4,6
rampascent,9.2 deg,1.0,0.132729,0.064562,0.024185,0.074463,-0.001967,0.032237,1.288125,0.053827,4,6
rampascent,9.2 deg,2.0,0.137812,0.068117,0.01876,0.105619,-0.014654,0.086494,1.288125,0.053827,4,6
rampascent,9.2 deg,3.0,0.146478,0.072961,0.005564,0.138686,-0.040753,0.165622,1.288125,0.053827,4,6
rampascent,9.2 deg,4.0,0.157966,0.079563,-0.016317,0.173049,-0.08152,0.256741,1.288125,0.053827,4,6
rampascent,9.2 deg,5.0,0.17279,0.086414,-0.046392,0.207835,-0.131984,0.349378,1.288125,0.053827,4,6
rampascent,9.2 deg,6.0,0.190448,0.092275,-0.083268,0.241813,-0.192467,0.433305,1.288125,0.053827,4,6
rampascent,9.2 deg,7.0,0.210581,0.096254,-0.124073,0.273009,-0.257692,0.500716,1.288125,0.053827,4,6
rampascent,9.2 deg,8.0,0.232009,0.098249,-0.166012,0.299482,-0.314665,0.535977,1.288125,0.053827,4,6
rampascent,9.2 deg,9.0,0.253272,0.098672,-0.207102,0.320728,-0.359408,0.544495,1.288125,0.053827,4,6
rampascent,9.2 deg,10.0,0.273804,0.097892,-0.24655,0.337444,-0.391298,0.527037,1.288125,0.053827,4,6
rampascent,9.2 deg,11.0,0.291897,0.097729,-0.283886,0.350042,-0.40352,0.492092,1.288125,0.053827,4,6
rampascent,9.2 deg,12.0,0.308579,0.09673,-0.319048,0.359188,-0.397121,0.458133,1.288125,0.053827,4,6
rampascent,9.2 deg,13.0,0.324156,0.094424,-0.351878,0.365203,-0.382539,0.416076,1.288125,0.053827,4,6
rampascent,9.2 deg,14.0,0.337405,0.092761,-0.382042,0.368313,-0.367039,0.367719,1.288125,0.053827,4,6
rampascent,9.2 deg,15.0,0.348238,0.092363,-0.409165,0.36894,-0.341329,0.337011,1.288125,0.053827,4,6
rampascent,9.2 deg,16.0,0.359635,0.088921,-0.432738,0.367366,-0.312096,0.306794,1.288125,0.053827,4,6
rampascent,9.2 deg,17.0,0.368674,0.08712,-0.452589,0.364147,-0.284186,0.272144,1.288125,0.053827,4,6
rampascent,9.2 deg,18.0,0.376672,0.085059,-0.468741,0.359732,-0.2511,0.243311,1.288125,0.053827,4,6
rampascent,9.2 deg,19.0,0.383634,0.082984,-0.48118,0.354286,-0.21825,0.216327,1.288125,0.053827,4,6
rampascent,9.2 deg,20.0,0.389823,0.080747,-0.490314,0.347986,-0.188454,0.196985,1.288125,0.053827,4,6
rampascent,9.2 deg,21.0,0.395415,0.078289,-0.496719,0.340874,-0.16048,0.185615,1.288125,0.053827,4,6
rampascent,9.2 deg,22.0,0.40045,0.075673,-0.50141,0.333017,-0.135672,0.180394,1.288125,0.053827,4,6
rampascent,9.2 deg,23.0,0.40508,0.072889,-0.505837,0.324607,-0.118628,0.181897,1.288125,0.053827,4,6
rampascent,9.2 deg,24.0,0.409565,0.069946,-0.511556,0.315563,-0.110034,0.184941,1.288125,0.053827,4,6
rampascent,9.2 deg,25.0,0.413801,0.067198,-0.520118,0.305987,-0.109573,0.188982,1.288125,0.053827,4,6
rampascent,9.2 deg,26.0,0.418195,0.064251,-0.53289,0.295739,-0.117229,0.191176,1.288125,0.053827,4,6
rampascent,9.2 deg,27.0,0.422683,0.061327,-0.55077,0.284687,-0.134354,0.192387,1.288125,0.053827,4,6
rampascent,9.2 deg,28.0,0.427509,0.058453,-0.574345,0.272928,-0.163573,0.198468,1.288125,0.053827,4,6
rampascent,9.2 deg,29.0,0.432868,0.05569,-0.603909,0.260617,-0.211117,0.215391,1.288125,0.053827,4,6
rampascent,9.2 deg,30.0,0.439085,0.053052,-0.639382,0.248395,-0.25735,0.238995,1.288125,0.053827,4,6
rampascent,9.2 deg,31.0,0.445223,0.051808,-0.680785,0.237418,-0.302409,0.266321,1.288125,0.053827,4,6
rampascent,9.2 deg,32.0,0.452038,0.050492,-0.727978,0.228936,-0.352541,0.292466,1.288125,0.053827,4,6
rampascent,9.2 deg,33.0,0.45895,0.050055,-0.781077,0.224075,-0.403167,0.318247,1.288125,0.053827,4,6
rampascent,9.2 deg,34.0,0.466264,0.05005,-0.839974,0.22338,-0.446245,0.339351,1.288125,0.053827,4,6
rampascent,9.2 deg,35.0,0.473167,0.051051,-0.904506,0.226671,-0.475431,0.336543,1.288125,0.053827,4,6
rampascent,9.2 deg,36.0,0.480208,0.051507,-0.974334,0.233401,-0.500734,0.311588,1.288125,0.053827,4,6
rampascent,9.2 deg,37.0,0.486849,0.05201,-1.048949,0.243158,-0.500589,0.279376,1.288125,0.053827,4,6
rampascent,9.2 deg,38.0,0.492871,0.052416,-1.127558,0.256013,-0.51482,0.243244,1.288125,0.053827,4,6
rampascent,9.2 deg,39.0,0.499082,0.05194,-1.208783,0.272191,-0.510955,0.212472,1.288125,0.053827,4,6
rampascent,9.2 deg,40.0,0.504288,0.051487,-1.29094,0.292059,-0.476926,0.197462,1.288125,0.053827,4,6
rampascent,9.2 deg,41.0,0.509034,0.050513,-1.372009,0.315568,-0.411509,0.184206,1.288125,0.053827,4,6
rampascent,9.2 deg,42.0,0.512418,0.049991,-1.449518,0.341787,-0.242984,0.122167,1.288125,0.053827,4,6
rampascent,9.2 deg,43.0,0.513691,0.049105,-1.520599,0.36852,-0.039273,0.208238,1.288125,0.053827,4,6
rampascent,9.2 deg,44.0,0.513687,0.047271,-1.582288,0.392568,0.223707,0.351495,1.288125,0.053827,4,6
rampascent,9.2 deg,45.0,0.510891,0.045286,-1.632236,0.410094,0.565963,0.496375,1.288125,0.053827,4,6
rampascent,9.2 deg,46.0,0.505737,0.042747,-1.668341,0.415583,0.987395,0.653168,1.288125,0.053827,4,6
rampascent,9.2 deg,47.0,0.496647,0.039802,-1.690759,0.404934,1.49052,0.84232,1.288125,0.053827,4,6
rampascent,9.2 deg,48.0,0.48403,0.03621,-1.699586,0.374224,1.990171,1.097421,1.288125,0.053827,4,6
rampascent,9.2 deg,49.0,0.467802,0.031921,-1.694285,0.327629,2.553845,1.287679,1.288125,0.053827,4,6
rampascent,9.2 deg,50.0,0.446455,0.027092,-1.670891,0.28695,3.130292,1.405282,1.288125,0.053827,4,6
rampascent,9.2 deg,51.0,0.420541,0.023262,-1.620011,0.282997,3.712742,1.417984,1.288125,0.053827,4,6
rampascent,9.2 deg,52.0,0.388085,0.021154,-1.53875,0.330272,4.094008,1.390019,1.288125,0.053827,4,6
rampascent,9.2 deg,53.0,0.351855,0.02284,-1.431323,0.418936,4.363891,1.429774,1.288125,0.053827,4,6
rampascent,9.2 deg,54.0,0.308483,0.027453,-1.305307,0.535519,4.663225,2.053187,1.288125,0.053827,4,6
rampascent,9.2 deg,55.0,0.259554,0.034033,-1.168516,0.664988,4.633886,2.69498,1.288125,0.053827,4,6
rampascent,9.2 deg,56.0,0.206309,0.041531,-1.029358,0.792963,4.402514,3.377851,1.288125,0.053827,4,6
rampascent,9.2 deg,57.0,0.148922,0.049074,-0.89704,0.908368,4.115706,4.233356,1.288125,0.053827,4,6
rampascent,9.2 deg,58.0,0.089409,0.056422,-0.779369,1.001389,3.716886,4.923002,1.288125,0.053827,4,6
rampascent,9.2 deg,59.0,0.031209,0.063256,-0.682264,1.066245,3.267275,5.294066,1.288125,0.053827,4,6
rampascent,9.2 deg,60.0,-0.022025,0.070186,-0.60651,1.102232,2.80591,5.236184,1.288125,0.053827,4,6
rampascent,9.2 deg,61.0,-0.06596,0.077877,-0.550513,1.109982,2.360644,4.753813,1.288125,0.053827,4,6
rampascent,9.2 deg,62.0,-0.096885,0.086744,-0.509922,1.093931,1.852827,3.803527,1.288125,0.053827,4,6
rampascent,9.2 deg,63.0,-0.111777,0.096526,-0.480274,1.059394,1.207485,2.410376,1.288125,0.053827,4,6
rampascent,9.2 deg,64.0,-0.109977,0.10511,-0.45647,1.01145,0.469643,0.821867,1.288125,0.053827,4,6
rampascent,9.2 deg,65.0,-0.093809,0.110497,-0.434483,0.954477,-0.2038,0.577074,1.288125,0.053827,4,6
rampascent,9.2 deg,66.0,-0.067969,0.112227,-0.411773,0.891712,-0.670678,1.504723,1.288125,0.053827,4,6
rampascent,9.2 deg,67.0,-0.037106,0.110878,-0.386941,0.825296,-0.915928,1.961438,1.288125,0.053827,4,6
rampascent,9.2 deg,68.0,-0.004508,0.107588,-0.359554,0.756686,-0.980513,2.053916,1.288125,0.053827,4,6
rampascent,9.2 deg,69.0,0.027542,0.10351,-0.329825,0.687094,-0.913246,1.890372,1.288125,0.053827,4,6
rampascent,9.2 deg,70.0,0.057856,0.099355,-0.298312,0.617531,-0.773944,1.592445,1.288125,0.053827,4,6
rampascent,9.2 deg,71.0,0.085522,0.095814,-0.265508,0.548431,-0.610644,1.25426,1.288125,0.053827,4,6
rampascent,9.2 deg,72.0,0.110088,0.092586,-0.231792,0.479871,-0.466591,0.959642,1.288125,0.053827,4,6
rampascent,9.2 deg,73.0,0.130557,0.090436,-0.19739,0.41161,-0.344279,0.711382,1.288125,0.053827,4,6
rampascent,9.2 deg,74.0,0.149226,0.086338,-0.162418,0.343287,-0.240467,0.500921,1.288125,0.053827,4,6
rampascent,9.2 deg,75.0,0.161916,0.085247,-0.126929,0.274542,-0.152559,0.322157,1.288125,0.053827,4,6
rampascent,9.2 deg,76.0,0.17314,0.082287,-0.090888,0.204978,-0.084182,0.182295,1.288125,0.053827,4,6
rampascent,9.2 deg,77.0,0.181076,0.079753,-0.054236,0.134268,-0.030161,0.070695,1.288125,0.053827,4,6
rampascent,9.2 deg,78.0,0.18583,0.077891,-0.016832,0.062039,-0.002746,0.012158,1.288125,0.053827,4,6
rampascent,9.2 deg,79.0,0.187906,0.076208,0.021517,0.01227,0.001004,0.003258,1.288125,0.053827,4,6
rampascent,9.2 deg,80.0,0.187696,0.074285,0.060987,0.088699,-0.011668,0.019705,1.288125,0.053827,4,6
rampascent,9.2 deg,81.0,0.1846,0.072567,0.101612,0.167634,-0.045385,0.079246,1.288125,0.053827,4,6
rampascent,9.2 deg,82.0,0.178987,0.070652,0.143287,0.248867,-0.079458,0.138522,1.288125,0.053827,4,6
rampascent,9.2 deg,83.0,0.170693,0.068821,0.185744,0.332023,-0.119608,0.209475,1.288125,0.053827,4,6
rampascent,9.2 deg,84.0,0.159833,0.067329,0.228593,0.416507,-0.179705,0.321103,1.288125,0.053827,4,6
rampascent,9.2 deg,85.0,0.147564,0.065224,0.271514,0.501919,-0.227937,0.410988,1.288125,0.053827,4,6
rampascent,9.2 deg,86.0,0.133486,0.06378,0.314322,0.588116,-0.231093,0.414195,1.288125,0.053827,4,6
rampascent,9.2 deg,87.0,0.119415,0.061871,0.356912,0.675004,-0.189424,0.33188,1.288125,0.053827,4,6
rampascent,9.2 deg,88.0,0.106181,0.05939,0.398936,0.761967,-0.084148,0.126086,1.288125,0.053827,4,6
rampascent,9.2 deg,89.0,0.094795,0.056355,0.439654,0.847382,0.00519,0.045032,1.288125,0.053827,4,6
rampascent,9.2 deg,90.0,0.084929,0.054073,0.477643,0.928151,0.124606,0.275034,1.288125,0.053827,4,6
rampascent,9.2 deg,91.0,0.077595,0.051751,0.511238,1.000541,0.277596,0.573033,1.288125,0.053827,4,6
rampascent,9.2 deg,92.0,0.072016,0.050014,0.539139,1.061438,0.226986,0.464945,1.288125,0.053827,4,6
rampascent,9.2 deg,93.0,0.068258,0.049149,0.560727,1.10904,0.318509,0.643209,1.288125,0.053827,4,6
rampascent,9.2 deg,94.0,0.06697,0.048292,0.576255,1.143322,0.311563,0.626976,1.288125,0.053827,4,6
rampascent,9.2 deg,95.0,0.065243,0.047794,0.587301,1.167039,0.219928,0.442753,1.288125,0.053827,4,6
rampascent,9.2 deg,96.0,0.063689,0.047572,0.595695,1.183515,0.10914,0.221415,1.288125,0.053827,4,6
rampascent,9.2 deg,97.0,0.060507,0.047809,0.60295,1.195801,-0.118481,0.231318,1.288125,0.053827,4,6
rampascent,9.2 deg,98.0,0.052882,0.048928,0.609791,1.205481,-0.416532,0.820329,1.288125,0.053827,4,6
rampascent,9.2 deg,99.0,0.03914,0.051162,0.615477,1.211487,-0.813231,1.599718,1.288125,0.053827,4,6
rampascent,9.2 deg,100.0,0.01769,0.054128,0.6174,1.210628,-0.931935,1.824567,1.288125,0.053827,4,6
rampdescent,5.2 deg,0.0,-0.001487,0.078133,0.108671,0.079999,-0.235575,0.18387,1.186698,0.104779,19,68
rampdescent,5.2 deg,1.0,-0.022081,0.069804,0.125784,0.094094,-0.250708,0.218882,1.186698,0.104779,19,68
rampdescent,5.2 deg,2.0,-0.038206,0.058799,0.131822,0.109758,-0.206222,0.240307,1.186698,0.104779,19,68
rampdescent,5.2 deg,3.0,-0.048238,0.047356,0.123887,0.128522,-0.135503,0.231754,1.186698,0.104779,19,68
rampdescent,5.2 deg,4.0,-0.049774,0.042016,0.10183,0.149752,-0.066117,0.225206,1.186698,0.104779,19,68
rampdescent,5.2 deg,5.0,-0.043491,0.042905,0.067624,0.172039,-0.0259,0.262451,1.186698,0.104779,19,68
rampdescent,5.2 deg,6.0,-0.029542,0.04751,0.024412,0.194093,-0.032235,0.347185,1.186698,0.104779,19,68
rampdescent,5.2 deg,7.0,-0.00972,0.052283,-0.024757,0.214793,-0.091091,0.442608,1.186698,0.104779,19,68
rampdescent,5.2 deg,8.0,0.013097,0.055716,-0.077174,0.233188,-0.181203,0.509794,1.186698,0.104779,19,68
rampdescent,5.2 deg,9.0,0.036341,0.05822,-0.130651,0.248548,-0.273739,0.538621,1.186698,0.104779,19,68
rampdescent,5.2 deg,10.0,0.059187,0.059339,-0.183508,0.260374,-0.35512,0.536193,1.186698,0.104779,19,68
rampdescent,5.2 deg,11.0,0.080554,0.059923,-0.234459,0.268442,-0.411897,0.506956,1.186698,0.104779,19,68
rampdescent,5.2 deg,12.0,0.099886,0.060129,-0.282613,0.272932,-0.437337,0.456288,1.186698,0.104779,19,68
rampdescent,5.2 deg,13.0,0.11694,0.06004,-0.327379,0.274224,-0.442821,0.400852,1.186698,0.104779,19,68
rampdescent,5.2 deg,14.0,0.132206,0.05944,-0.368423,0.272902,-0.436787,0.350527,1.186698,0.104779,19,68
rampdescent,5.2 deg,15.0,0.14549,0.058924,-0.405585,0.269713,-0.421909,0.304377,1.186698,0.104779,19,68
rampdescent,5.2 deg,16.0,0.157277,0.058401,-0.43876,0.265335,-0.405112,0.268423,1.186698,0.104779,19,68
rampdescent,5.2 deg,17.0,0.167749,0.057996,-0.467952,0.260385,-0.387866,0.245084,1.186698,0.104779,19,68
rampdescent,5.2 deg,18.0,0.177346,0.057381,-0.493316,0.255344,-0.373606,0.231364,1.186698,0.104779,19,68
rampdescent,5.2 deg,19.0,0.186085,0.057138,-0.515133,0.250595,-0.362703,0.227936,1.186698,0.104779,19,68
rampdescent,5.2 deg,20.0,0.194252,0.056841,-0.53377,0.246383,-0.363277,0.234357,1.186698,0.104779,19,68
rampdescent,5.2 deg,21.0,0.202445,0.056535,-0.549668,0.242857,-0.371052,0.242477,1.186698,0.104779,19,68
rampdescent,5.2 deg,22.0,0.210494,0.056364,-0.563296,0.240049,-0.384143,0.256017,1.186698,0.104779,19,68
rampdescent,5.2 deg,23.0,0.218834,0.056352,-0.575171,0.237958,-0.408729,0.27826,1.186698,0.104779,19,68
rampdescent,5.2 deg,24.0,0.227455,0.056654,-0.585916,0.236554,-0.440542,0.299349,1.186698,0.104779,19,68
rampdescent,5.2 deg,25.0,0.236785,0.056978,-0.596222,0.235886,-0.48131,0.317359,1.186698,0.104779,19,68
rampdescent,5.2 deg,26.0,0.246756,0.057679,-0.606823,0.236018,-0.528367,0.339593,1.186698,0.104779,19,68
rampdescent,5.2 deg,27.0,0.257515,0.05855,-0.61838,0.236978,-0.584474,0.366833,1.186698,0.104779,19,68
rampdescent,5.2 deg,28.0,0.269213,0.059689,-0.631388,0.238744,-0.639887,0.384403,1.186698,0.104779,19,68
rampdescent,5.2 deg,29.0,0.281597,0.06108,-0.646193,0.241176,-0.698351,0.39838,1.186698,0.104779,19,68
rampdescent,5.2 deg,30.0,0.294912,0.062668,-0.663086,0.244109,-0.767286,0.417117,1.186698,0.104779,19,68
rampdescent,5.2 deg,31.0,0.309108,0.064327,-0.682281,0.247407,-0.829299,0.432643,1.186698,0.104779,19,68
rampdescent,5.2 deg,32.0,0.323764,0.066423,-0.704053,0.251092,-0.895592,0.443444,1.186698,0.104779,19,68
rampdescent,5.2 deg,33.0,0.339253,0.068419,-0.7288,0.255283,-0.966394,0.451729,1.186698,0.104779,19,68
rampdescent,5.2 deg,34.0,0.35516,0.070603,-0.756978,0.260037,-1.032629,0.461017,1.186698,0.104779,19,68
rampdescent,5.2 deg,35.0,0.371529,0.072615,-0.78899,0.265352,-1.101656,0.46013,1.186698,0.104779,19,68
rampdescent,5.2 deg,36.0,0.388288,0.074298,-0.825093,0.271191,-1.163848,0.461286,1.186698,0.104779,19,68
rampdescent,5.2 deg,37.0,0.405051,0.076013,-0.865274,0.277537,-1.216211,0.457899,1.186698,0.104779,19,68
rampdescent,5.2 deg,38.0,0.421764,0.077333,-0.909181,0.284386,-1.254476,0.450035,1.186698,0.104779,19,68
rampdescent,5.2 deg,39.0,0.438017,0.078725,-0.956106,0.291665,-1.276256,0.437192,1.186698,0.104779,19,68
rampdescent,5.2 deg,40.0,0.453801,0.07958,-1.004964,0.299218,-1.286163,0.41095,1.186698,0.104779,19,68
rampdescent,5.2 deg,41.0,0.468844,0.080181,-1.054392,0.306866,-1.242331,0.405921,1.186698,0.104779,19,68
rampdescent,5.2 deg,42.0,0.482172,0.081053,-1.102735,0.314417,-1.184882,0.393005,1.186698,0.104779,19,68
rampdescent,5.2 deg,43.0,0.494769,0.08093,-1.14804,0.321601,-1.11785,0.375148,1.186698,0.104779,19,68
rampdescent,5.2 deg,44.0,0.505909,0.080212,-1.188147,0.328139,-0.969404,0.390736,1.186698,0.104779,19,68
rampdescent,5.2 deg,45.0,0.514784,0.079638,-1.22071,0.333631,-0.789238,0.368579,1.186698,0.104779,19,68
rampdescent,5.2 deg,46.0,0.521847,0.077861,-1.243174,0.337467,-0.5593,0.383122,1.186698,0.104779,19,68
rampdescent,5.2 deg,47.0,0.526152,0.076176,-1.25306,0.338689,-0.240995,0.468508,1.186698,0.104779,19,68
rampdescent,5.2 deg,48.0,0.527293,0.073928,-1.247855,0.335986,0.188259,0.588449,1.186698,0.104779,19,68
rampdescent,5.2 deg,49.0,0.523457,0.073016,-1.225129,0.327619,0.664131,0.712232,1.186698,0.104779,19,68
rampdescent,5.2 deg,50.0,0.515085,0.072002,-1.183099,0.312183,1.166622,0.87491,1.186698,0.104779,19,68
rampdescent,5.2 deg,51.0,0.500551,0.071926,-1.120834,0.2894,1.720868,0.990413,1.186698,0.104779,19,68
rampdescent,5.2 deg,52.0,0.47866,0.072505,-1.038489,0.262159,2.222922,1.078958,1.186698,0.104779,19,68
rampdescent,5.2 deg,53.0,0.449038,0.073765,-0.937575,0.239814,2.608709,1.124562,1.186698,0.104779,19,68
rampdescent,5.2 deg,54.0,0.411271,0.075501,-0.821369,0.23824,2.84583,1.111609,1.186698,0.104779,19,68
rampdescent,5.2 deg,55.0,0.365086,0.076197,-0.695113,0.2671,2.857582,1.209087,1.186698,0.104779,19,68
rampdescent,5.2 deg,56.0,0.312384,0.076216,-0.566349,0.320817,2.629202,1.494628,1.186698,0.104779,19,68
rampdescent,5.2 deg,57.0,0.25537,0.074613,-0.44392,0.387626,2.207665,1.857264,1.186698,0.104779,19,68
rampdescent,5.2 deg,58.0,0.197942,0.07203,-0.336078,0.457781,1.686547,2.128388,1.186698,0.104779,19,68
rampdescent,5.2 deg,59.0,0.143972,0.069509,-0.248663,0.523262,1.174916,2.206618,1.186698,0.104779,19,68
rampdescent,5.2 deg,60.0,0.098271,0.069157,-0.183912,0.575872,0.758418,2.054937,1.186698,0.104779,19,68
rampdescent,5.2 deg,61.0,0.064057,0.071756,-0.140374,0.609,0.47311,1.710676,1.186698,0.104779,19,68
rampdescent,5.2 deg,62.0,0.04339,0.076806,-0.113952,0.620305,0.301191,1.26919,1.186698,0.104779,19,68
rampdescent,5.2 deg,63.0,0.035418,0.081642,-0.099704,0.611652,0.202079,0.833691,1.186698,0.104779,19,68
rampdescent,5.2 deg,64.0,0.038318,0.084938,-0.092804,0.587346,0.135946,0.46305,1.186698,0.104779,19,68
rampdescent,5.2 deg,65.0,0.04845,0.086108,-0.089294,0.55199,0.084312,0.187447,1.186698,0.104779,19,68
rampdescent,5.2 deg,66.0,0.063187,0.085772,-0.086484,0.509658,0.04379,0.026739,1.186698,0.104779,19,68
rampdescent,5.2 deg,67.0,0.079811,0.084764,-0.082797,0.463492,0.012538,0.10094,1.186698,0.104779,19,68
rampdescent,5.2 deg,68.0,0.096565,0.084169,-0.077545,0.41585,-0.006484,0.143769,1.186698,0.104779,19,68
rampdescent,5.2 deg,69.0,0.112604,0.083679,-0.070658,0.368444,-0.014227,0.145224,1.186698,0.104779,19,68
rampdescent,5.2 deg,70.0,0.127577,0.083329,-0.062416,0.322477,-0.013437,0.119706,1.186698,0.104779,19,68
rampdescent,5.2 deg,71.0,0.140918,0.082646,-0.053234,0.278684,-0.008014,0.082731,1.186698,0.104779,19,68
rampdescent,5.2 deg,72.0,0.152438,0.081461,-0.043554,0.237493,-0.001056,0.045589,1.186698,0.104779,19,68
rampdescent,5.2 deg,73.0,0.16232,0.07957,-0.033793,0.199195,0.005596,0.012428,1.186698,0.104779,19,68
rampdescent,5.2 deg,74.0,0.170141,0.077123,-0.02429,0.163967,0.010341,0.014677,1.186698,0.104779,19,68
rampdescent,5.2 deg,75.0,0.175832,0.074216,-0.015266,0.131778,0.01229,0.02947,1.186698,0.104779,19,68
rampdescent,5.2 deg,76.0,0.179604,0.070989,-0.006841,0.102428,0.011002,0.033015,1.186698,0.104779,19,68
rampdescent,5.2 deg,77.0,0.181237,0.0677,0.000962,0.075559,0.007456,0.028549,1.186698,0.104779,19,68
rampdescent,5.2 deg,78.0,0.181163,0.064261,0.008175,0.050718,0.002702,0.020292,1.186698,0.104779,19,68
rampdescent,5.2 deg,79.0,0.179492,0.060888,0.014877,0.02736,-0.002383,0.012805,1.186698,0.104779,19,68
rampdescent,5.2 deg,80.0,0.176298,0.057556,0.021147,0.005649,-0.006543,0.009909,1.186698,0.104779,19,68
rampdescent,5.2 deg,81.0,0.172053,0.054179,0.027042,0.017969,-0.010049,0.011158,1.186698,0.104779,19,68
rampdescent,5.2 deg,82.0,0.166564,0.051235,0.0326,0.04017,-0.013054,0.013647,1.186698,0.104779,19,68
rampdescent,5.2 deg,83.0,0.16044,0.048776,0.037832,0.063036,-0.016468,0.019794,1.186698,0.104779,19,68
rampdescent,5.2 deg,84.0,0.153701,0.047167,0.042733,0.086791,-0.021737,0.036603,1.186698,0.104779,19,68
rampdescent,5.2 deg,85.0,0.146497,0.046489,0.047293,0.111651,-0.028255,0.065226,1.186698,0.104779,19,68
rampdescent,5.2 deg,86.0,0.139464,0.046105,0.051512,0.137722,-0.03535,0.100272,1.186698,0.104779,19,68
rampdescent,5.2 deg,87.0,0.132437,0.046201,0.055405,0.16495,-0.041755,0.135237,1.186698,0.104779,19,68
rampdescent,5.2 deg,88.0,0.125733,0.047082,0.05902,0.193121,-0.045506,0.161787,1.186698,0.104779,19,68
rampdescent,5.2 deg,89.0,0.119662,0.047505,0.062432,0.221841,-0.045418,0.172778,1.186698,0.104779,19,68
rampdescent,5.2 deg,90.0,0.114684,0.047783,0.06575,0.250554,-0.04243,0.169776,1.186698,0.104779,19,68
rampdescent,5.2 deg,91.0,0.110716,0.048242,0.069093,0.278583,-0.037995,0.15772,1.186698,0.104779,19,68
rampdescent,5.2 deg,92.0,0.107825,0.049143,0.072577,0.305148,-0.029565,0.125224,1.186698,0.104779,19,68
rampdescent,5.2 deg,93.0,0.105364,0.050537,0.076285,0.32943,-0.022424,0.096333,1.186698,0.104779,19,68
rampdescent,5.2 deg,94.0,0.1035,0.051899,0.080232,0.350589,-0.023284,0.100948,1.186698,0.104779,19,68
rampdescent,5.2 deg,95.0,0.101231,0.053293,0.084346,0.367791,-0.034726,0.150574,1.186698,0.104779,19,68
rampdescent,5.2 deg,96.0,0.097457,0.054327,0.088447,0.380266,-0.060784,0.260929,1.186698,0.104779,19,68
rampdescent,5.2 deg,97.0,0.090468,0.054664,0.092285,0.387385,-0.107432,0.45402,1.186698,0.104779,19,68
rampdescent,5.2 deg,98.0,0.078933,0.055169,0.09555,0.388762,-0.172741,0.716008,1.186698,0.104779,19,68
rampdescent,5.2 deg,99.0,0.0616,0.055586,0.097944,0.384332,-0.243687,0.987071,1.186698,0.104779,19,68
rampdescent,5.2 deg,100.0,0.038563,0.055833,0.09885,0.374289,-0.278155,1.100188,1.186698,0.104779,19,68
rampdescent,7.8 deg,0.0,-0.02595,0.081649,0.126427,0.089814,-0.177816,0.205504,1.140595,0.101377,21,57
rampdescent,7.8 deg,1.0,-0.04038,0.072309,0.130913,0.091068,-0.164978,0.241195,1.140595,0.101377,21,57
rampdescent,7.8 deg,2.0,-0.049386,0.060483,0.122802,0.099246,-0.107226,0.271349,1.140595,0.101377,21,57
rampdescent,7.8 deg,3.0,-0.050558,0.048681,0.100721,0.119119,-0.069579,0.260152,1.140595,0.101377,21,57
rampdescent,7.8 deg,4.0,-0.044636,0.040236,0.065464,0.148241,-0.066998,0.228889,1.140595,0.101377,21,57
rampdescent,7.8 deg,5.0,-0.032396,0.038389,0.019403,0.181616,-0.105041,0.239508,1.140595,0.101377,21,57
rampdescent,7.8 deg,6.0,-0.014532,0.042271,-0.034228,0.21494,-0.189481,0.348444,1.140595,0.101377,21,57
rampdescent,7.8 deg,7.0,0.006577,0.048314,-0.092146,0.2456,-0.293804,0.471892,1.140595,0.101377,21,57
rampdescent,7.8 deg,8.0,0.02917,0.054231,-0.151539,0.271761,-0.39628,0.568478,1.140595,0.101377,21,57
rampdescent,7.8 deg,9.0,0.052039,0.058903,-0.210195,0.292289,-0.482592,0.631359,1.140595,0.101377,21,57
rampdescent,7.8 deg,10.0,0.074502,0.061967,-0.266541,0.306721,-0.54412,0.652103,1.140595,0.101377,21,57
rampdescent,7.8 deg,11.0,0.095502,0.063795,-0.319499,0.315334,-0.579582,0.62635,1.140595,0.101377,21,57
rampdescent,7.8 deg,12.0,0.114909,0.064649,-0.368219,0.318762,-0.596334,0.572824,1.140595,0.101377,21,57
rampdescent,7.8 deg,13.0,0.132644,0.064979,-0.4122,0.31798,-0.59197,0.510036,1.140595,0.101377,21,57
rampdescent,7.8 deg,14.0,0.148394,0.064908,-0.450971,0.313921,-0.579557,0.452133,1.140595,0.101377,21,57
rampdescent,7.8 deg,15.0,0.162917,0.064554,-0.484367,0.307404,-0.557502,0.39372,1.140595,0.101377,21,57
rampdescent,7.8 deg,16.0,0.175506,0.06439,-0.512357,0.299017,-0.53132,0.353945,1.140595,0.101377,21,57
rampdescent,7.8 deg,17.0,0.1872,0.064345,-0.535194,0.289267,-0.509767,0.333542,1.140595,0.101377,21,57
rampdescent,7.8 deg,18.0,0.197633,0.064524,-0.553273,0.27865,-0.488727,0.317063,1.140595,0.101377,21,57
rampdescent,7.8 deg,19.0,0.207417,0.064832,-0.567082,0.267822,-0.476633,0.299718,1.140595,0.101377,21,57
rampdescent,7.8 deg,20.0,0.216658,0.065242,-0.57729,0.257548,-0.468104,0.288711,1.140595,0.101377,21,57
rampdescent,7.8 deg,21.0,0.225656,0.065785,-0.584567,0.248485,-0.462667,0.288125,1.140595,0.101377,21,57
rampdescent,7.8 deg,22.0,0.234326,0.066648,-0.589615,0.241003,-0.46026,0.288441,1.140595,0.101377,21,57
rampdescent,7.8 deg,23.0,0.243042,0.067536,-0.593119,0.235127,-0.471569,0.288111,1.140595,0.101377,21,57
rampdescent,7.8 deg,24.0,0.252079,0.068576,-0.595761,0.230738,-0.490468,0.289761,1.140595,0.101377,21,57
rampdescent,7.8 deg,25.0,0.26155,0.069549,-0.598166,0.227688,-0.52148,0.300767,1.140595,0.101377,21,57
rampdescent,7.8 deg,26.0,0.271759,0.070698,-0.601036,0.225812,-0.563948,0.317875,1.140595,0.101377,21,57
rampdescent,7.8 deg,27.0,0.282736,0.071837,-0.605111,0.225036,-0.60948,0.333973,1.140595,0.101377,21,57
rampdescent,7.8 deg,28.0,0.294574,0.072952,-0.611217,0.225234,-0.660249,0.354983,1.140595,0.101377,21,57
rampdescent,7.8 deg,29.0,0.307293,0.073967,-0.620144,0.226287,-0.713409,0.370564,1.140595,0.101377,21,57
rampdescent,7.8 deg,30.0,0.320734,0.074999,-0.632609,0.228034,-0.76489,0.388455,1.140595,0.101377,21,57
rampdescent,7.8 deg,31.0,0.334853,0.076093,-0.649133,0.230368,-0.81989,0.407299,1.140595,0.101377,21,57
rampdescent,7.8 deg,32.0,0.349572,0.077294,-0.670085,0.233164,-0.879619,0.42135,1.140595,0.101377,21,57
rampdescent,7.8 deg,33.0,0.364844,0.078478,-0.695666,0.236442,-0.93994,0.433877,1.140595,0.101377,21,57
rampdescent,7.8 deg,34.0,0.380501,0.079594,-0.725877,0.240211,-1.009382,0.446739,1.140595,0.101377,21,57
rampdescent,7.8 deg,35.0,0.396684,0.0807,-0.760573,0.244691,-1.081744,0.455893,1.140595,0.101377,21,57
rampdescent,7.8 deg,36.0,0.413106,0.08161,-0.799389,0.25013,-1.142395,0.459924,1.140595,0.101377,21,57
rampdescent,7.8 deg,37.0,0.429421,0.082592,-0.841812,0.256602,-1.198382,0.471099,1.140595,0.101377,21,57
rampdescent,7.8 deg,38.0,0.4457,0.083413,-0.887093,0.264081,-1.250126,0.480389,1.140595,0.101377,21,57
rampdescent,7.8 deg,39.0,0.461829,0.083925,-0.934396,0.272067,-1.275944,0.480717,1.140595,0.101377,21,57
rampdescent,7.8 deg,40.0,0.47732,0.084274,-0.982829,0.279873,-1.273032,0.481721,1.140595,0.101377,21,57
rampdescent,7.8 deg,41.0,0.492045,0.084223,-1.031488,0.28642,-1.241402,0.491177,1.140595,0.101377,21,57
rampdescent,7.8 deg,42.0,0.505461,0.08408,-1.079387,0.290703,-1.182171,0.490647,1.140595,0.101377,21,57
rampdescent,7.8 deg,43.0,0.517716,0.083295,-1.12519,0.292729,-1.064054,0.507378,1.140595,0.101377,21,57
rampdescent,7.8 deg,44.0,0.527761,0.082648,-1.166845,0.294674,-0.889801,0.550327,1.140595,0.101377,21,57
rampdescent,7.8 deg,45.0,0.535734,0.081574,-1.201288,0.300615,-0.670915,0.63289,1.140595,0.101377,21,57
rampdescent,7.8 deg,46.0,0.540949,0.080719,-1.224495,0.313416,-0.377675,0.752968,1.140595,0.101377,21,57
rampdescent,7.8 deg,47.0,0.543098,0.079989,-1.2328,0.332338,-0.015144,0.889034,1.140595,0.101377,21,57
rampdescent,7.8 deg,48.0,0.541187,0.079934,-1.223734,0.355302,0.432965,1.027884,1.140595,0.101377,21,57
rampdescent,7.8 deg,49.0,0.534482,0.080959,-1.195826,0.381167,0.939597,1.169383,1.140595,0.101377,21,57
rampdescent,7.8 deg,50.0,0.522039,0.084328,-1.148148,0.40907,1.49338,1.253406,1.140595,0.101377,21,57
rampdescent,7.8 deg,51.0,0.502197,0.090764,-1.079748,0.436897,2.017357,1.375815,1.140595,0.101377,21,57
rampdescent,7.8 deg,52.0,0.475166,0.099415,-0.991497,0.461953,2.434158,1.508038,1.140595,0.101377,21,57
rampdescent,7.8 deg,53.0,0.440221,0.109872,-0.885519,0.481363,2.71065,1.671954,1.140595,0.101377,21,57
rampdescent,7.8 deg,54.0,0.397715,0.120174,-0.765956,0.49196,2.762542,1.855207,1.140595,0.101377,21,57
rampdescent,7.8 deg,55.0,0.349667,0.128905,-0.638634,0.491669,2.586651,1.91105,1.140595,0.101377,21,57
rampdescent,7.8 deg,56.0,0.297819,0.133358,-0.510531,0.479715,2.216527,1.798114,1.140595,0.101377,21,57
rampdescent,7.8 deg,57.0,0.245754,0.132632,-0.38923,0.457918,1.721153,1.52499,1.140595,0.101377,21,57
rampdescent,7.8 deg,58.0,0.19626,0.125975,-0.281305,0.429415,1.200213,1.165386,1.140595,0.101377,21,57
rampdescent,7.8 deg,59.0,0.152259,0.114375,-0.191544,0.397911,0.725021,0.797682,1.140595,0.101377,21,57
rampdescent,7.8 deg,60.0,0.116265,0.100835,-0.12216,0.366025,0.359435,0.493593,1.140595,0.101377,21,57
rampdescent,7.8 deg,61.0,0.08936,0.08983,-0.072783,0.334707,0.122958,0.297689,1.140595,0.101377,21,57
rampdescent,7.8 deg,62.0,0.072536,0.086187,-0.040916,0.303726,0.006069,0.210504,1.140595,0.101377,21,57
rampdescent,7.8 deg,63.0,0.065122,0.090022,-0.022656,0.272494,-0.029948,0.195893,1.140595,0.101377,21,57
rampdescent,7.8 deg,64.0,0.066542,0.096946,-0.0137,0.240536,-0.016062,0.146587,1.140595,0.101377,21,57
rampdescent,7.8 deg,65.0,0.074369,0.102586,-0.010048,0.207947,0.001494,0.115493,1.140595,0.101377,21,57
rampdescent,7.8 deg,66.0,0.086665,0.105326,-0.00866,0.175173,0.011263,0.09629,1.140595,0.101377,21,57
rampdescent,7.8 deg,67.0,0.101009,0.105285,-0.007614,0.142901,0.018705,0.056867,1.140595,0.101377,21,57
rampdescent,7.8 deg,68.0,0.11581,0.103234,-0.005855,0.11169,0.016528,0.044415,1.140595,0.101377,21,57
rampdescent,7.8 deg,69.0,0.130399,0.100145,-0.002996,0.082071,0.01531,0.024983,1.140595,0.101377,21,57
rampdescent,7.8 deg,70.0,0.14389,0.096598,0.000982,0.054195,0.01358,0.011871,1.140595,0.101377,21,57
rampdescent,7.8 deg,71.0,0.155803,0.09283,0.00587,0.028163,0.011039,0.007512,1.140595,0.101377,21,57
rampdescent,7.8 deg,72.0,0.166092,0.088893,0.011437,0.004611,0.009231,0.005957,1.140595,0.101377,21,57
rampdescent,7.8 deg,73.0,0.174714,0.085008,0.017446,0.020243,0.006872,0.007493,1.140595,0.101377,21,57
rampdescent,7.8 deg,74.0,0.181436,0.081241,0.023719,0.042765,0.005017,0.008631,1.140595,0.101377,21,57
rampdescent,7.8 deg,75.0,0.186323,0.077719,0.03013,0.065065,0.003313,0.008806,1.140595,0.101377,21,57
rampdescent,7.8 deg,76.0,0.189228,0.074315,0.036616,0.087527,0.000453,0.010775,1.140595,0.101377,21,57
rampdescent,7.8 deg,77.0,0.190121,0.070935,0.043146,0.110526,-0.000238,0.009909,1.140595,0.101377,21,57
rampdescent,7.8 deg,78.0,0.189,0.067417,0.04971,0.134379,-0.002256,0.013913,1.140595,0.101377,21,57
rampdescent,7.8 deg,79.0,0.186235,0.063762,0.056284,0.159241,-0.005037,0.016669,1.140595,0.101377,21,57
rampdescent,7.8 deg,80.0,0.182008,0.060251,0.06283,0.18517,-0.007701,0.020059,1.140595,0.101377,21,57
rampdescent,7.8 deg,81.0,0.176182,0.057218,0.069267,0.212033,-0.006099,0.038978,1.140595,0.101377,21,57
rampdescent,7.8 deg,82.0,0.169231,0.055067,0.075503,0.239687,-0.018004,0.01742,1.140595,0.101377,21,57
rampdescent,7.8 deg,83.0,0.161101,0.053576,0.08141,0.267851,-0.024412,0.03271,1.140595,0.101377,21,57
rampdescent,7.8 deg,84.0,0.152383,0.053118,0.086855,0.296206,-0.013049,0.03094,1.140595,0.101377,21,57
rampdescent,7.8 deg,85.0,0.143433,0.053335,0.091701,0.324343,-0.016201,0.019376,1.140595,0.101377,21,57
rampdescent,7.8 deg,86.0,0.13408,0.054168,0.095824,0.351787,-0.018408,0.017317,1.140595,0.101377,21,57
rampdescent,7.8 deg,87.0,0.125498,0.055387,0.099196,0.378246,-0.016884,0.020195,1.140595,0.101377,21,57
rampdescent,7.8 deg,88.0,0.117772,0.05722,0.101845,0.403427,-0.014346,0.022134,1.140595,0.101377,21,57
rampdescent,7.8 deg,89.0,0.111366,0.05884,0.103912,0.427238,-0.007324,0.009148,1.140595,0.101377,21,57
rampdescent,7.8 deg,90.0,0.106639,0.060305,0.10556,0.449395,-0.001204,0.010741,1.140595,0.101377,21,57
rampdescent,7.8 deg,91.0,0.103711,0.06081,0.106953,0.469421,0.010092,0.051552,1.140595,0.101377,21,57
rampdescent,7.8 deg,92.0,0.102516,0.060838,0.108223,0.486612,0.018688,0.086409,1.140595,0.101377,21,57
rampdescent,7.8 deg,93.0,0.102077,0.060653,0.109494,0.500289,0.011936,0.054331,1.140595,0.101377,21,57
rampdescent,7.8 deg,94.0,0.101458,0.060374,0.11089,0.510025,0.035861,0.164316,1.140595,0.101377,21,57
rampdescent,7.8 deg,95.0,0.100039,0.06101,0.112474,0.515534,0.031108,0.144813,1.140595,0.101377,21,57
rampdescent,7.8 deg,96.0,0.096103,0.062265,0.114261,0.516804,-0.001933,0.003579,1.140595,0.101377,21,57
rampdescent,7.8 deg,97.0,0.088339,0.064772,0.11606,0.513452,0.003183,0.042389,1.140595,0.101377,21,57
rampdescent,7.8 deg,98.0,0.075769,0.067935,0.117585,0.505211,-0.036072,0.106784,1.140595,0.101377,21,57
rampdescent,7.8 deg,99.0,0.05778,0.071233,0.118255,0.490866,-0.119408,0.442667,1.140595,0.101377,21,57
rampdescent,7.8 deg,100.0,0.034595,0.07237,0.117243,0.4695,-0.159733,0.584079,1.140595,0.101377,21,57
rampdescent,9.2 deg,0.0,-0.032883,0.076237,0.112044,0.083845,-0.139762,0.22302,1.119704,0.076996,17,51
rampdescent,9.2 deg,1.0,-0.046413,0.064284,0.116092,0.10317,-0.135094,0.275035,1.119704,0.076996,17,51
rampdescent,9.2 deg,2.0,-0.053413,0.051411,0.107185,0.128193,-0.095083,0.304266,1.119704,0.076996,17,51
rampdescent,9.2 deg,3.0,-0.052844,0.042045,0.084167,0.156421,-0.069687,0.291232,1.119704,0.076996,17,51
rampdescent,9.2 deg,4.0,-0.044603,0.040473,0.048193,0.185393,-0.075671,0.300664,1.119704,0.076996,17,51
rampdescent,9.2 deg,5.0,-0.030264,0.045638,0.001641,0.213388,-0.121357,0.387036,1.119704,0.076996,17,51
rampdescent,9.2 deg,6.0,-0.010754,0.052811,-0.052762,0.238998,-0.20857,0.512815,1.119704,0.076996,17,51
rampdescent,9.2 deg,7.0,0.011693,0.059833,-0.112283,0.261312,-0.322205,0.611227,1.119704,0.076996,17,51
rampdescent,9.2 deg,8.0,0.035483,0.065652,-0.174485,0.279698,-0.439168,0.659575,1.119704,0.076996,17,51
rampdescent,9.2 deg,9.0,0.059133,0.070292,-0.237292,0.294016,-0.543926,0.666463,1.119704,0.076996,17,51
rampdescent,9.2 deg,10.0,0.081953,0.073955,-0.298896,0.3045,-0.620399,0.636302,1.119704,0.076996,17,51
rampdescent,9.2 deg,11.0,0.102619,0.07726,-0.357628,0.311727,-0.666408,0.58849,1.119704,0.076996,17,51
rampdescent,9.2 deg,12.0,0.121762,0.079821,-0.412118,0.316291,-0.684056,0.536716,1.119704,0.076996,17,51
rampdescent,9.2 deg,13.0,0.138464,0.082105,-0.461281,0.318856,-0.678511,0.483031,1.119704,0.076996,17,51
rampdescent,9.2 deg,14.0,0.153599,0.084291,-0.504517,0.319842,-0.662524,0.442538,1.119704,0.076996,17,51
rampdescent,9.2 deg,15.0,0.166614,0.086785,-0.541484,0.319598,-0.632798,0.414316,1.119704,0.076996,17,51
rampdescent,9.2 deg,16.0,0.178351,0.089075,-0.572182,0.318251,-0.613907,0.377303,1.119704,0.076996,17,51
rampdescent,9.2 deg,17.0,0.189266,0.091455,-0.596822,0.315982,-0.587698,0.348849,1.119704,0.076996,17,51
rampdescent,9.2 deg,18.0,0.198878,0.093862,-0.615773,0.31293,-0.547841,0.332892,1.119704,0.076996,17,51
rampdescent,9.2 deg,19.0,0.20763,0.096454,-0.629527,0.309271,-0.531333,0.317413,1.119704,0.076996,17,51
rampdescent,9.2 deg,20.0,0.216287,0.098679,-0.638735,0.305199,-0.516094,0.309624,1.119704,0.076996,17,51
rampdescent,9.2 deg,21.0,0.224238,0.10113,-0.644007,0.300904,-0.499382,0.312013,1.119704,0.076996,17,51
rampdescent,9.2 deg,22.0,0.232197,0.103517,-0.646089,0.296577,-0.499523,0.311225,1.119704,0.076996,17,51
rampdescent,9.2 deg,23.0,0.240146,0.10599,-0.64571,0.292423,-0.504931,0.314953,1.119704,0.076996,17,51
rampdescent,9.2 deg,24.0,0.248307,0.108517,-0.643695,0.28866,-0.524143,0.325782,1.119704,0.076996,17,51
rampdescent,9.2 deg,25.0,0.257005,0.110891,-0.640982,0.285497,-0.554568,0.334602,1.119704,0.076996,17,51
rampdescent,9.2 deg,26.0,0.266368,0.113164,-0.638533,0.283125,-0.591206,0.346716,1.119704,0.076996,17,51
rampdescent,9.2 deg,27.0,0.276478,0.115411,-0.637306,0.281724,-0.63372,0.375349,1.119704,0.076996,17,51
rampdescent,9.2 deg,28.0,0.287378,0.117594,-0.638072,0.281448,-0.681571,0.395923,1.119704,0.076996,17,51
rampdescent,9.2 deg,29.0,0.299191,0.119597,-0.641552,0.282571,-0.735881,0.408765,1.119704,0.076996,17,51
rampdescent,9.2 deg,30.0,0.311918,0.121568,-0.648388,0.285438,-0.793102,0.431334,1.119704,0.076996,17,51
rampdescent,9.2 deg,31.0,0.325502,0.12338,-0.659241,0.29046,-0.850593,0.455957,1.119704,0.076996,17,51
rampdescent,9.2 deg,32.0,0.339774,0.125297,-0.674714,0.297867,-0.90955,0.476541,1.119704,0.076996,17,51
rampdescent,9.2 deg,33.0,0.354707,0.127164,-0.695193,0.307691,-0.978135,0.496918,1.119704,0.076996,17,51
rampdescent,9.2 deg,34.0,0.370392,0.129145,-0.720781,0.319707,-1.043757,0.524571,1.119704,0.076996,17,51
rampdescent,9.2 deg,35.0,0.386203,0.131371,-0.75126,0.333419,-1.10344,0.549758,1.119704,0.076996,17,51
rampdescent,9.2 deg,36.0,0.402326,0.133686,-0.786081,0.348239,-1.168794,0.575507,1.119704,0.076996,17,51
rampdescent,9.2 deg,37.0,0.418497,0.136268,-0.824452,0.363618,-1.199645,0.592943,1.119704,0.076996,17,51
rampdescent,9.2 deg,38.0,0.433847,0.139062,-0.865278,0.37908,-1.217514,0.608665,1.119704,0.076996,17,51
rampdescent,9.2 deg,39.0,0.448927,0.141769,-0.907235,0.394294,-1.204768,0.631586,1.119704,0.076996,17,51
rampdescent,9.2 deg,40.0,0.462512,0.144687,-0.948778,0.409063,-1.19627,0.636037,1.119704,0.076996,17,51
rampdescent,9.2 deg,41.0,0.476177,0.147292,-0.988192,0.423247,-1.149706,0.623461,1.119704,0.076996,17,51
rampdescent,9.2 deg,42.0,0.48775,0.149837,-1.02368,0.436687,-1.034264,0.60032,1.119704,0.076996,17,51
rampdescent,9.2 deg,43.0,0.498166,0.151953,-1.053325,0.449129,-0.861363,0.596054,1.119704,0.076996,17,51
rampdescent,9.2 deg,44.0,0.505948,0.153921,-1.075034,0.460242,-0.651796,0.601932,1.119704,0.076996,17,51
rampdescent,9.2 deg,45.0,0.512141,0.15487,-1.086654,0.469403,-0.360273,0.692707,1.119704,0.076996,17,51
rampdescent,9.2 deg,46.0,0.513948,0.156043,-1.085862,0.47581,0.010819,0.894555,1.119704,0.076996,17,51
rampdescent,9.2 deg,47.0,0.512726,0.156372,-1.070329,0.478242,0.411151,1.136236,1.119704,0.076996,17,51
rampdescent,9.2 deg,48.0,0.506238,0.156766,-1.038173,0.475375,0.923752,1.345821,1.119704,0.076996,17,51
rampdescent,9.2 deg,49.0,0.493166,0.157154,-0.988204,0.466312,1.432573,1.485544,1.119704,0.076996,17,51
rampdescent,9.2 deg,50.0,0.473359,0.157262,-0.920839,0.451376,1.851634,1.60032,1.119704,0.076996,17,51
rampdescent,9.2 deg,51.0,0.446331,0.158107,-0.837787,0.432774,2.144587,1.618656,1.119704,0.076996,17,51
rampdescent,9.2 deg,52.0,0.412164,0.159181,-0.742907,0.416046,2.286185,1.516259,1.119704,0.076996,17,51
rampdescent,9.2 deg,53.0,0.371931,0.159768,-0.641369,0.408434,2.26021,1.421873,1.119704,0.076996,17,51
rampdescent,9.2 deg,54.0,0.327838,0.158735,-0.53937,0.416922,2.100744,1.502049,1.119704,0.076996,17,51
rampdescent,9.2 deg,55.0,0.2832,0.154381,-0.443323,0.444617,1.888059,1.790852,1.119704,0.076996,17,51
rampdescent,9.2 deg,56.0,0.240104,0.145833,-0.35823,0.48859,1.657687,2.129582,1.119704,0.076996,17,51
rampdescent,9.2 deg,57.0,0.201092,0.133316,-0.28671,0.539766,1.389906,2.296172,1.119704,0.076996,17,51
rampdescent,9.2 deg,58.0,0.167803,0.118894,-0.229405,0.586509,1.077159,2.15178,1.119704,0.076996,17,51
rampdescent,9.2 deg,59.0,0.141412,0.105451,-0.185633,0.620031,0.744272,1.719494,1.119704,0.076996,17,51
rampdescent,9.2 deg,60.0,0.122677,0.096576,-0.154155,0.636437,0.442776,1.15689,1.119704,0.076996,17,51
rampdescent,9.2 deg,61.0,0.111911,0.093936,-0.132876,0.636087,0.221326,0.648992,1.119704,0.076996,17,51
rampdescent,9.2 deg,62.0,0.108489,0.095655,-0.119383,0.621545,0.092505,0.285428,1.119704,0.076996,17,51
rampdescent,9.2 deg,63.0,0.111865,0.098401,-0.111021,0.59598,0.034418,0.073146,1.119704,0.076996,17,51
rampdescent,9.2 deg,64.0,0.120459,0.099413,-0.105299,0.562395,0.015319,0.049211,1.119704,0.076996,17,51
rampdescent,9.2 deg,65.0,0.132694,0.098314,-0.10027,0.523272,0.008483,0.089667,1.119704,0.076996,17,51
rampdescent,9.2 deg,66.0,0.146419,0.095365,-0.094633,0.480532,0.004296,0.097879,1.119704,0.076996,17,51
rampdescent,9.2 deg,67.0,0.160065,0.091837,-0.087724,0.435569,0.003534,0.079587,1.119704,0.076996,17,51
rampdescent,9.2 deg,68.0,0.172866,0.087997,-0.079386,0.389433,0.004803,0.052647,1.119704,0.076996,17,51
rampdescent,9.2 deg,69.0,0.184133,0.084006,-0.069777,0.343003,0.006153,0.02826,1.119704,0.076996,17,51
rampdescent,9.2 deg,70.0,0.193471,0.080035,-0.059237,0.297053,0.008153,0.008351,1.119704,0.076996,17,51
rampdescent,9.2 deg,71.0,0.200912,0.07597,-0.048183,0.252324,0.0107,0.019186,1.119704,0.076996,17,51
rampdescent,9.2 deg,72.0,0.20622,0.071893,-0.037037,0.209515,0.012687,0.036489,1.119704,0.076996,17,51
rampdescent,9.2 deg,73.0,0.209694,0.06776,-0.026149,0.169194,0.013003,0.04636,1.119704,0.076996,17,51
rampdescent,9.2 deg,74.0,0.211238,0.063979,-0.015777,0.131711,0.011143,0.048589,1.119704,0.076996,17,51
rampdescent,9.2 deg,75.0,0.2108,0.060527,-0.006074,0.097186,0.007328,0.043651,1.119704,0.076996,17,51
rampdescent,9.2 deg,76.0,0.20868,0.057794,0.002894,0.065551,0.002218,0.033354,1.119704,0.076996,17,51
rampdescent,9.2 deg,77.0,0.205043,0.056061,0.011113,0.036629,-0.003838,0.021314,1.119704,0.076996,17,51
rampdescent,9.2 deg,78.0,0.199912,0.055591,0.018606,0.010502,-0.009644,0.013926,1.119704,0.076996,17,51
rampdescent,9.2 deg,79.0,0.193782,0.056452,0.025417,0.01539,-0.014387,0.016588,1.119704,0.076996,17,51
rampdescent,9.2 deg,80.0,0.187129,0.058486,0.031595,0.038189,-0.018562,0.023591,1.119704,0.076996,17,51
rampdescent,9.2 deg,81.0,0.179595,0.061661,0.037187,0.060077,-0.022175,0.031643,1.119704,0.076996,17,51
rampdescent,9.2 deg,82.0,0.171921,0.065451,0.042243,0.081325,-0.025611,0.041989,1.119704,0.076996,17,51
rampdescent,9.2 deg,83.0,0.163737,0.069808,0.046814,0.102367,-0.028884,0.055856,1.119704,0.076996,17,51
rampdescent,9.2 deg,84.0,0.156068,0.074254,0.050963,0.123641,-0.032827,0.074467,1.119704,0.076996,17,51
rampdescent,9.2 deg,85.0,0.148033,0.079017,0.05477,0.145545,-0.037778,0.097227,1.119704,0.076996,17,51
rampdescent,9.2 deg,86.0,0.139963,0.0834,0.058326,0.168387,-0.042162,0.122783,1.119704,0.076996,17,51
rampdescent,9.2 deg,87.0,0.132416,0.087265,0.06174,0.192351,-0.045438,0.146595,1.119704,0.076996,17,51
rampdescent,9.2 deg,88.0,0.125685,0.090745,0.065132,0.217451,-0.04721,0.165354,1.119704,0.076996,17,51
rampdescent,9.2 deg,89.0,0.119885,0.093947,0.068619,0.243513,-0.047032,0.175405,1.119704,0.076996,17,51
rampdescent,9.2 deg,90.0,0.115132,0.096334,0.07232,0.270178,-0.04469,0.174176,1.119704,0.076996,17,51
rampdescent,9.2 deg,91.0,0.111538,0.098528,0.076342,0.296949,-0.040774,0.163718,1.119704,0.076996,17,51
rampdescent,9.2 deg,92.0,0.108989,0.100231,0.08078,0.323255,-0.037064,0.151469,1.119704,0.076996,17,51
rampdescent,9.2 deg,93.0,0.10718,0.101596,0.085704,0.348495,-0.035848,0.147771,1.119704,0.076996,17,51
rampdescent,9.2 deg,94.0,0.105073,0.10285,0.09112,0.372067,-0.039895,0.163727,1.119704,0.076996,17,51
rampdescent,9.2 deg,95.0,0.102319,0.104021,0.096969,0.393341,-0.054483,0.220533,1.119704,0.076996,17,51
rampdescent,9.2 deg,96.0,0.097242,0.10548,0.103072,0.411621,-0.08425,0.335207,1.119704,0.076996,17,51
rampdescent,9.2 deg,97.0,0.08899,0.107006,0.109136,0.42608,-0.13141,0.512782,1.119704,0.076996,17,51
rampdescent,9.2 deg,98.0,0.076429,0.108447,0.114754,0.435771,-0.19544,0.747336,1.119704,0.076996,17,51
rampdescent,9.2 deg,99.0,0.058756,0.11008,0.119439,0.439723,-0.270671,1.01976,1.119704,0.076996,17,51
rampdescent,9.2 deg,100.0,0.038135,0.111334,0.122671,0.439183,-0.312175,1.159794,1.119704,0.076996,17,51
stairascent,4 in,0.0,0.353192,0.044907,-0.346234,0.233289,-0.20761,0.128571,1.234248,0.176916,21,110
stairascent,4 in,1.0,0.360643,0.044877,-0.401117,0.247841,-0.198738,0.116263,1.234248,0.176916,21,110
stairascent,4 in,2.0,0.366063,0.045058,-0.450562,0.256639,-0.14224,0.094153,1.234248,0.176916,21,110
stairascent,4 in,3.0,0.370031,0.045467,-0.495318,0.260178,-0.098911,0.094924,1.234248,0.176916,21,110
stairascent,4 in,4.0,0.373156,0.046127,-0.53552,0.260013,-0.06852,0.108168,1.234248,0.176916,21,110
stairascent,4 in,5.0,0.375672,0.047025,-0.570446,0.257994,-0.043815,0.11994,1.234248,0.176916,21,110
stairascent,4 in,6.0,0.37754,0.048012,-0.599631,0.255218,-0.020985,0.13095,1.234248,0.176916,21,110
stairascent,4 in,7.0,0.378763,0.048843,-0.623239,0.251876,0.004644,0.143547,1.234248,0.176916,21,110
stairascent,4 in,8.0,0.379252,0.049431,-0.641702,0.247886,0.034152,0.153859,1.234248,0.176916,21,110
stairascent,4 in,9.0,0.378958,0.049738,-0.655339,0.243287,0.06769,0.161381,1.234248,0.176916,21,110
stairascent,4 in,10.0,0.377822,0.049885,-0.664395,0.238288,0.103027,0.168268,1.234248,0.176916,21,110
stairascent,4 in,11.0,0.376001,0.049831,-0.669188,0.233165,0.137413,0.176171,1.234248,0.176916,21,110
stairascent,4 in,12.0,0.373428,0.049814,-0.670321,0.227899,0.167291,0.180278,1.234248,0.176916,21,110
stairascent,4 in,13.0,0.370367,0.049759,-0.668389,0.222545,0.197682,0.181163,1.234248,0.176916,21,110
stairascent,4 in,14.0,0.366547,0.049822,-0.663877,0.217336,0.227162,0.180445,1.234248,0.176916,21,110
stairascent,4 in,15.0,0.362284,0.0499,-0.657341,0.21241,0.242321,0.173215,1.234248,0.176916,21,110
stairascent,4 in,16.0,0.357847,0.049938,-0.649475,0.20777,0.256117,0.164745,1.234248,0.176916,21,110
stairascent,4 in,17.0,0.352929,0.050096,-0.640969,0.203359,0.266711,0.156351,1.234248,0.176916,21,110
stairascent,4 in,18.0,0.347931,0.05002,-0.632408,0.199193,0.265345,0.148075,1.234248,0.176916,21,110
stairascent,4 in,19.0,0.342974,0.049847,-0.624265,0.195377,0.259019,0.138209,1.234248,0.176916,21,110
stairascent,4 in,20.0,0.338069,0.049515,-0.616954,0.192037,0.245607,0.130466,1.234248,0.176916,21,110
stairascent,4 in,21.0,0.333459,0.049089,-0.610813,0.189399,0.228195,0.126747,1.234248,0.176916,21,110
stairascent,4 in,22.0,0.329142,0.048559,-0.606089,0.187632,0.208753,0.123915,1.234248,0.176916,21,110
stairascent,4 in,23.0,0.325211,0.048035,-0.603008,0.186915,0.185284,0.118512,1.234248,0.176916,21,110
stairascent,4 in,24.0,0.321776,0.047499,-0.601716,0.187397,0.164975,0.115914,1.234248,0.176916,21,110
stairascent,4 in,25.0,0.318605,0.047017,-0.602345,0.189147,0.141328,0.112346,1.234248,0.176916,21,110
stairascent,4 in,26.0,0.315998,0.046551,-0.605105,0.192143,0.116479,0.107257,1.234248,0.176916,21,110
stairascent,4 in,27.0,0.313732,0.046196,-0.610182,0.196339,0.093547,0.105092,1.234248,0.176916,21,110
stairascent,4 in,28.0,0.311998,0.045823,-0.617816,0.20161,0.06842,0.109056,1.234248,0.176916,21,110
stairascent,4 in,29.0,0.310737,0.0455,-0.628385,0.207785,0.046566,0.11908,1.234248,0.176916,21,110
stairascent,4 in,30.0,0.309942,0.045176,-0.642274,0.214712,0.022186,0.130604,1.234248,0.176916,21,110
stairascent,4 in,31.0,0.309739,0.044734,-0.659865,0.222301,-0.002058,0.146967,1.234248,0.176916,21,110
stairascent,4 in,32.0,0.309963,0.044225,-0.681485,0.230583,-0.025933,0.166554,1.234248,0.176916,21,110
stairascent,4 in,33.0,0.310715,0.043661,-0.707398,0.239625,-0.055871,0.186445,1.234248,0.176916,21,110
stairascent,4 in,34.0,0.311998,0.043088,-0.737869,0.249364,-0.084037,0.211278,1.234248,0.176916,21,110
stairascent,4 in,35.0,0.313707,0.042603,-0.773124,0.259531,-0.110214,0.238868,1.234248,0.176916,21,110
stairascent,4 in,36.0,0.315909,0.042197,-0.813211,0.269658,-0.136472,0.264974,1.234248,0.176916,21,110
stairascent,4 in,37.0,0.318527,0.041896,-0.857997,0.279103,-0.153055,0.298706,1.234248,0.176916,21,110
stairascent,4 in,38.0,0.321346,0.041912,-0.907049,0.287167,-0.162636,0.336622,1.234248,0.176916,21,110
stairascent,4 in,39.0,0.324362,0.04199,-0.959523,0.29329,-0.150473,0.393753,1.234248,0.176916,21,110
stairascent,4 in,40.0,0.327125,0.042465,-1.014259,0.296919,-0.112455,0.467706,1.234248,0.176916,21,110
stairascent,4 in,41.0,0.32949,0.043368,-1.069796,0.297388,-0.052743,0.542784,1.234248,0.176916,21,110
stairascent,4 in,42.0,0.331122,0.044755,-1.124283,0.294167,0.037284,0.628925,1.234248,0.176916,21,110
stairascent,4 in,43.0,0.331898,0.046795,-1.175162,0.287101,0.167004,0.717744,1.234248,0.176916,21,110
stairascent,4 in,44.0,0.331106,0.049605,-1.219168,0.276474,0.338251,0.802635,1.234248,0.176916,21,110
stairascent,4 in,45.0,0.32866,0.053294,-1.25257,0.263094,0.541987,0.892067,1.234248,0.176916,21,110
stairascent,4 in,46.0,0.324088,0.058072,-1.271322,0.248183,0.786532,0.955757,1.234248,0.176916,21,110
stairascent,4 in,47.0,0.316809,0.063943,-1.27161,0.233452,1.031583,0.996411,1.234248,0.176916,21,110
stairascent,4 in,48.0,0.306994,0.070725,-1.250318,0.22125,1.283665,1.011871,1.234248,0.176916,21,110
stairascent,4 in,49.0,0.293662,0.078427,-1.20525,0.214516,1.543502,0.984633,1.234248,0.176916,21,110
stairascent,4 in,50.0,0.276714,0.086846,-1.135792,0.215508,1.729374,0.943921,1.234248,0.176916,21,110
stairascent,4 in,51.0,0.256349,0.095597,-1.042642,0.223463,1.814262,0.876211,1.234248,0.176916,21,110
stairascent,4 in,52.0,0.232715,0.104247,-0.929058,0.235342,1.808045,0.80956,1.234248,0.176916,21,110
stairascent,4 in,53.0,0.206295,0.111983,-0.79999,0.246556,1.701484,0.770358,1.234248,0.176916,21,110
stairascent,4 in,54.0,0.177826,0.118058,-0.662218,0.252836,1.499768,0.703721,1.234248,0.176916,21,110
stairascent,4 in,55.0,0.14866,0.121552,-0.523854,0.251203,1.220964,0.639024,1.234248,0.176916,21,110
stairascent,4 in,56.0,0.120841,0.122017,-0.392996,0.240292,0.923495,0.560127,1.234248,0.176916,21,110
stairascent,4 in,57.0,0.095814,0.11873,-0.27672,0.220088,0.65601,0.488027,1.234248,0.176916,21,110
stairascent,4 in,58.0,0.075546,0.111954,-0.179872,0.191818,0.442244,0.421579,1.234248,0.176916,21,110
stairascent,4 in,59.0,0.060566,0.102748,-0.104486,0.158149,0.295655,0.360261,1.234248,0.176916,21,110
stairascent,4 in,60.0,0.05152,0.091835,-0.049422,0.122113,0.20061,0.298618,1.234248,0.176916,21,110
stairascent,4 in,61.0,0.047613,0.081291,-0.01194,0.087364,0.138223,0.231615,1.234248,0.176916,21,110
stairascent,4 in,62.0,0.048324,0.072898,0.01085,0.057553,0.095144,0.155701,1.234248,0.176916,21,110
stairascent,4 in,63.0,0.052631,0.068603,0.022798,0.034466,0.063483,0.082554,1.234248,0.176916,21,110
stairascent,4 in,64.0,0.059695,0.068442,0.027689,0.019366,0.043383,0.036818,1.234248,0.176916,21,110
stairascent,4 in,65.0,0.069739,0.071117,0.027817,0.012541,0.033771,0.030485,1.234248,0.176916,21,110
stairascent,4 in,66.0,0.082177,0.075327,0.025664,0.010913,0.030106,0.029396,1.234248,0.176916,21,110
stairascent,4 in,67.0,0.097142,0.079128,0.022556,0.010155,0.028772,0.021912,1.234248,0.176916,21,110
stairascent,4 in,68.0,0.114107,0.082348,0.019327,0.008949,0.027696,0.01608,1.234248,0.176916,21,110
stairascent,4 in,69.0,0.132927,0.084238,0.016398,0.00749,0.025906,0.013956,1.234248,0.176916,21,110
stairascent,4 in,70.0,0.152875,0.085253,0.013936,0.006134,0.023573,0.01337,1.234248,0.176916,21,110
stairascent,4 in,71.0,0.173571,0.085501,0.011954,0.005033,0.021261,0.013332,1.234248,0.176916,21,110
stairascent,4 in,72.0,0.194635,0.085148,0.010402,0.004167,0.018901,0.012506,1.234248,0.176916,21,110
stairascent,4 in,73.0,0.215586,0.084348,0.009209,0.003452,0.016573,0.011311,1.234248,0.176916,21,110
stairascent,4 in,74.0,0.235866,0.083566,0.008311,0.002835,0.014377,0.009968,1.234248,0.176916,21,110
stairascent,4 in,75.0,0.255187,0.082872,0.007653,0.002314,0.012421,0.008405,1.234248,0.176916,21,110
stairascent,4 in,76.0,0.273448,0.082554,0.007188,0.00193,0.010618,0.006817,1.234248,0.176916,21,110
stairascent,4 in,77.0,0.290101,0.082535,0.006871,0.001735,0.009048,0.005459,1.234248,0.176916,21,110
stairascent,4 in,78.0,0.305373,0.082943,0.006657,0.001744,0.007792,0.004442,1.234248,0.176916,21,110
stairascent,4 in,79.0,0.319124,0.083397,0.006504,0.001904,0.006693,0.003786,1.234248,0.176916,21,110
stairascent,4 in,80.0,0.331263,0.083893,0.006379,0.002135,0.005707,0.003403,1.234248,0.176916,21,110
stairascent,4 in,81.0,0.341778,0.084295,0.006263,0.002358,0.004717,0.003055,1.234248,0.176916,21,110
stairascent,4 in,82.0,0.350327,0.084959,0.006162,0.002506,0.003749,0.002752,1.234248,0.176916,21,110
stairascent,4 in,83.0,0.357093,0.085212,0.006117,0.002518,0.00277,0.002511,1.234248,0.176916,21,110
stairascent,4 in,84.0,0.361725,0.085417,0.006203,0.002368,0.001605,0.00236,1.234248,0.176916,21,110
stairascent,4 in,85.0,0.363963,0.085403,0.006522,0.002145,0.000173,0.002562,1.234248,0.176916,21,110
stairascent,4 in,86.0,0.363745,0.085572,0.007183,0.002144,-0.001634,0.003443,1.234248,0.176916,21,110
stairascent,4 in,87.0,0.36112,0.085596,0.00825,0.002645,-0.003925,0.00511,1.234248,0.176916,21,110
stairascent,4 in,88.0,0.356119,0.085922,0.009669,0.003436,-0.00656,0.007418,1.234248,0.176916,21,110
stairascent,4 in,89.0,0.349173,0.08621,0.011154,0.004169,-0.009035,0.009511,1.234248,0.176916,21,110
stairascent,4 in,90.0,0.340785,0.086246,0.012057,0.00533,-0.010822,0.009816,1.234248,0.176916,21,110
stairascent,4 in,91.0,0.331689,0.085519,0.011257,0.00915,-0.012092,0.009726,1.234248,0.176916,21,110
stairascent,4 in,92.0,0.322735,0.08385,0.00709,0.017635,-0.014506,0.021801,1.234248,0.176916,21,110
stairascent,4 in,93.0,0.315231,0.080437,-0.002585,0.031583,-0.022553,0.049708,1.234248,0.176916,21,110
stairascent,4 in,94.0,0.310017,0.075639,-0.020084,0.051234,-0.042555,0.095101,1.234248,0.176916,21,110
stairascent,4 in,95.0,0.308874,0.069167,-0.04734,0.076055,-0.08102,0.159172,1.234248,0.176916,21,110
stairascent,4 in,96.0,0.311891,0.062435,-0.085,0.104506,-0.137284,0.228612,1.234248,0.176916,21,110
stairascent,4 in,97.0,0.318849,0.057089,-0.132083,0.134436,-0.202033,0.280745,1.234248,0.176916,21,110
stairascent,4 in,98.0,0.328205,0.054629,-0.186101,0.163222,-0.255102,0.295306,1.234248,0.176916,21,110
stairascent,4 in,99.0,0.338549,0.054419,-0.243019,0.188848,-0.274961,0.260366,1.234248,0.176916,21,110
stairascent,4 in,100.0,0.347832,0.055381,-0.297788,0.210525,-0.294022,0.239542,1.234248,0.176916,21,110
stairascent,5 in,0.0,0.381492,0.044461,-0.373905,0.268022,-0.252615,0.19276,1.183171,0.167745,22,123
stairascent,5 in,1.0,0.389416,0.044418,-0.433807,0.279792,-0.252146,0.180204,1.183171,0.167745,22,123
stairascent,5 in,2.0,0.39568,0.044998,-0.489005,0.286259,-0.19801,0.139633,1.183171,0.167745,22,123
stairascent,5 in,3.0,0.400308,0.045917,-0.539558,0.287891,-0.148286,0.120683,1.183171,0.167745,22,123
stairascent,5 in,4.0,0.403964,0.047052,-0.58524,0.285909,-0.110481,0.125659,1.183171,0.167745,22,123
stairascent,5 in,5.0,0.406719,0.048304,-0.625381,0.281758,-0.074221,0.140171,1.183171,0.167745,22,123
stairascent,5 in,6.0,0.408642,0.049598,-0.659403,0.276447,-0.03288,0.156531,1.183171,0.167745,22,123
stairascent,5 in,7.0,0.409634,0.050774,-0.686482,0.271184,0.005922,0.167869,1.183171,0.167745,22,123
stairascent,5 in,8.0,0.409864,0.051806,-0.706391,0.266481,0.047593,0.175812,1.183171,0.167745,22,123
stairascent,5 in,9.0,0.409175,0.052601,-0.719909,0.26178,0.096299,0.184479,1.183171,0.167745,22,123
stairascent,5 in,10.0,0.407598,0.053301,-0.727707,0.256689,0.14262,0.199958,1.183171,0.167745,22,123
stairascent,5 in,11.0,0.405208,0.053893,-0.730116,0.251173,0.192202,0.220832,1.183171,0.167745,22,123
stairascent,5 in,12.0,0.40195,0.054584,-0.727663,0.245178,0.237834,0.245977,1.183171,0.167745,22,123
stairascent,5 in,13.0,0.398046,0.055378,-0.721157,0.2386,0.281521,0.26576,1.183171,0.167745,22,123
stairascent,5 in,14.0,0.393312,0.056378,-0.711411,0.231555,0.319402,0.278554,1.183171,0.167745,22,123
stairascent,5 in,15.0,0.38804,0.057454,-0.699185,0.224296,0.347473,0.282495,1.183171,0.167745,22,123
stairascent,5 in,16.0,0.38222,0.058654,-0.685177,0.217053,0.371579,0.281186,1.183171,0.167745,22,123
stairascent,5 in,17.0,0.375924,0.059941,-0.670139,0.209944,0.387034,0.277111,1.183171,0.167745,22,123
stairascent,5 in,18.0,0.369347,0.061168,-0.65477,0.202999,0.39128,0.267891,1.183171,0.167745,22,123
stairascent,5 in,19.0,0.362605,0.062278,-0.639736,0.196166,0.38943,0.2563,1.183171,0.167745,22,123
stairascent,5 in,20.0,0.355795,0.06329,-0.625588,0.189452,0.380587,0.246243,1.183171,0.167745,22,123
stairascent,5 in,21.0,0.349137,0.064121,-0.612738,0.182937,0.36161,0.236175,1.183171,0.167745,22,123
stairascent,5 in,22.0,0.342794,0.064782,-0.601453,0.176797,0.340112,0.226667,1.183171,0.167745,22,123
stairascent,5 in,23.0,0.336719,0.065256,-0.592017,0.171268,0.314866,0.216451,1.183171,0.167745,22,123
stairascent,5 in,24.0,0.331123,0.065571,-0.584799,0.166609,0.285714,0.204885,1.183171,0.167745,22,123
stairascent,5 in,25.0,0.325972,0.065905,-0.580173,0.163116,0.253222,0.19243,1.183171,0.167745,22,123
stairascent,5 in,26.0,0.321459,0.066132,-0.578494,0.161086,0.219231,0.176972,1.183171,0.167745,22,123
stairascent,5 in,27.0,0.317496,0.066218,-0.580141,0.160811,0.188448,0.165748,1.183171,0.167745,22,123
stairascent,5 in,28.0,0.314078,0.06621,-0.585473,0.162576,0.150183,0.154874,1.183171,0.167745,22,123
stairascent,5 in,29.0,0.311525,0.066043,-0.594863,0.166658,0.109194,0.139458,1.183171,0.167745,22,123
stairascent,5 in,30.0,0.309612,0.065765,-0.608685,0.173265,0.077954,0.139558,1.183171,0.167745,22,123
stairascent,5 in,31.0,0.308262,0.06534,-0.627263,0.182499,0.043617,0.147052,1.183171,0.167745,22,123
stairascent,5 in,32.0,0.307681,0.06474,-0.650815,0.19439,0.004258,0.151831,1.183171,0.167745,22,123
stairascent,5 in,33.0,0.307788,0.063991,-0.679485,0.208813,-0.028612,0.162869,1.183171,0.167745,22,123
stairascent,5 in,34.0,0.308366,0.063128,-0.713316,0.225416,-0.058394,0.178529,1.183171,0.167745,22,123
stairascent,5 in,35.0,0.309479,0.062211,-0.752317,0.243663,-0.084379,0.195461,1.183171,0.167745,22,123
stairascent,5 in,36.0,0.310988,0.061189,-0.796289,0.262789,-0.096306,0.219698,1.183171,0.167745,22,123
stairascent,5 in,37.0,0.312652,0.060131,-0.844899,0.281778,-0.0949,0.249482,1.183171,0.167745,22,123
stairascent,5 in,38.0,0.314396,0.059017,-0.897618,0.299375,-0.077562,0.292152,1.183171,0.167745,22,123
stairascent,5 in,39.0,0.316034,0.057878,-0.953532,0.314331,-0.035928,0.366579,1.183171,0.167745,22,123
stairascent,5 in,40.0,0.317388,0.056755,-1.011463,0.325372,0.038186,0.470778,1.183171,0.167745,22,123
stairascent,5 in,41.0,0.318017,0.055894,-1.069782,0.331427,0.146319,0.603763,1.183171,0.167745,22,123
stairascent,5 in,42.0,0.317807,0.055519,-1.126391,0.331689,0.295481,0.763711,1.183171,0.167745,22,123
stairascent,5 in,43.0,0.316197,0.056171,-1.178669,0.325784,0.480675,0.921551,1.183171,0.167745,22,123
stairascent,5 in,44.0,0.313068,0.058038,-1.223588,0.313844,0.696545,1.076992,1.183171,0.167745,22,123
stairascent,5 in,45.0,0.307976,0.061452,-1.257771,0.296713,0.932966,1.212321,1.183171,0.167745,22,123
stairascent,5 in,46.0,0.3007,0.066643,-1.277727,0.276223,1.185631,1.310851,1.183171,0.167745,22,123
stairascent,5 in,47.0,0.290724,0.073341,-1.280003,0.25545,1.454623,1.363901,1.183171,0.167745,22,123
stairascent,5 in,48.0,0.277694,0.081638,-1.261729,0.23846,1.699661,1.359517,1.183171,0.167745,22,123
stairascent,5 in,49.0,0.261554,0.090769,-1.220726,0.229334,1.888821,1.297646,1.183171,0.167745,22,123
stairascent,5 in,50.0,0.242314,0.100308,-1.156373,0.230232,2.038868,1.191189,1.183171,0.167745,22,123
stairascent,5 in,51.0,0.219492,0.109486,-1.069066,0.239083,2.120789,1.06093,1.183171,0.167745,22,123
stairascent,5 in,52.0,0.193638,0.117876,-0.961657,0.251332,2.084418,0.920797,1.183171,0.167745,22,123
stairascent,5 in,53.0,0.165506,0.124445,-0.83831,0.26141,1.965173,0.816521,1.183171,0.167745,22,123
stairascent,5 in,54.0,0.135553,0.128829,-0.705037,0.265378,1.764846,0.744463,1.183171,0.167745,22,123
stairascent,5 in,55.0,0.10548,0.130053,-0.568869,0.261012,1.496121,0.670403,1.183171,0.167745,22,123
stairascent,5 in,56.0,0.076465,0.128111,-0.436829,0.247659,1.1999,0.590913,1.183171,0.167745,22,123
stairascent,5 in,57.0,0.05005,0.122761,-0.315491,0.22569,0.903843,0.531112,1.183171,0.167745,22,123
stairascent,5 in,58.0,0.027711,0.114066,-0.210333,0.196448,0.62866,0.482828,1.183171,0.167745,22,123
stairascent,5 in,59.0,0.010571,0.103339,-0.125093,0.161907,0.407091,0.423472,1.183171,0.167745,22,123
stairascent,5 in,60.0,-0.000916,0.090815,-0.060427,0.124743,0.248971,0.348704,1.183171,0.167745,22,123
stairascent,5 in,61.0,-0.006508,0.078131,-0.015196,0.088424,0.145032,0.246809,1.183171,0.167745,22,123
stairascent,5 in,62.0,-0.006672,0.067586,0.012831,0.056678,0.087857,0.14847,1.183171,0.167745,22,123
stairascent,5 in,63.0,-0.001994,0.061027,0.027492,0.032208,0.060653,0.071597,1.183171,0.167745,22,123
stairascent,5 in,64.0,0.006779,0.059727,0.032943,0.016759,0.048272,0.035186,1.183171,0.167745,22,123
stairascent,5 in,65.0,0.018901,0.062581,0.03288,0.01062,0.042654,0.037241,1.183171,0.167745,22,123
stairascent,5 in,66.0,0.033927,0.067322,0.029904,0.010005,0.03997,0.036244,1.183171,0.167745,22,123
stairascent,5 in,67.0,0.051504,0.072571,0.025829,0.00988,0.037645,0.027751,1.183171,0.167745,22,123
stairascent,5 in,68.0,0.071089,0.076845,0.021704,0.009144,0.035298,0.018123,1.183171,0.167745,22,123
stairascent,5 in,69.0,0.092706,0.079534,0.018036,0.008083,0.033014,0.013493,1.183171,0.167745,22,123
stairascent,5 in,70.0,0.115837,0.080347,0.01499,0.007,0.030395,0.014249,1.183171,0.167745,22,123
stairascent,5 in,71.0,0.140295,0.079747,0.012545,0.006003,0.027324,0.015317,1.183171,0.167745,22,123
stairascent,5 in,72.0,0.165308,0.078156,0.01061,0.005104,0.023958,0.01545,1.183171,0.167745,22,123
stairascent,5 in,73.0,0.190377,0.076257,0.009083,0.004295,0.02048,0.014091,1.183171,0.167745,22,123
stairascent,5 in,74.0,0.214729,0.07421,0.00788,0.003591,0.017124,0.011994,1.183171,0.167745,22,123
stairascent,5 in,75.0,0.237953,0.07267,0.00694,0.003017,0.014063,0.009631,1.183171,0.167745,22,123
stairascent,5 in,76.0,0.25952,0.072013,0.006219,0.002608,0.011416,0.007488,1.183171,0.167745,22,123
stairascent,5 in,77.0,0.279081,0.072114,0.005684,0.002372,0.009261,0.005756,1.183171,0.167745,22,123
stairascent,5 in,78.0,0.296715,0.072544,0.005306,0.002287,0.007575,0.004447,1.183171,0.167745,22,123
stairascent,5 in,79.0,0.312262,0.073236,0.005061,0.002301,0.006202,0.003625,1.183171,0.167745,22,123
stairascent,5 in,80.0,0.325626,0.074234,0.00493,0.002366,0.005135,0.003127,1.183171,0.167745,22,123
stairascent,5 in,81.0,0.337236,0.075377,0.004901,0.00244,0.004278,0.002899,1.183171,0.167745,22,123
stairascent,5 in,82.0,0.347055,0.076626,0.004975,0.002497,0.003496,0.002839,1.183171,0.167745,22,123
stairascent,5 in,83.0,0.355044,0.078048,0.005166,0.002522,0.002745,0.002819,1.183171,0.167745,22,123
stairascent,5 in,84.0,0.361199,0.07943,0.005495,0.002544,0.001916,0.002946,1.183171,0.167745,22,123
stairascent,5 in,85.0,0.365254,0.081014,0.005982,0.002773,0.000851,0.003512,1.183171,0.167745,22,123
stairascent,5 in,86.0,0.367324,0.082448,0.006614,0.003752,-0.000773,0.004821,1.183171,0.167745,22,123
stairascent,5 in,87.0,0.367276,0.083624,0.007307,0.006037,-0.00333,0.008051,1.183171,0.167745,22,123
stairascent,5 in,88.0,0.365421,0.08458,0.007847,0.009888,-0.006975,0.01498,1.183171,0.167745,22,123
stairascent,5 in,89.0,0.361741,0.08523,0.007791,0.015498,-0.011256,0.025129,1.183171,0.167745,22,123
stairascent,5 in,90.0,0.356718,0.085562,0.006358,0.023165,-0.015142,0.036362,1.183171,0.167745,22,123
stairascent,5 in,91.0,0.351044,0.085155,0.00235,0.033381,-0.018563,0.04746,1.183171,0.167745,22,123
stairascent,5 in,92.0,0.34546,0.083696,-0.00587,0.046774,-0.023586,0.060947,1.183171,0.167745,22,123
stairascent,5 in,93.0,0.340928,0.080895,-0.020273,0.063897,-0.035974,0.083448,1.183171,0.167745,22,123
stairascent,5 in,94.0,0.338696,0.07655,-0.042765,0.084973,-0.063741,0.120437,1.183171,0.167745,22,123
stairascent,5 in,95.0,0.339541,0.070753,-0.074786,0.109699,-0.111287,0.17268,1.183171,0.167745,22,123
stairascent,5 in,96.0,0.343425,0.064718,-0.117124,0.136686,-0.173672,0.230769,1.183171,0.167745,22,123
stairascent,5 in,97.0,0.349678,0.059692,-0.169727,0.163412,-0.244762,0.279944,1.183171,0.167745,22,123
stairascent,5 in,98.0,0.35831,0.056504,-0.229448,0.188986,-0.305542,0.303838,1.183171,0.167745,22,123
stairascent,5 in,99.0,0.367563,0.055728,-0.292864,0.21193,-0.330341,0.288665,1.183171,0.167745,22,123
stairascent,5 in,100.0,0.376247,0.056732,-0.355934,0.23145,-0.361577,0.290723,1.183171,0.167745,22,123
stairascent,6 in,0.0,0.412198,0.054946,-0.397757,0.302067,-0.254054,0.22869,1.232955,0.1756,22,86
stairascent,6 in,1.0,0.420143,0.05412,-0.461413,0.319358,-0.246309,0.213882,1.232955,0.1756,22,86
stairascent,6 in,2.0,0.426141,0.05436,-0.519723,0.329389,-0.184573,0.169693,1.232955,0.1756,22,86
stairascent,6 in,3.0,0.430745,0.054992,-0.573225,0.33235,-0.128306,0.151345,1.232955,0.1756,22,86
stairascent,6 in,4.0,0.434062,0.056345,-0.6219,0.329679,-0.083707,0.153171,1.232955,0.1756,22,86
stairascent,6 in,5.0,0.436734,0.057779,-0.664853,0.323781,-0.049239,0.1696,1.232955,0.1756,22,86
stairascent,6 in,6.0,0.438583,0.059365,-0.701051,0.316387,-0.006164,0.192342,1.232955,0.1756,22,86
stairascent,6 in,7.0,0.43955,0.061037,-0.72954,0.308963,0.046581,0.209281,1.232955,0.1756,22,86
stairascent,6 in,8.0,0.439306,0.062694,-0.749689,0.302436,0.103961,0.219913,1.232955,0.1756,22,86
stairascent,6 in,9.0,0.43795,0.064002,-0.761882,0.29649,0.164994,0.235188,1.232955,0.1756,22,86
stairascent,6 in,10.0,0.435417,0.065215,-0.767135,0.290218,0.22372,0.249158,1.232955,0.1756,22,86
stairascent,6 in,11.0,0.431897,0.066196,-0.766114,0.283573,0.277062,0.262164,1.232955,0.1756,22,86
stairascent,6 in,12.0,0.427397,0.06726,-0.759268,0.276778,0.326692,0.270943,1.232955,0.1756,22,86
stairascent,6 in,13.0,0.422059,0.068412,-0.747853,0.269633,0.366475,0.279727,1.232955,0.1756,22,86
stairascent,6 in,14.0,0.416085,0.06967,-0.73301,0.262019,0.400752,0.289343,1.232955,0.1756,22,86
stairascent,6 in,15.0,0.409392,0.071102,-0.715521,0.254084,0.43218,0.300987,1.232955,0.1756,22,86
stairascent,6 in,16.0,0.402055,0.07261,-0.696145,0.246012,0.455636,0.313764,1.232955,0.1756,22,86
stairascent,6 in,17.0,0.394167,0.074159,-0.675691,0.237931,0.472279,0.325069,1.232955,0.1756,22,86
stairascent,6 in,18.0,0.385757,0.075786,-0.654934,0.230092,0.480711,0.330176,1.232955,0.1756,22,86
stairascent,6 in,19.0,0.377081,0.077645,-0.634609,0.222749,0.474431,0.318007,1.232955,0.1756,22,86
stairascent,6 in,20.0,0.368352,0.079411,-0.615421,0.216204,0.458655,0.297413,1.232955,0.1756,22,86
stairascent,6 in,21.0,0.359655,0.081057,-0.597973,0.210801,0.43751,0.273681,1.232955,0.1756,22,86
stairascent,6 in,22.0,0.351175,0.08255,-0.582723,0.20683,0.40834,0.251901,1.232955,0.1756,22,86
stairascent,6 in,23.0,0.343184,0.083852,-0.569974,0.204534,0.376593,0.230077,1.232955,0.1756,22,86
stairascent,6 in,24.0,0.33556,0.084845,-0.559917,0.203995,0.342199,0.206343,1.232955,0.1756,22,86
stairascent,6 in,25.0,0.328645,0.0854,-0.552782,0.20524,0.301708,0.183629,1.232955,0.1756,22,86
stairascent,6 in,26.0,0.32245,0.08547,-0.548852,0.20822,0.262801,0.166186,1.232955,0.1756,22,86
stairascent,6 in,27.0,0.316972,0.085115,-0.548413,0.212858,0.22232,0.151272,1.232955,0.1756,22,86
stairascent,6 in,28.0,0.312485,0.084429,-0.551853,0.219056,0.183523,0.1414,1.232955,0.1756,22,86
stairascent,6 in,29.0,0.308508,0.08358,-0.559625,0.226737,0.144727,0.143945,1.232955,0.1756,22,86
stairascent,6 in,30.0,0.305642,0.082598,-0.572114,0.235971,0.097029,0.156026,1.232955,0.1756,22,86
stairascent,6 in,31.0,0.303838,0.081456,-0.589615,0.246922,0.054186,0.180137,1.232955,0.1756,22,86
stairascent,6 in,32.0,0.302805,0.080203,-0.612351,0.259888,0.015387,0.211915,1.232955,0.1756,22,86
stairascent,6 in,33.0,0.302547,0.078808,-0.640533,0.275141,-0.018412,0.24991,1.232955,0.1756,22,86
stairascent,6 in,34.0,0.302811,0.07745,-0.674449,0.29263,-0.04055,0.288356,1.232955,0.1756,22,86
stairascent,6 in,35.0,0.303624,0.076064,-0.714309,0.311788,-0.052481,0.326325,1.232955,0.1756,22,86
stairascent,6 in,36.0,0.304651,0.074933,-0.759883,0.331666,-0.050579,0.367365,1.232955,0.1756,22,86
stairascent,6 in,37.0,0.306042,0.074044,-0.810536,0.350983,-0.02652,0.423659,1.232955,0.1756,22,86
stairascent,6 in,38.0,0.307178,0.07357,-0.865452,0.368233,0.020503,0.499119,1.232955,0.1756,22,86
stairascent,6 in,39.0,0.308019,0.07377,-0.923564,0.381737,0.087974,0.596631,1.232955,0.1756,22,86
stairascent,6 in,40.0,0.308477,0.074642,-0.983564,0.389998,0.189764,0.720991,1.232955,0.1756,22,86
stairascent,6 in,41.0,0.308078,0.076703,-1.043778,0.391685,0.337232,0.882029,1.232955,0.1756,22,86
stairascent,6 in,42.0,0.306361,0.080196,-1.102163,0.386088,0.521025,1.07154,1.232955,0.1756,22,86
stairascent,6 in,43.0,0.303035,0.085566,-1.156167,0.373446,0.733105,1.262281,1.232955,0.1756,22,86
stairascent,6 in,44.0,0.29756,0.092757,-1.202521,0.354849,0.978894,1.42647,1.232955,0.1756,22,86
stairascent,6 in,45.0,0.28959,0.101771,-1.237864,0.332866,1.24115,1.541761,1.232955,0.1756,22,86
stairascent,6 in,46.0,0.278746,0.112377,-1.25877,0.311165,1.508902,1.617757,1.232955,0.1756,22,86
stairascent,6 in,47.0,0.264818,0.124131,-1.2619,0.29454,1.770257,1.644566,1.232955,0.1756,22,86
stairascent,6 in,48.0,0.24767,0.13651,-1.244152,0.287816,2.021911,1.600794,1.232955,0.1756,22,86
stairascent,6 in,49.0,0.226937,0.148705,-1.203113,0.292694,2.238576,1.534574,1.232955,0.1756,22,86
stairascent,6 in,50.0,0.202919,0.159974,-1.137703,0.306073,2.409702,1.428174,1.232955,0.1756,22,86
stairascent,6 in,51.0,0.175251,0.168996,-1.048025,0.320685,2.488019,1.321596,1.232955,0.1756,22,86
stairascent,6 in,52.0,0.145068,0.175434,-0.937066,0.33076,2.431945,1.20813,1.232955,0.1756,22,86
stairascent,6 in,53.0,0.112767,0.178917,-0.809481,0.332496,2.270024,1.080052,1.232955,0.1756,22,86
stairascent,6 in,54.0,0.079322,0.178732,-0.672165,0.325369,1.97067,0.944926,1.232955,0.1756,22,86
stairascent,6 in,55.0,0.046618,0.17518,-0.533364,0.31122,1.583826,0.768784,1.232955,0.1756,22,86
stairascent,6 in,56.0,0.016058,0.168248,-0.401455,0.291636,1.180432,0.630081,1.232955,0.1756,22,86
stairascent,6 in,57.0,-0.010293,0.158601,-0.284126,0.266878,0.810985,0.56837,1.232955,0.1756,22,86
stairascent,6 in,58.0,-0.030678,0.146675,-0.186727,0.235935,0.552348,0.579229,1.232955,0.1756,22,86
stairascent,6 in,59.0,-0.044802,0.131772,-0.11096,0.199022,0.376535,0.558644,1.232955,0.1756,22,86
stairascent,6 in,60.0,-0.051819,0.115835,-0.055588,0.15836,0.253192,0.457419,1.232955,0.1756,22,86
stairascent,6 in,61.0,-0.052958,0.099957,-0.017278,0.117452,0.174742,0.355715,1.232955,0.1756,22,86
stairascent,6 in,62.0,-0.048988,0.086521,0.007081,0.080118,0.116932,0.235272,1.232955,0.1756,22,86
stairascent,6 in,63.0,-0.040997,0.077614,0.020963,0.049409,0.07892,0.132795,1.232955,0.1756,22,86
stairascent,6 in,64.0,-0.029572,0.074475,0.027032,0.02704,0.055929,0.059134,1.232955,0.1756,22,86
stairascent,6 in,65.0,-0.01516,0.075816,0.028246,0.013919,0.043607,0.032723,1.232955,0.1756,22,86
stairascent,6 in,66.0,0.002129,0.079634,0.026842,0.0095,0.038574,0.032857,1.232955,0.1756,22,86
stairascent,6 in,67.0,0.021817,0.084949,0.024203,0.009355,0.037084,0.026593,1.232955,0.1756,22,86
stairascent,6 in,68.0,0.04427,0.089274,0.021243,0.009209,0.03661,0.018274,1.232955,0.1756,22,86
stairascent,6 in,69.0,0.068714,0.092482,0.018436,0.008557,0.035634,0.014868,1.232955,0.1756,22,86
stairascent,6 in,70.0,0.095112,0.09423,0.015945,0.00772,0.03348,0.014889,1.232955,0.1756,22,86
stairascent,6 in,71.0,0.122011,0.094578,0.013788,0.006901,0.030926,0.0161,1.232955,0.1756,22,86
stairascent,6 in,72.0,0.149799,0.093542,0.011918,0.006121,0.028285,0.01712,1.232955,0.1756,22,86
stairascent,6 in,73.0,0.177423,0.091309,0.010284,0.005353,0.025005,0.01724,1.232955,0.1756,22,86
stairascent,6 in,74.0,0.204255,0.088272,0.008855,0.004589,0.021446,0.016026,1.232955,0.1756,22,86
stairascent,6 in,75.0,0.229884,0.085137,0.007614,0.003852,0.017869,0.01414,1.232955,0.1756,22,86
stairascent,6 in,76.0,0.253846,0.082273,0.006561,0.003193,0.014433,0.011857,1.232955,0.1756,22,86
stairascent,6 in,77.0,0.275869,0.080189,0.005695,0.002673,0.011174,0.009014,1.232955,0.1756,22,86
stairascent,6 in,78.0,0.295506,0.079881,0.00501,0.002355,0.008327,0.006645,1.232955,0.1756,22,86
stairascent,6 in,79.0,0.312716,0.081298,0.004493,0.002271,0.006074,0.004972,1.232955,0.1756,22,86
stairascent,6 in,80.0,0.327955,0.083655,0.004123,0.002384,0.004371,0.004209,1.232955,0.1756,22,86
stairascent,6 in,81.0,0.340888,0.087066,0.003877,0.002624,0.00325,0.003639,1.232955,0.1756,22,86
stairascent,6 in,82.0,0.351762,0.090784,0.003729,0.003058,0.002756,0.002866,1.232955,0.1756,22,86
stairascent,6 in,83.0,0.360466,0.094157,0.003648,0.004088,0.002418,0.002929,1.232955,0.1756,22,86
stairascent,6 in,84.0,0.367161,0.096724,0.003572,0.006374,0.001155,0.003262,1.232955,0.1756,22,86
stairascent,6 in,85.0,0.371704,0.098574,0.003432,0.010317,-0.002223,0.01435,1.232955,0.1756,22,86
stairascent,6 in,86.0,0.374158,0.099782,0.003087,0.016012,-0.007873,0.033982,1.232955,0.1756,22,86
stairascent,6 in,87.0,0.374683,0.100707,0.002275,0.023462,-0.015137,0.0557,1.232955,0.1756,22,86
stairascent,6 in,88.0,0.373575,0.101456,0.000575,0.032602,-0.022747,0.073148,1.232955,0.1756,22,86
stairascent,6 in,89.0,0.37119,0.101959,-0.002716,0.043381,-0.029892,0.085869,1.232955,0.1756,22,86
stairascent,6 in,90.0,0.368184,0.101893,-0.008615,0.055845,-0.037709,0.100481,1.232955,0.1756,22,86
stairascent,6 in,91.0,0.364878,0.100907,-0.018471,0.070428,-0.04722,0.115893,1.232955,0.1756,22,86
stairascent,6 in,92.0,0.362222,0.098234,-0.034023,0.088126,-0.062023,0.133041,1.232955,0.1756,22,86
stairascent,6 in,93.0,0.360979,0.094163,-0.05699,0.110096,-0.088235,0.166849,1.232955,0.1756,22,86
stairascent,6 in,94.0,0.361742,0.088691,-0.088807,0.136898,-0.129717,0.228116,1.232955,0.1756,22,86
stairascent,6 in,95.0,0.364883,0.082866,-0.130168,0.168021,-0.188197,0.295432,1.232955,0.1756,22,86
stairascent,6 in,96.0,0.37099,0.077247,-0.180489,0.201545,-0.255413,0.346064,1.232955,0.1756,22,86
stairascent,6 in,97.0,0.379018,0.072606,-0.237892,0.234903,-0.310907,0.351167,1.232955,0.1756,22,86
stairascent,6 in,98.0,0.388466,0.069066,-0.299638,0.265094,-0.340846,0.316532,1.232955,0.1756,22,86
stairascent,6 in,99.0,0.397479,0.067505,-0.362139,0.289938,-0.325649,0.247478,1.232955,0.1756,22,86
stairascent,6 in,100.0,0.40544,0.06776,-0.42175,0.308344,-0.332052,0.226105,1.232955,0.1756,22,86
stairdescent,4 in,0.0,0.166399,0.061619,-0.638621,0.238233,-1.189376,0.564014,1.134868,0.168072,21,141
stairdescent,4 in,1.0,0.186779,0.06209,-0.643983,0.236785,-1.116694,0.510827,1.134868,0.168072,21,141
stairdescent,4 in,2.0,0.204631,0.062229,-0.639041,0.232647,-0.966635,0.420779,1.134868,0.168072,21,141
stairdescent,4 in,3.0,0.22057,0.062165,-0.629442,0.228377,-0.839413,0.342615,1.134868,0.168072,21,141
stairdescent,4 in,4.0,0.234812,0.061834,-0.616164,0.223678,-0.720067,0.277241,1.134868,0.168072,21,141
stairdescent,4 in,5.0,0.247476,0.061184,-0.59988,0.218638,-0.611202,0.232184,1.134868,0.168072,21,141
stairdescent,4 in,6.0,0.258698,0.060563,-0.581993,0.214957,-0.518031,0.198931,1.134868,0.168072,21,141
stairdescent,4 in,7.0,0.268613,0.059849,-0.563538,0.213385,-0.434504,0.171894,1.134868,0.168072,21,141
stairdescent,4 in,8.0,0.277298,0.059195,-0.545215,0.213016,-0.356497,0.144972,1.134868,0.168072,21,141
stairdescent,4 in,9.0,0.284609,0.05867,-0.527493,0.212127,-0.294569,0.12359,1.134868,0.168072,21,141
stairdescent,4 in,10.0,0.291028,0.058308,-0.510999,0.209944,-0.24464,0.109908,1.134868,0.168072,21,141
stairdescent,4 in,11.0,0.296465,0.057909,-0.496419,0.206984,-0.206213,0.099071,1.134868,0.168072,21,141
stairdescent,4 in,12.0,0.301387,0.057444,-0.484094,0.203821,-0.184347,0.094756,1.134868,0.168072,21,141
stairdescent,4 in,13.0,0.305944,0.057095,-0.474089,0.200851,-0.169551,0.090851,1.134868,0.168072,21,141
stairdescent,4 in,14.0,0.310265,0.056634,-0.466318,0.198301,-0.163929,0.092891,1.134868,0.168072,21,141
stairdescent,4 in,15.0,0.314561,0.056209,-0.460581,0.196207,-0.16726,0.09884,1.134868,0.168072,21,141
stairdescent,4 in,16.0,0.319034,0.05579,-0.456671,0.19466,-0.180371,0.108868,1.134868,0.168072,21,141
stairdescent,4 in,17.0,0.323946,0.055381,-0.454438,0.193809,-0.20177,0.121489,1.134868,0.168072,21,141
stairdescent,4 in,18.0,0.329435,0.055044,-0.453881,0.19405,-0.229006,0.135183,1.134868,0.168072,21,141
stairdescent,4 in,19.0,0.335634,0.054844,-0.45496,0.195396,-0.263059,0.15016,1.134868,0.168072,21,141
stairdescent,4 in,20.0,0.342706,0.054791,-0.45774,0.197821,-0.304846,0.169485,1.134868,0.168072,21,141
stairdescent,4 in,21.0,0.350799,0.054651,-0.462247,0.200976,-0.350129,0.186371,1.134868,0.168072,21,141
stairdescent,4 in,22.0,0.359863,0.054766,-0.468588,0.20457,-0.397247,0.201024,1.134868,0.168072,21,141
stairdescent,4 in,23.0,0.369962,0.054891,-0.47682,0.208118,-0.445825,0.215996,1.134868,0.168072,21,141
stairdescent,4 in,24.0,0.381003,0.055091,-0.487121,0.211365,-0.496128,0.229719,1.134868,0.168072,21,141
stairdescent,4 in,25.0,0.392982,0.055319,-0.500001,0.214966,-0.549928,0.243583,1.134868,0.168072,21,141
stairdescent,4 in,26.0,0.405871,0.055408,-0.515876,0.219399,-0.60878,0.259125,1.134868,0.168072,21,141
stairdescent,4 in,27.0,0.419694,0.055445,-0.534808,0.224242,-0.665978,0.271275,1.134868,0.168072,21,141
stairdescent,4 in,28.0,0.43413,0.055437,-0.556789,0.229075,-0.721393,0.279806,1.134868,0.168072,21,141
stairdescent,4 in,29.0,0.449185,0.055368,-0.581792,0.233864,-0.781862,0.289638,1.134868,0.168072,21,141
stairdescent,4 in,30.0,0.464782,0.055244,-0.609544,0.238364,-0.839415,0.295474,1.134868,0.168072,21,141
stairdescent,4 in,31.0,0.480724,0.055055,-0.639439,0.241888,-0.896668,0.2995,1.134868,0.168072,21,141
stairdescent,4 in,32.0,0.497019,0.054597,-0.670972,0.244347,-0.951401,0.300488,1.134868,0.168072,21,141
stairdescent,4 in,33.0,0.513479,0.054021,-0.703779,0.246362,-0.992632,0.303601,1.134868,0.168072,21,141
stairdescent,4 in,34.0,0.52986,0.053009,-0.737151,0.247898,-1.024306,0.317472,1.134868,0.168072,21,141
stairdescent,4 in,35.0,0.546009,0.051935,-0.77042,0.249355,-1.045989,0.343032,1.134868,0.168072,21,141
stairdescent,4 in,36.0,0.56183,0.050225,-0.802532,0.250498,-1.039159,0.394494,1.134868,0.168072,21,141
stairdescent,4 in,37.0,0.576763,0.048309,-0.832058,0.250742,-0.994529,0.463533,1.134868,0.168072,21,141
stairdescent,4 in,38.0,0.5904,0.046326,-0.857479,0.25005,-0.907551,0.562905,1.134868,0.168072,21,141
stairdescent,4 in,39.0,0.602173,0.045066,-0.877045,0.248666,-0.779875,0.680151,1.134868,0.168072,21,141
stairdescent,4 in,40.0,0.611682,0.045351,-0.889385,0.248316,-0.614721,0.814779,1.134868,0.168072,21,141
stairdescent,4 in,41.0,0.61831,0.04852,-0.892804,0.250208,-0.411678,0.94715,1.134868,0.168072,21,141
stairdescent,4 in,42.0,0.621528,0.055596,-0.885789,0.255515,-0.18668,1.043828,1.134868,0.168072,21,141
stairdescent,4 in,43.0,0.620828,0.066569,-0.867175,0.264712,0.046574,1.08883,1.134868,0.168072,21,141
stairdescent,4 in,44.0,0.615905,0.080664,-0.836269,0.277027,0.279913,1.082851,1.134868,0.168072,21,141
stairdescent,4 in,45.0,0.606322,0.096766,-0.793161,0.29069,0.501812,1.022975,1.134868,0.168072,21,141
stairdescent,4 in,46.0,0.591992,0.113293,-0.738363,0.302876,0.696787,0.922589,1.134868,0.168072,21,141
stairdescent,4 in,47.0,0.573017,0.12868,-0.673192,0.31083,0.855859,0.797855,1.134868,0.168072,21,141
stairdescent,4 in,48.0,0.549612,0.141704,-0.599746,0.312712,0.968853,0.669917,1.134868,0.168072,21,141
stairdescent,4 in,49.0,0.522354,0.151324,-0.521036,0.307482,1.027169,0.587971,1.134868,0.168072,21,141
stairdescent,4 in,50.0,0.491947,0.157231,-0.439634,0.293867,1.026664,0.605612,1.134868,0.168072,21,141
stairdescent,4 in,51.0,0.459652,0.159224,-0.359003,0.271974,0.97295,0.680456,1.134868,0.168072,21,141
stairdescent,4 in,52.0,0.426828,0.157538,-0.282656,0.243119,0.875553,0.729706,1.134868,0.168072,21,141
stairdescent,4 in,53.0,0.395048,0.152901,-0.213536,0.209111,0.745228,0.708463,1.134868,0.168072,21,141
stairdescent,4 in,54.0,0.365563,0.146302,-0.153744,0.172241,0.595811,0.616314,1.134868,0.168072,21,141
stairdescent,4 in,55.0,0.339543,0.13898,-0.104091,0.135178,0.443729,0.483968,1.134868,0.168072,21,141
stairdescent,4 in,56.0,0.317284,0.13216,-0.064742,0.100625,0.304333,0.351614,1.134868,0.168072,21,141
stairdescent,4 in,57.0,0.298842,0.126437,-0.034877,0.070668,0.188683,0.240472,1.134868,0.168072,21,141
stairdescent,4 in,58.0,0.283927,0.122297,-0.013636,0.046516,0.103469,0.154257,1.134868,0.168072,21,141
stairdescent,4 in,59.0,0.272181,0.119529,0.000364,0.028533,0.048184,0.091458,1.134868,0.168072,21,141
stairdescent,4 in,60.0,0.262457,0.118225,0.008759,0.016361,0.016808,0.049254,1.134868,0.168072,21,141
stairdescent,4 in,61.0,0.254422,0.117779,0.012869,0.009397,0.002047,0.024793,1.134868,0.168072,21,141
stairdescent,4 in,62.0,0.246637,0.118584,0.014072,0.006584,-0.003625,0.012076,1.134868,0.168072,21,141
stairdescent,4 in,63.0,0.238256,0.120445,0.01379,0.005734,-0.005452,0.006811,1.134868,0.168072,21,141
stairdescent,4 in,64.0,0.228801,0.122861,0.012827,0.005099,-0.006416,0.006755,1.134868,0.168072,21,141
stairdescent,4 in,65.0,0.217446,0.126339,0.011733,0.004273,-0.007781,0.008025,1.134868,0.168072,21,141
stairdescent,4 in,66.0,0.204218,0.129949,0.010831,0.003406,-0.009747,0.009155,1.134868,0.168072,21,141
stairdescent,4 in,67.0,0.188359,0.134587,0.010258,0.002713,-0.012376,0.010139,1.134868,0.168072,21,141
stairdescent,4 in,68.0,0.169848,0.139925,0.010021,0.002303,-0.014956,0.010383,1.134868,0.168072,21,141
stairdescent,4 in,69.0,0.149332,0.144728,0.010056,0.002142,-0.017496,0.010226,1.134868,0.168072,21,141
stairdescent,4 in,70.0,0.126535,0.149445,0.010266,0.002144,-0.020058,0.010073,1.134868,0.168072,21,141
stairdescent,4 in,71.0,0.101784,0.153384,0.010549,0.002275,-0.022282,0.010143,1.134868,0.168072,21,141
stairdescent,4 in,72.0,0.075316,0.156862,0.010822,0.002525,-0.023916,0.010687,1.134868,0.168072,21,141
stairdescent,4 in,73.0,0.047835,0.159331,0.01103,0.002861,-0.024965,0.011616,1.134868,0.168072,21,141
stairdescent,4 in,74.0,0.019432,0.161411,0.011146,0.003217,-0.025279,0.012527,1.134868,0.168072,21,141
stairdescent,4 in,75.0,-0.008702,0.162492,0.011179,0.003516,-0.02498,0.013152,1.134868,0.168072,21,141
stairdescent,4 in,76.0,-0.036476,0.163136,0.011166,0.003698,-0.024188,0.013374,1.134868,0.168072,21,141
stairdescent,4 in,77.0,-0.062619,0.16246,0.011172,0.003743,-0.023131,0.013104,1.134868,0.168072,21,141
stairdescent,4 in,78.0,-0.087253,0.161276,0.011273,0.003688,-0.022018,0.01243,1.134868,0.168072,21,141
stairdescent,4 in,79.0,-0.109738,0.159513,0.011533,0.003638,-0.020907,0.011697,1.134868,0.168072,21,141
stairdescent,4 in,80.0,-0.129992,0.156904,0.011973,0.003686,-0.019682,0.010956,1.134868,0.168072,21,141
stairdescent,4 in,81.0,-0.147746,0.153328,0.012522,0.003835,-0.017999,0.010486,1.134868,0.168072,21,141
stairdescent,4 in,82.0,-0.162583,0.149058,0.012952,0.004106,-0.016266,0.010607,1.134868,0.168072,21,141
stairdescent,4 in,83.0,-0.174535,0.144446,0.012835,0.005172,-0.015022,0.012573,1.134868,0.168072,21,141
stairdescent,4 in,84.0,-0.182962,0.137945,0.011458,0.008593,-0.01619,0.020331,1.134868,0.168072,21,141
stairdescent,4 in,85.0,-0.187118,0.130158,0.007827,0.015524,-0.024117,0.041709,1.134868,0.168072,21,141
stairdescent,4 in,86.0,-0.18621,0.120629,0.000676,0.026526,-0.046489,0.08457,1.134868,0.168072,21,141
stairdescent,4 in,87.0,-0.18028,0.110164,-0.01145,0.041911,-0.091675,0.157173,1.134868,0.168072,21,141
stairdescent,4 in,88.0,-0.168704,0.099619,-0.03032,0.061253,-0.168668,0.263364,1.134868,0.168072,21,141
stairdescent,4 in,89.0,-0.151306,0.089326,-0.056992,0.083927,-0.283757,0.397934,1.134868,0.168072,21,141
stairdescent,4 in,90.0,-0.128947,0.080667,-0.09278,0.108526,-0.43801,0.544452,1.134868,0.168072,21,141
stairdescent,4 in,91.0,-0.102402,0.073931,-0.137103,0.134128,-0.622797,0.686689,1.134868,0.168072,21,141
stairdescent,4 in,92.0,-0.07263,0.069055,-0.189409,0.159323,-0.826658,0.811078,1.134868,0.168072,21,141
stairdescent,4 in,93.0,-0.041022,0.065773,-0.247388,0.183396,-1.028506,0.907892,1.134868,0.168072,21,141
stairdescent,4 in,94.0,-0.008827,0.063465,-0.308087,0.205755,-1.207128,0.96803,1.134868,0.168072,21,141
stairdescent,4 in,95.0,0.022763,0.061823,-0.367828,0.226296,-1.34098,0.991608,1.134868,0.168072,21,141
stairdescent,4 in,96.0,0.052514,0.060934,-0.422557,0.245212,-1.413088,0.982028,1.134868,0.168072,21,141
stairdescent,4 in,97.0,0.079603,0.060796,-0.469075,0.262486,-1.416513,0.938795,1.134868,0.168072,21,141
stairdescent,4 in,98.0,0.103422,0.061397,-0.504833,0.277063,-1.357551,0.870806,1.134868,0.168072,21,141
stairdescent,4 in,99.0,0.123582,0.062676,-0.529799,0.288153,-1.260254,0.791395,1.134868,0.168072,21,141
stairdescent,4 in,100.0,0.140523,0.064609,-0.54648,0.297555,-1.217848,0.753067,1.134868,0.168072,21,141
stairdescent,5 in,0.0,0.214149,0.064804,-0.848713,0.288767,-1.686776,0.658467,1.086735,0.158916,22,145
stairdescent,5 in,1.0,0.235399,0.064648,-0.844781,0.283091,-1.556,0.596157,1.086735,0.158916,22,145
stairdescent,5 in,2.0,0.253703,0.064144,-0.83073,0.27403,-1.303056,0.485125,1.086735,0.158916,22,145
stairdescent,5 in,3.0,0.269427,0.06349,-0.811916,0.265702,-1.083567,0.395888,1.086735,0.158916,22,145
stairdescent,5 in,4.0,0.283004,0.062779,-0.789783,0.256789,-0.899423,0.322491,1.086735,0.158916,22,145
stairdescent,5 in,5.0,0.294798,0.062169,-0.765061,0.247195,-0.743905,0.264294,1.086735,0.158916,22,145
stairdescent,5 in,6.0,0.305005,0.061656,-0.738082,0.236927,-0.60527,0.226619,1.086735,0.158916,22,145
stairdescent,5 in,7.0,0.31361,0.061255,-0.709305,0.225838,-0.489628,0.196184,1.086735,0.158916,22,145
stairdescent,5 in,8.0,0.320998,0.060922,-0.679644,0.213988,-0.405607,0.171313,1.086735,0.158916,22,145
stairdescent,5 in,9.0,0.327575,0.060581,-0.650327,0.201786,-0.338276,0.153667,1.086735,0.158916,22,145
stairdescent,5 in,10.0,0.333241,0.060267,-0.622541,0.189725,-0.282397,0.138903,1.086735,0.158916,22,145
stairdescent,5 in,11.0,0.338226,0.060042,-0.59713,0.17815,-0.244637,0.125424,1.086735,0.158916,22,145
stairdescent,5 in,12.0,0.342783,0.059869,-0.574546,0.16716,-0.221437,0.116348,1.086735,0.158916,22,145
stairdescent,5 in,13.0,0.347076,0.059705,-0.555037,0.157126,-0.211123,0.115501,1.086735,0.158916,22,145
stairdescent,5 in,14.0,0.351349,0.059542,-0.538606,0.148257,-0.211985,0.118375,1.086735,0.158916,22,145
stairdescent,5 in,15.0,0.355803,0.059359,-0.525275,0.141066,-0.224637,0.121346,1.086735,0.158916,22,145
stairdescent,5 in,16.0,0.360726,0.059107,-0.514901,0.135675,-0.24723,0.131418,1.086735,0.158916,22,145
stairdescent,5 in,17.0,0.366202,0.058769,-0.507399,0.132313,-0.276541,0.145742,1.086735,0.158916,22,145
stairdescent,5 in,18.0,0.372451,0.05841,-0.502645,0.130802,-0.314239,0.15972,1.086735,0.158916,22,145
stairdescent,5 in,19.0,0.379585,0.057993,-0.500689,0.131135,-0.358176,0.173047,1.086735,0.158916,22,145
stairdescent,5 in,20.0,0.387713,0.057596,-0.501677,0.133248,-0.407034,0.183512,1.086735,0.158916,22,145
stairdescent,5 in,21.0,0.39688,0.057123,-0.505926,0.137147,-0.460731,0.192876,1.086735,0.158916,22,145
stairdescent,5 in,22.0,0.407126,0.056689,-0.513749,0.142667,-0.517826,0.203642,1.086735,0.158916,22,145
stairdescent,5 in,23.0,0.418411,0.056248,-0.525279,0.149394,-0.576681,0.216247,1.086735,0.158916,22,145
stairdescent,5 in,24.0,0.430635,0.055895,-0.540554,0.156919,-0.63898,0.228022,1.086735,0.158916,22,145
stairdescent,5 in,25.0,0.443812,0.05558,-0.559447,0.164731,-0.704163,0.240246,1.086735,0.158916,22,145
stairdescent,5 in,26.0,0.457788,0.055333,-0.581863,0.172588,-0.770937,0.255511,1.086735,0.158916,22,145
stairdescent,5 in,27.0,0.472491,0.055129,-0.607662,0.180313,-0.835398,0.267815,1.086735,0.158916,22,145
stairdescent,5 in,28.0,0.4877,0.055028,-0.636558,0.187516,-0.89658,0.273997,1.086735,0.158916,22,145
stairdescent,5 in,29.0,0.50334,0.05484,-0.66824,0.193961,-0.95537,0.282826,1.086735,0.158916,22,145
stairdescent,5 in,30.0,0.519187,0.054705,-0.702321,0.199493,-1.00468,0.294903,1.086735,0.158916,22,145
stairdescent,5 in,31.0,0.535009,0.054463,-0.738334,0.204137,-1.053419,0.307795,1.086735,0.158916,22,145
stairdescent,5 in,32.0,0.550884,0.054207,-0.775681,0.20812,-1.098041,0.334062,1.086735,0.158916,22,145
stairdescent,5 in,33.0,0.566571,0.053714,-0.813465,0.211671,-1.116183,0.374543,1.086735,0.158916,22,145
stairdescent,5 in,34.0,0.581559,0.053453,-0.850397,0.214838,-1.108962,0.425814,1.086735,0.158916,22,145
stairdescent,5 in,35.0,0.595747,0.053082,-0.884968,0.21786,-1.069689,0.494632,1.086735,0.158916,22,145
stairdescent,5 in,36.0,0.608626,0.0531,-0.91529,0.220922,-0.985771,0.593395,1.086735,0.158916,22,145
stairdescent,5 in,37.0,0.6198,0.053676,-0.939363,0.224542,-0.848199,0.713875,1.086735,0.158916,22,145
stairdescent,5 in,38.0,0.628543,0.055668,-0.955172,0.230054,-0.659488,0.839591,1.086735,0.158916,22,145
stairdescent,5 in,39.0,0.634496,0.059396,-0.960722,0.239004,-0.412953,0.960923,1.086735,0.158916,22,145
stairdescent,5 in,40.0,0.636693,0.065653,-0.954092,0.251953,-0.113564,1.05039,1.086735,0.158916,22,145
stairdescent,5 in,41.0,0.634658,0.074599,-0.933848,0.268535,0.212427,1.079216,1.086735,0.158916,22,145
stairdescent,5 in,42.0,0.627732,0.085863,-0.898558,0.28527,0.54971,1.058752,1.086735,0.158916,22,145
stairdescent,5 in,43.0,0.615477,0.098845,-0.847886,0.298432,0.857599,1.020127,1.086735,0.158916,22,145
stairdescent,5 in,44.0,0.597984,0.112398,-0.783294,0.30636,1.105491,0.992334,1.086735,0.158916,22,145
stairdescent,5 in,45.0,0.575308,0.125529,-0.707411,0.308335,1.270914,0.981054,1.086735,0.158916,22,145
stairdescent,5 in,46.0,0.54804,0.137229,-0.623444,0.30373,1.333083,0.95571,1.086735,0.158916,22,145
stairdescent,5 in,47.0,0.517147,0.146807,-0.534932,0.292647,1.296318,0.88994,1.086735,0.158916,22,145
stairdescent,5 in,48.0,0.483814,0.154057,-0.446181,0.276598,1.178452,0.792021,1.086735,0.158916,22,145
stairdescent,5 in,49.0,0.449795,0.158837,-0.361401,0.256774,1.016119,0.686498,1.086735,0.158916,22,145
stairdescent,5 in,50.0,0.416574,0.161197,-0.283282,0.233181,0.844825,0.605529,1.086735,0.158916,22,145
stairdescent,5 in,51.0,0.385851,0.160797,-0.214106,0.20619,0.688587,0.568801,1.086735,0.158916,22,145
stairdescent,5 in,52.0,0.358527,0.157859,-0.155776,0.177008,0.555866,0.551257,1.086735,0.158916,22,145
stairdescent,5 in,53.0,0.335103,0.152428,-0.108314,0.146341,0.441761,0.514194,1.086735,0.158916,22,145
stairdescent,5 in,54.0,0.315508,0.145197,-0.070496,0.11555,0.337706,0.441022,1.086735,0.158916,22,145
stairdescent,5 in,55.0,0.299166,0.137049,-0.04128,0.08638,0.240597,0.340008,1.086735,0.158916,22,145
stairdescent,5 in,56.0,0.28554,0.129123,-0.0199,0.060398,0.154023,0.231114,1.086735,0.158916,22,145
stairdescent,5 in,57.0,0.273937,0.122416,-0.005028,0.038747,0.084324,0.136909,1.086735,0.158916,22,145
stairdescent,5 in,58.0,0.263687,0.117548,0.004542,0.022183,0.036216,0.070598,1.086735,0.158916,22,145
stairdescent,5 in,59.0,0.254251,0.114502,0.009874,0.011102,0.00884,0.032686,1.086735,0.158916,22,145
stairdescent,5 in,60.0,0.244647,0.113668,0.012173,0.006076,-0.003175,0.014748,1.086735,0.158916,22,145
stairdescent,5 in,61.0,0.234487,0.114648,0.012671,0.005796,-0.006913,0.007878,1.086735,0.158916,22,145
stairdescent,5 in,62.0,0.222965,0.117191,0.012177,0.005987,-0.00771,0.006836,1.086735,0.158916,22,145
stairdescent,5 in,63.0,0.20979,0.121092,0.011314,0.005432,-0.008447,0.007578,1.086735,0.158916,22,145
stairdescent,5 in,64.0,0.194335,0.125733,0.010486,0.004464,-0.010308,0.008542,1.086735,0.158916,22,145
stairdescent,5 in,65.0,0.176035,0.13157,0.009908,0.003545,-0.013027,0.009417,1.086735,0.158916,22,145
stairdescent,5 in,66.0,0.15528,0.137446,0.009645,0.002982,-0.016168,0.010285,1.086735,0.158916,22,145
stairdescent,5 in,67.0,0.131921,0.143389,0.009659,0.002828,-0.019442,0.0112,1.086735,0.158916,22,145
stairdescent,5 in,68.0,0.106378,0.14892,0.009858,0.002917,-0.022444,0.011986,1.086735,0.158916,22,145
stairdescent,5 in,69.0,0.078787,0.154283,0.010129,0.003093,-0.024658,0.012366,1.086735,0.158916,22,145
stairdescent,5 in,70.0,0.050099,0.158229,0.010369,0.003301,-0.025941,0.01214,1.086735,0.158916,22,145
stairdescent,5 in,71.0,0.020468,0.161609,0.010495,0.00354,-0.026419,0.011566,1.086735,0.158916,22,145
stairdescent,5 in,72.0,-0.009594,0.164022,0.010468,0.00381,-0.025671,0.011218,1.086735,0.158916,22,145
stairdescent,5 in,73.0,-0.038903,0.164563,0.010296,0.004085,-0.024245,0.011693,1.086735,0.158916,22,145
stairdescent,5 in,74.0,-0.067455,0.16433,0.010037,0.00431,-0.022586,0.012497,1.086735,0.158916,22,145
stairdescent,5 in,75.0,-0.094465,0.162932,0.00979,0.004427,-0.020952,0.012954,1.086735,0.158916,22,145
stairdescent,5 in,76.0,-0.1197,0.160949,0.009691,0.004406,-0.019706,0.012785,1.086735,0.158916,22,145
stairdescent,5 in,77.0,-0.142989,0.15846,0.009879,0.004291,-0.01909,0.012319,1.086735,0.158916,22,145
stairdescent,5 in,78.0,-0.164057,0.155352,0.010468,0.004245,-0.01898,0.011661,1.086735,0.158916,22,145
stairdescent,5 in,79.0,-0.18318,0.152295,0.011499,0.004481,-0.018888,0.011318,1.086735,0.158916,22,145
stairdescent,5 in,80.0,-0.199779,0.148699,0.012877,0.005043,-0.018451,0.011125,1.086735,0.158916,22,145
stairdescent,5 in,81.0,-0.214096,0.144922,0.014299,0.005706,-0.017262,0.010929,1.086735,0.158916,22,145
stairdescent,5 in,82.0,-0.225453,0.140496,0.015183,0.00632,-0.015232,0.012041,1.086735,0.158916,22,145
stairdescent,5 in,83.0,-0.233531,0.135605,0.014593,0.007583,-0.013975,0.016307,1.086735,0.158916,22,145
stairdescent,5 in,84.0,-0.237696,0.129702,0.011179,0.011727,-0.017732,0.027143,1.086735,0.158916,22,145
stairdescent,5 in,85.0,-0.236503,0.122215,0.003226,0.020606,-0.036779,0.055879,1.086735,0.158916,22,145
stairdescent,5 in,86.0,-0.228883,0.112993,-0.011458,0.034678,-0.087975,0.118901,1.086735,0.158916,22,145
stairdescent,5 in,87.0,-0.214439,0.102494,-0.035031,0.053843,-0.190254,0.228798,1.086735,0.158916,22,145
stairdescent,5 in,88.0,-0.193017,0.091749,-0.06893,0.077771,-0.355454,0.388651,1.086735,0.158916,22,145
stairdescent,5 in,89.0,-0.165196,0.08182,-0.11511,0.104815,-0.587695,0.584236,1.086735,0.158916,22,145
stairdescent,5 in,90.0,-0.132183,0.07387,-0.17285,0.133942,-0.875393,0.79297,1.086735,0.158916,22,145
stairdescent,5 in,91.0,-0.095542,0.068376,-0.240162,0.163684,-1.193811,0.992262,1.086735,0.158916,22,145
stairdescent,5 in,92.0,-0.056674,0.064437,-0.315579,0.192171,-1.518362,1.15935,1.086735,0.158916,22,145
stairdescent,5 in,93.0,-0.017284,0.061616,-0.395489,0.218337,-1.820473,1.279869,1.086735,0.158916,22,145
stairdescent,5 in,94.0,0.021453,0.059533,-0.476072,0.241994,-2.070226,1.343398,1.086735,0.158916,22,145
stairdescent,5 in,95.0,0.058491,0.058244,-0.552462,0.264004,-2.238996,1.352314,1.086735,0.158916,22,145
stairdescent,5 in,96.0,0.093057,0.058183,-0.618771,0.284447,-2.309588,1.330698,1.086735,0.158916,22,145
stairdescent,5 in,97.0,0.124526,0.059725,-0.670482,0.3016,-2.261281,1.267016,1.086735,0.158916,22,145
stairdescent,5 in,98.0,0.15209,0.062657,-0.708383,0.315813,-2.122963,1.158372,1.086735,0.158916,22,145
stairdescent,5 in,99.0,0.175948,0.066335,-0.736333,0.329697,-1.928908,1.011517,1.086735,0.158916,22,145
stairdescent,5 in,100.0,0.195924,0.070202,-0.751233,0.339507,-1.821557,0.936595,1.086735,0.158916,22,145
stairdescent,6 in,0.0,0.239153,0.061041,-0.953376,0.308928,-2.003914,0.793263,1.101467,0.167449,22,109
stairdescent,6 in,1.0,0.261973,0.060652,-0.945687,0.307226,-1.848857,0.746418,1.101467,0.167449,22,109
stairdescent,6 in,2.0,0.2814,0.060432,-0.929047,0.303761,-1.540648,0.642887,1.101467,0.167449,22,109
stairdescent,6 in,3.0,0.297838,0.060332,-0.907891,0.298907,-1.274605,0.546287,1.101467,0.167449,22,109
stairdescent,6 in,4.0,0.31187,0.060336,-0.882795,0.289986,-1.063057,0.455653,1.101467,0.167449,22,109
stairdescent,6 in,5.0,0.324111,0.0604,-0.854564,0.27792,-0.87733,0.392839,1.101467,0.167449,22,109
stairdescent,6 in,6.0,0.334408,0.06047,-0.823642,0.263699,-0.723232,0.351238,1.101467,0.167449,22,109
stairdescent,6 in,7.0,0.34346,0.06047,-0.790897,0.248758,-0.606185,0.31289,1.101467,0.167449,22,109
stairdescent,6 in,8.0,0.351352,0.060485,-0.757748,0.23455,-0.510592,0.288241,1.101467,0.167449,22,109
stairdescent,6 in,9.0,0.358342,0.060439,-0.725465,0.221654,-0.441706,0.275561,1.101467,0.167449,22,109
stairdescent,6 in,10.0,0.364705,0.060495,-0.695118,0.20992,-0.390771,0.259982,1.101467,0.167449,22,109
stairdescent,6 in,11.0,0.370579,0.060696,-0.667405,0.198909,-0.355067,0.243229,1.101467,0.167449,22,109
stairdescent,6 in,12.0,0.376176,0.061059,-0.642846,0.188475,-0.334805,0.226654,1.101467,0.167449,22,109
stairdescent,6 in,13.0,0.381739,0.061534,-0.621862,0.178987,-0.329605,0.209443,1.101467,0.167449,22,109
stairdescent,6 in,14.0,0.387501,0.061964,-0.60444,0.170541,-0.332307,0.186395,1.101467,0.167449,22,109
stairdescent,6 in,15.0,0.393527,0.062154,-0.590588,0.163507,-0.341572,0.169818,1.101467,0.167449,22,109
stairdescent,6 in,16.0,0.399991,0.062108,-0.580333,0.158427,-0.358159,0.167023,1.101467,0.167449,22,109
stairdescent,6 in,17.0,0.40694,0.061833,-0.573817,0.155833,-0.381116,0.182698,1.101467,0.167449,22,109
stairdescent,6 in,18.0,0.414514,0.061347,-0.57111,0.155724,-0.415159,0.207516,1.101467,0.167449,22,109
stairdescent,6 in,19.0,0.422935,0.060705,-0.572282,0.157785,-0.459599,0.228659,1.101467,0.167449,22,109
stairdescent,6 in,20.0,0.432256,0.060026,-0.577164,0.16135,-0.5111,0.245416,1.101467,0.167449,22,109
stairdescent,6 in,21.0,0.442543,0.059425,-0.585589,0.165825,-0.568179,0.253953,1.101467,0.167449,22,109
stairdescent,6 in,22.0,0.453815,0.058828,-0.597257,0.170614,-0.630315,0.255547,1.101467,0.167449,22,109
stairdescent,6 in,23.0,0.466104,0.058175,-0.612073,0.175368,-0.693449,0.259995,1.101467,0.167449,22,109
stairdescent,6 in,24.0,0.479161,0.057597,-0.630166,0.180301,-0.756921,0.269116,1.101467,0.167449,22,109
stairdescent,6 in,25.0,0.493005,0.056906,-0.651813,0.18582,-0.815396,0.278481,1.101467,0.167449,22,109
stairdescent,6 in,26.0,0.507256,0.056448,-0.676903,0.191835,-0.871197,0.286083,1.101467,0.167449,22,109
stairdescent,6 in,27.0,0.521957,0.056025,-0.704977,0.19779,-0.921133,0.285763,1.101467,0.167449,22,109
stairdescent,6 in,28.0,0.536723,0.055833,-0.735524,0.203342,-0.968257,0.288681,1.101467,0.167449,22,109
stairdescent,6 in,29.0,0.551736,0.055609,-0.768035,0.2083,-1.015557,0.303454,1.101467,0.167449,22,109
stairdescent,6 in,30.0,0.566672,0.055467,-0.802165,0.213257,-1.047084,0.310721,1.101467,0.167449,22,109
stairdescent,6 in,31.0,0.581364,0.055205,-0.837113,0.218222,-1.060884,0.32206,1.101467,0.167449,22,109
stairdescent,6 in,32.0,0.595577,0.054848,-0.871837,0.222899,-1.056082,0.350666,1.101467,0.167449,22,109
stairdescent,6 in,33.0,0.60907,0.054692,-0.904915,0.226804,-1.022573,0.38706,1.101467,0.167449,22,109
stairdescent,6 in,34.0,0.621486,0.054802,-0.934735,0.229766,-0.944656,0.466253,1.101467,0.167449,22,109
stairdescent,6 in,35.0,0.632354,0.055296,-0.959586,0.232455,-0.820462,0.586813,1.101467,0.167449,22,109
stairdescent,6 in,36.0,0.641285,0.056584,-0.977595,0.236043,-0.649615,0.730261,1.101467,0.167449,22,109
stairdescent,6 in,37.0,0.647726,0.0593,-0.986594,0.241909,-0.418056,0.872315,1.101467,0.167449,22,109
stairdescent,6 in,38.0,0.650672,0.064439,-0.984726,0.251701,-0.138202,0.978244,1.101467,0.167449,22,109
stairdescent,6 in,39.0,0.649664,0.072165,-0.969878,0.265244,0.159478,1.04124,1.101467,0.167449,22,109
stairdescent,6 in,40.0,0.644203,0.082668,-0.940707,0.281548,0.463334,1.042924,1.101467,0.167449,22,109
stairdescent,6 in,41.0,0.633524,0.095419,-0.896881,0.299311,0.730658,1.006485,1.101467,0.167449,22,109
stairdescent,6 in,42.0,0.617971,0.109734,-0.839263,0.316379,0.944631,0.976721,1.101467,0.167449,22,109
stairdescent,6 in,43.0,0.597242,0.12463,-0.769839,0.330336,1.100277,0.921006,1.101467,0.167449,22,109
stairdescent,6 in,44.0,0.571999,0.138849,-0.691698,0.339389,1.170531,0.852149,1.101467,0.167449,22,109
stairdescent,6 in,45.0,0.543453,0.151564,-0.608497,0.341843,1.169732,0.777869,1.101467,0.167449,22,109
stairdescent,6 in,46.0,0.512654,0.162228,-0.523865,0.336572,1.125695,0.705246,1.101467,0.167449,22,109
stairdescent,6 in,47.0,0.480971,0.170114,-0.441455,0.323453,1.045827,0.653433,1.101467,0.167449,22,109
stairdescent,6 in,48.0,0.450123,0.174498,-0.363959,0.30299,0.944842,0.641513,1.101467,0.167449,22,109
stairdescent,6 in,49.0,0.420819,0.175814,-0.29331,0.276217,0.844788,0.641341,1.101467,0.167449,22,109
stairdescent,6 in,50.0,0.393462,0.173415,-0.229898,0.243706,0.742283,0.64748,1.101467,0.167449,22,109
stairdescent,6 in,51.0,0.368596,0.167912,-0.174541,0.207823,0.635232,0.635286,1.101467,0.167449,22,109
stairdescent,6 in,52.0,0.346252,0.159761,-0.12718,0.170898,0.521393,0.588275,1.101467,0.167449,22,109
stairdescent,6 in,53.0,0.326527,0.150271,-0.087807,0.135068,0.402123,0.499301,1.101467,0.167449,22,109
stairdescent,6 in,54.0,0.309563,0.140393,-0.0561,0.10192,0.287259,0.385836,1.101467,0.167449,22,109
stairdescent,6 in,55.0,0.294502,0.131386,-0.031854,0.073562,0.184446,0.266181,1.101467,0.167449,22,109
stairdescent,6 in,56.0,0.281224,0.123809,-0.01388,0.049658,0.101826,0.160819,1.101467,0.167449,22,109
stairdescent,6 in,57.0,0.268991,0.118128,-0.001404,0.030881,0.044889,0.084872,1.101467,0.167449,22,109
stairdescent,6 in,58.0,0.257085,0.114595,0.006515,0.017432,0.011953,0.03858,1.101467,0.167449,22,109
stairdescent,6 in,59.0,0.244794,0.113758,0.0109,0.009174,-0.003316,0.014489,1.101467,0.167449,22,109
stairdescent,6 in,60.0,0.231427,0.115179,0.012722,0.006186,-0.008933,0.007328,1.101467,0.167449,22,109
stairdescent,6 in,61.0,0.216482,0.11928,0.012987,0.005753,-0.010859,0.008853,1.101467,0.167449,22,109
stairdescent,6 in,62.0,0.199515,0.125424,0.012241,0.005017,-0.012168,0.010277,1.101467,0.167449,22,109
stairdescent,6 in,63.0,0.180205,0.133546,0.011484,0.003915,-0.014321,0.011759,1.101467,0.167449,22,109
stairdescent,6 in,64.0,0.158541,0.142535,0.010939,0.003007,-0.017146,0.012779,1.101467,0.167449,22,109
stairdescent,6 in,65.0,0.134712,0.151912,0.010672,0.002667,-0.020131,0.012934,1.101467,0.167449,22,109
stairdescent,6 in,66.0,0.108954,0.160332,0.010648,0.002765,-0.02279,0.012168,1.101467,0.167449,22,109
stairdescent,6 in,67.0,0.081592,0.167819,0.010778,0.002923,-0.024796,0.010942,1.101467,0.167449,22,109
stairdescent,6 in,68.0,0.053335,0.173538,0.010953,0.002959,-0.025748,0.009826,1.101467,0.167449,22,109
stairdescent,6 in,69.0,0.025033,0.177483,0.011074,0.002908,-0.025836,0.009342,1.101467,0.167449,22,109
stairdescent,6 in,70.0,-0.003203,0.179681,0.011066,0.002919,-0.025076,0.009505,1.101467,0.167449,22,109
stairdescent,6 in,71.0,-0.030672,0.180792,0.010894,0.003132,-0.023601,0.010213,1.101467,0.167449,22,109
stairdescent,6 in,72.0,-0.057273,0.180203,0.010569,0.003554,-0.021685,0.011367,1.101467,0.167449,22,109
stairdescent,6 in,73.0,-0.082526,0.17975,0.010142,0.004068,-0.019491,0.012259,1.101467,0.167449,22,109
stairdescent,6 in,74.0,-0.10622,0.17876,0.009702,0.004529,-0.017698,0.013303,1.101467,0.167449,22,109
stairdescent,6 in,75.0,-0.128533,0.177591,0.009373,0.004825,-0.016483,0.013562,1.101467,0.167449,22,109
stairdescent,6 in,76.0,-0.14947,0.176821,0.009299,0.004893,-0.015699,0.013006,1.101467,0.167449,22,109
stairdescent,6 in,77.0,-0.168226,0.17551,0.009622,0.004749,-0.015702,0.012271,1.101467,0.167449,22,109
stairdescent,6 in,78.0,-0.185517,0.174174,0.01046,0.004544,-0.016244,0.011444,1.101467,0.167449,22,109
stairdescent,6 in,79.0,-0.200855,0.172779,0.01186,0.004584,-0.016972,0.010954,1.101467,0.167449,22,109
stairdescent,6 in,80.0,-0.214465,0.171113,0.013734,0.005104,-0.017635,0.011229,1.101467,0.167449,22,109
stairdescent,6 in,81.0,-0.226459,0.168912,0.015789,0.005933,-0.017025,0.011442,1.101467,0.167449,22,109
stairdescent,6 in,82.0,-0.236306,0.166239,0.017419,0.006724,-0.014883,0.011918,1.101467,0.167449,22,109
stairdescent,6 in,83.0,-0.243327,0.162053,0.017637,0.007951,-0.01222,0.017573,1.101467,0.167449,22,109
stairdescent,6 in,84.0,-0.246575,0.156123,0.014725,0.012127,-0.015587,0.037047,1.101467,0.167449,22,109
stairdescent,6 in,85.0,-0.244966,0.147608,0.006691,0.02212,-0.038834,0.081339,1.101467,0.167449,22,109
stairdescent,6 in,86.0,-0.237144,0.136727,-0.008395,0.038869,-0.101905,0.170843,1.101467,0.167449,22,109
stairdescent,6 in,87.0,-0.222985,0.123803,-0.033424,0.062354,-0.227376,0.32812,1.101467,0.167449,22,109
stairdescent,6 in,88.0,-0.201623,0.110906,-0.06974,0.091266,-0.426329,0.55359,1.101467,0.167449,22,109
stairdescent,6 in,89.0,-0.173721,0.099085,-0.119103,0.123201,-0.701365,0.819918,1.101467,0.167449,22,109
stairdescent,6 in,90.0,-0.139597,0.088469,-0.181645,0.155209,-1.04077,1.078158,1.101467,0.167449,22,109
stairdescent,6 in,91.0,-0.100718,0.078837,-0.255728,0.184924,-1.424583,1.286656,1.101467,0.167449,22,109
stairdescent,6 in,92.0,-0.059613,0.070679,-0.338276,0.211251,-1.814745,1.428956,1.101467,0.167449,22,109
stairdescent,6 in,93.0,-0.018142,0.064371,-0.425196,0.234109,-2.167738,1.508466,1.101467,0.167449,22,109
stairdescent,6 in,94.0,0.022341,0.060009,-0.511572,0.25457,-2.450138,1.52923,1.101467,0.167449,22,109
stairdescent,6 in,95.0,0.060627,0.057465,-0.592165,0.274202,-2.630964,1.515712,1.101467,0.167449,22,109
stairdescent,6 in,96.0,0.096137,0.056529,-0.661981,0.294315,-2.688556,1.449371,1.101467,0.167449,22,109
stairdescent,6 in,97.0,0.128367,0.056095,-0.717162,0.31491,-2.622707,1.339041,1.101467,0.167449,22,109
stairdescent,6 in,98.0,0.156725,0.056275,-0.756889,0.334874,-2.460171,1.243483,1.101467,0.167449,22,109
stairdescent,6 in,99.0,0.181131,0.057077,-0.78322,0.352355,-2.220319,1.118081,1.101467,0.167449,22,109
stairdescent,6 in,100.0,0.201298,0.05819,-0.796247,0.366568,-2.086583,1.056318,1.101467,0.167449,22,109
treadmill,0.50 m/s,0.0,0.066842,0.052848,0.05373,0.037579,-0.065471,0.049708,1.540374,0.114811,22,451
treadmill,0.50 m/s,1.0,0.048914,0.054101,0.063914,0.046305,-0.074598,0.061741,1.540374,0.114811,22,451
treadmill,0.50 m/s,2.0,0.033925,0.055961,0.065893,0.051238,-0.062389,0.06484,1.540374,0.114811,22,451
treadmill,0.50 m/s,3.0,0.024433,0.057806,0.059678,0.053884,-0.036088,0.054923,1.540374,0.114811,22,451
treadmill,0.50 m/s,4.0,0.022048,0.059295,0.047171,0.055821,-0.011931,0.042412,1.540374,0.114811,22,451
treadmill,0.50 m/s,5.0,0.025413,0.060092,0.030465,0.057644,-0.001452,0.036399,1.540374,0.114811,22,451
treadmill,0.50 m/s,6.0,0.032846,0.060489,0.011071,0.05972,-0.003042,0.035485,1.540374,0.114811,22,451
treadmill,0.50 m/s,7.0,0.042681,0.060586,-0.009927,0.062594,-0.01306,0.037586,1.540374,0.114811,22,451
treadmill,0.50 m/s,8.0,0.053416,0.060535,-0.031793,0.066585,-0.026743,0.039836,1.540374,0.114811,22,451
treadmill,0.50 m/s,9.0,0.064302,0.060326,-0.054172,0.071584,-0.04108,0.042667,1.540374,0.114811,22,451
treadmill,0.50 m/s,10.0,0.074976,0.059958,-0.077049,0.07728,-0.054954,0.04629,1.540374,0.114811,22,451
treadmill,0.50 m/s,11.0,0.085289,0.059278,-0.100565,0.083354,-0.06868,0.051587,1.540374,0.114811,22,451
treadmill,0.50 m/s,12.0,0.095467,0.058365,-0.124848,0.089548,-0.083136,0.058436,1.540374,0.114811,22,451
treadmill,0.50 m/s,13.0,0.1054,0.057182,-0.149917,0.095683,-0.097982,0.065225,1.540374,0.114811,22,451
treadmill,0.50 m/s,14.0,0.115256,0.055988,-0.175646,0.101661,-0.1125,0.071676,1.540374,0.114811,22,451
treadmill,0.50 m/s,15.0,0.124795,0.054625,-0.201756,0.107415,-0.125221,0.075889,1.540374,0.114811,22,451
treadmill,0.50 m/s,16.0,0.134087,0.05331,-0.227872,0.112867,-0.136473,0.078185,1.540374,0.114811,22,451
treadmill,0.50 m/s,17.0,0.142982,0.052043,-0.253627,0.117926,-0.145871,0.081114,1.540374,0.114811,22,451
treadmill,0.50 m/s,18.0,0.151525,0.050807,-0.27876,0.122495,-0.153177,0.082434,1.540374,0.114811,22,451
treadmill,0.50 m/s,19.0,0.15961,0.049645,-0.303175,0.126474,-0.158729,0.081022,1.540374,0.114811,22,451
treadmill,0.50 m/s,20.0,0.167348,0.048685,-0.326883,0.129797,-0.163239,0.080369,1.540374,0.114811,22,451
treadmill,0.50 m/s,21.0,0.174707,0.047844,-0.349959,0.132466,-0.164368,0.079221,1.540374,0.114811,22,451
treadmill,0.50 m/s,22.0,0.181632,0.047065,-0.372521,0.134572,-0.165163,0.076166,1.540374,0.114811,22,451
treadmill,0.50 m/s,23.0,0.188328,0.046424,-0.394732,0.136242,-0.167025,0.073397,1.540374,0.114811,22,451
treadmill,0.50 m/s,24.0,0.194741,0.045879,-0.416763,0.137619,-0.169322,0.072427,1.540374,0.114811,22,451
treadmill,0.50 m/s,25.0,0.201009,0.04542,-0.438751,0.138865,-0.175048,0.073421,1.540374,0.114811,22,451
treadmill,0.50 m/s,26.0,0.207251,0.045116,-0.460788,0.140142,-0.182953,0.07534,1.540374,0.114811,22,451
treadmill,0.50 m/s,27.0,0.2135,0.044936,-0.482942,0.141626,-0.192721,0.077113,1.540374,0.114811,22,451
treadmill,0.50 m/s,28.0,0.219841,0.04487,-0.505257,0.143464,-0.204694,0.080384,1.540374,0.114811,22,451
treadmill,0.50 m/s,29.0,0.226297,0.044872,-0.52778,0.14576,-0.217794,0.083897,1.540374,0.114811,22,451
treadmill,0.50 m/s,30.0,0.232897,0.044922,-0.550551,0.148519,-0.232324,0.087793,1.540374,0.114811,22,451
treadmill,0.50 m/s,31.0,0.239658,0.045053,-0.573584,0.151668,-0.247616,0.091129,1.540374,0.114811,22,451
treadmill,0.50 m/s,32.0,0.246554,0.045231,-0.59685,0.155068,-0.262419,0.093409,1.540374,0.114811,22,451
treadmill,0.50 m/s,33.0,0.253553,0.045489,-0.620287,0.158579,-0.278731,0.098113,1.540374,0.114811,22,451
treadmill,0.50 m/s,34.0,0.260705,0.045867,-0.643935,0.162117,-0.294258,0.102324,1.540374,0.114811,22,451
treadmill,0.50 m/s,35.0,0.267911,0.046309,-0.668063,0.165699,-0.310467,0.102626,1.540374,0.114811,22,451
treadmill,0.50 m/s,36.0,0.275306,0.046752,-0.69318,0.169441,-0.328375,0.104697,1.540374,0.114811,22,451
treadmill,0.50 m/s,37.0,0.282796,0.04724,-0.719898,0.173515,-0.345077,0.105096,1.540374,0.114811,22,451
treadmill,0.50 m/s,38.0,0.290427,0.04765,-0.748753,0.178112,-0.362769,0.105766,1.540374,0.114811,22,451
treadmill,0.50 m/s,39.0,0.298141,0.048028,-0.780116,0.183367,-0.383325,0.104695,1.540374,0.114811,22,451
treadmill,0.50 m/s,40.0,0.30605,0.048243,-0.814142,0.189283,-0.404189,0.101833,1.540374,0.114811,22,451
treadmill,0.50 m/s,41.0,0.314018,0.048317,-0.850726,0.195701,-0.425048,0.10415,1.540374,0.114811,22,451
treadmill,0.50 m/s,42.0,0.322122,0.048233,-0.889469,0.202311,-0.446906,0.106613,1.540374,0.114811,22,451
treadmill,0.50 m/s,43.0,0.330283,0.04795,-0.929648,0.208679,-0.46227,0.114915,1.540374,0.114811,22,451
treadmill,0.50 m/s,44.0,0.338291,0.047735,-0.97018,0.214272,-0.470559,0.122212,1.540374,0.114811,22,451
treadmill,0.50 m/s,45.0,0.346144,0.04717,-1.009602,0.218525,-0.465577,0.129285,1.540374,0.114811,22,451
treadmill,0.50 m/s,46.0,0.353554,0.046339,-1.046031,0.220872,-0.447083,0.144001,1.540374,0.114811,22,451
treadmill,0.50 m/s,47.0,0.360503,0.045118,-1.077164,0.220778,-0.397893,0.171126,1.540374,0.114811,22,451
treadmill,0.50 m/s,48.0,0.366147,0.043977,-1.100328,0.21781,-0.315607,0.205601,1.540374,0.114811,22,451
treadmill,0.50 m/s,49.0,0.370548,0.042528,-1.11271,0.21172,-0.212111,0.251003,1.540374,0.114811,22,451
treadmill,0.50 m/s,50.0,0.37314,0.04118,-1.111774,0.202613,-0.073221,0.291889,1.540374,0.114811,22,451
treadmill,0.50 m/s,51.0,0.373418,0.040238,-1.095515,0.191152,0.087352,0.322192,1.540374,0.114811,22,451
treadmill,0.50 m/s,52.0,0.37112,0.039812,-1.063164,0.178703,0.251165,0.347753,1.540374,0.114811,22,451
treadmill,0.50 m/s,53.0,0.36605,0.040012,-1.014905,0.167005,0.407912,0.356453,1.540374,0.114811,22,451
treadmill,0.50 m/s,54.0,0.358026,0.040708,-0.952012,0.157605,0.543038,0.347743,1.540374,0.114811,22,451
treadmill,0.50 m/s,55.0,0.347073,0.042244,-0.876663,0.151319,0.659198,0.326592,1.540374,0.114811,22,451
treadmill,0.50 m/s,56.0,0.332729,0.044832,-0.791658,0.14788,0.749068,0.289649,1.540374,0.114811,22,451
treadmill,0.50 m/s,57.0,0.314997,0.048446,-0.700079,0.146014,0.801971,0.245225,1.540374,0.114811,22,451
treadmill,0.50 m/s,58.0,0.293824,0.052449,-0.605045,0.143871,0.816271,0.214288,1.540374,0.114811,22,451
treadmill,0.50 m/s,59.0,0.269414,0.056643,-0.509512,0.139596,0.787029,0.204878,1.540374,0.114811,22,451
treadmill,0.50 m/s,60.0,0.242268,0.060658,-0.416209,0.131848,0.727354,0.20415,1.540374,0.114811,22,451
treadmill,0.50 m/s,61.0,0.212563,0.064189,-0.327613,0.120121,0.641594,0.208581,1.540374,0.114811,22,451
treadmill,0.50 m/s,62.0,0.181053,0.067181,-0.246055,0.104913,0.527818,0.205638,1.540374,0.114811,22,451
treadmill,0.50 m/s,63.0,0.149182,0.070359,-0.173838,0.08756,0.400396,0.185543,1.540374,0.114811,22,451
treadmill,0.50 m/s,64.0,0.118377,0.074186,-0.112966,0.069825,0.276876,0.151884,1.540374,0.114811,22,451
treadmill,0.50 m/s,65.0,0.090647,0.079157,-0.064697,0.05332,0.171515,0.110588,1.540374,0.114811,22,451
treadmill,0.50 m/s,66.0,0.06776,0.08532,-0.029121,0.039095,0.09346,0.072228,1.540374,0.114811,22,451
treadmill,0.50 m/s,67.0,0.051013,0.092501,-0.00509,0.027541,0.044543,0.044368,1.540374,0.114811,22,451
treadmill,0.50 m/s,68.0,0.041066,0.100104,0.009366,0.018579,0.019931,0.026899,1.540374,0.114811,22,451
treadmill,0.50 m/s,69.0,0.037631,0.107029,0.016656,0.011997,0.011419,0.016177,1.540374,0.114811,22,451
treadmill,0.50 m/s,70.0,0.0403,0.112136,0.019164,0.007592,0.011097,0.011896,1.540374,0.114811,22,451
treadmill,0.50 m/s,71.0,0.048116,0.114533,0.018963,0.00506,0.012984,0.011327,1.540374,0.114811,22,451
treadmill,0.50 m/s,72.0,0.059767,0.1141,0.017572,0.003726,0.014413,0.009833,1.540374,0.114811,22,451
treadmill,0.50 m/s,73.0,0.073786,0.110715,0.015972,0.002931,0.01477,0.00822,1.540374,0.114811,22,451
treadmill,0.50 m/s,74.0,0.088971,0.105283,0.014677,0.002436,0.014077,0.007594,1.540374,0.114811,22,451
treadmill,0.50 m/s,75.0,0.104067,0.098499,0.013874,0.002249,0.012669,0.007332,1.540374,0.114811,22,451
treadmill,0.50 m/s,76.0,0.118171,0.091265,0.013559,0.002322,0.010887,0.006894,1.540374,0.114811,22,451
treadmill,0.50 m/s,77.0,0.130499,0.084429,0.01363,0.002504,0.009019,0.006448,1.540374,0.114811,22,451
treadmill,0.50 m/s,78.0,0.140872,0.077981,0.013964,0.002673,0.007127,0.006193,1.540374,0.114811,22,451
treadmill,0.50 m/s,79.0,0.148894,0.072338,0.014446,0.002782,0.005202,0.006202,1.540374,0.114811,22,451
treadmill,0.50 m/s,80.0,0.154653,0.06723,0.014985,0.002829,0.003254,0.006468,1.540374,0.114811,22,451
treadmill,0.50 m/s,81.0,0.158114,0.062662,0.015516,0.002839,0.001223,0.006868,1.540374,0.114811,22,451
treadmill,0.50 m/s,82.0,0.159363,0.058706,0.015995,0.002835,-0.000822,0.007396,1.540374,0.114811,22,451
treadmill,0.50 m/s,83.0,0.158523,0.055422,0.016383,0.002826,-0.002795,0.007809,1.540374,0.114811,22,451
treadmill,0.50 m/s,84.0,0.155798,0.052923,0.016638,0.002807,-0.004619,0.008031,1.540374,0.114811,22,451
treadmill,0.50 m/s,85.0,0.151387,0.051264,0.016709,0.002762,-0.00603,0.007901,1.540374,0.114811,22,451
treadmill,0.50 m/s,86.0,0.145862,0.050191,0.016532,0.002676,-0.006867,0.00741,1.540374,0.114811,22,451
treadmill,0.50 m/s,87.0,0.139572,0.04949,0.016039,0.002541,-0.007058,0.006929,1.540374,0.114811,22,451
treadmill,0.50 m/s,88.0,0.133173,0.048948,0.015174,0.002366,-0.006644,0.006619,1.540374,0.114811,22,451
treadmill,0.50 m/s,89.0,0.126915,0.048773,0.013904,0.00217,-0.005756,0.006295,1.540374,0.114811,22,451
treadmill,0.50 m/s,90.0,0.121272,0.048916,0.012245,0.001989,-0.004548,0.005678,1.540374,0.114811,22,451
treadmill,0.50 m/s,91.0,0.116296,0.049498,0.01028,0.001861,-0.003182,0.004617,1.540374,0.114811,22,451
treadmill,0.50 m/s,92.0,0.112395,0.050478,0.008186,0.00183,-0.001868,0.003332,1.540374,0.114811,22,451
treadmill,0.50 m/s,93.0,0.109654,0.051367,0.006265,0.001931,-0.000958,0.002232,1.540374,0.114811,22,451
treadmill,0.50 m/s,94.0,0.107921,0.051953,0.005005,0.002236,-0.000691,0.001781,1.540374,0.114811,22,451
treadmill,0.50 m/s,95.0,0.106604,0.052056,0.005142,0.003032,-0.001179,0.002789,1.540374,0.114811,22,451
treadmill,0.50 m/s,96.0,0.104931,0.051993,0.007704,0.005027,-0.002722,0.005856,1.540374,0.114811,22,451
treadmill,0.50 m/s,97.0,0.101474,0.051957,0.013898,0.009172,-0.006618,0.010966,1.540374,0.114811,22,451
treadmill,0.50 m/s,98.0,0.094712,0.052175,0.024598,0.016304,-0.016098,0.017008,1.540374,0.114811,22,451
treadmill,0.50 m/s,99.0,0.083265,0.052741,0.039267,0.026499,-0.035406,0.02616,1.540374,0.114811,22,451
treadmill,0.50 m/s,100.0,0.06729,0.053717,0.054645,0.037854,-0.057777,0.041036,1.540374,0.114811,22,451
treadmill,0.55 m/s,0.0,0.057746,0.04695,0.058778,0.037058,-0.079502,0.054992,1.495781,0.090924,22,465
treadmill,0.55 m/s,1.0,0.036848,0.047136,0.072278,0.046998,-0.097225,0.073983,1.495781,0.090924,22,465
treadmill,0.55 m/s,2.0,0.017561,0.048719,0.077221,0.053665,-0.08599,0.077348,1.495781,0.090924,22,465
treadmill,0.55 m/s,3.0,0.005026,0.051913,0.072951,0.058022,-0.04948,0.059804,1.495781,0.090924,22,465
treadmill,0.55 m/s,4.0,0.000325,0.055417,0.061091,0.061075,-0.016723,0.036886,1.495781,0.090924,22,465
treadmill,0.55 m/s,5.0,0.002468,0.057995,0.043965,0.063362,0.002167,0.025076,1.495781,0.090924,22,465
treadmill,0.55 m/s,6.0,0.010122,0.059808,0.023624,0.065607,0.003967,0.037197,1.495781,0.090924,22,465
treadmill,0.55 m/s,7.0,0.020848,0.060629,0.00166,0.068781,-0.007236,0.049266,1.495781,0.090924,22,465
treadmill,0.55 m/s,8.0,0.032822,0.060719,-0.020926,0.073468,-0.024015,0.056255,1.495781,0.090924,22,465
treadmill,0.55 m/s,9.0,0.045021,0.0604,-0.043711,0.079557,-0.041343,0.060149,1.495781,0.090924,22,465
treadmill,0.55 m/s,10.0,0.056746,0.059799,-0.066658,0.086542,-0.057503,0.06384,1.495781,0.090924,22,465
treadmill,0.55 m/s,11.0,0.068165,0.059189,-0.089838,0.093929,-0.072158,0.067453,1.495781,0.090924,22,465
treadmill,0.55 m/s,12.0,0.079141,0.058392,-0.113274,0.101388,-0.086582,0.072587,1.495781,0.090924,22,465
treadmill,0.55 m/s,13.0,0.089877,0.057633,-0.136904,0.108703,-0.101036,0.078998,1.495781,0.090924,22,465
treadmill,0.55 m/s,14.0,0.100302,0.056749,-0.16061,0.115703,-0.114191,0.084706,1.495781,0.090924,22,465
treadmill,0.55 m/s,15.0,0.110492,0.055855,-0.184257,0.122257,-0.126689,0.088469,1.495781,0.090924,22,465
treadmill,0.55 m/s,16.0,0.12032,0.055006,-0.20771,0.12827,-0.136238,0.090705,1.495781,0.090924,22,465
treadmill,0.55 m/s,17.0,0.129666,0.054091,-0.230829,0.133675,-0.144949,0.091595,1.495781,0.090924,22,465
treadmill,0.55 m/s,18.0,0.138596,0.053373,-0.253468,0.138451,-0.151464,0.091497,1.495781,0.090924,22,465
treadmill,0.55 m/s,19.0,0.147029,0.0527,-0.275519,0.142642,-0.154218,0.091374,1.495781,0.090924,22,465
treadmill,0.55 m/s,20.0,0.154881,0.052197,-0.296963,0.146379,-0.156599,0.090849,1.495781,0.090924,22,465
treadmill,0.55 m/s,21.0,0.162357,0.051802,-0.317888,0.149876,-0.159874,0.089424,1.495781,0.090924,22,465
treadmill,0.55 m/s,22.0,0.169554,0.051504,-0.338474,0.153378,-0.162808,0.088908,1.495781,0.090924,22,465
treadmill,0.55 m/s,23.0,0.176431,0.051194,-0.358932,0.157077,-0.166293,0.089854,1.495781,0.090924,22,465
treadmill,0.55 m/s,24.0,0.183188,0.051002,-0.379445,0.161066,-0.17348,0.093102,1.495781,0.090924,22,465
treadmill,0.55 m/s,25.0,0.189961,0.050908,-0.400151,0.165356,-0.183081,0.097108,1.495781,0.090924,22,465
treadmill,0.55 m/s,26.0,0.196811,0.050763,-0.42113,0.16989,-0.19346,0.100049,1.495781,0.090924,22,465
treadmill,0.55 m/s,27.0,0.203749,0.050666,-0.442416,0.174566,-0.205918,0.103672,1.495781,0.090924,22,465
treadmill,0.55 m/s,28.0,0.210833,0.050633,-0.463992,0.179265,-0.220835,0.107595,1.495781,0.090924,22,465
treadmill,0.55 m/s,29.0,0.2181,0.050625,-0.485809,0.18388,-0.236834,0.110801,1.495781,0.090924,22,465
treadmill,0.55 m/s,30.0,0.225545,0.050737,-0.507829,0.188353,-0.253486,0.113633,1.495781,0.090924,22,465
treadmill,0.55 m/s,31.0,0.233164,0.05086,-0.530065,0.192671,-0.270828,0.117683,1.495781,0.090924,22,465
treadmill,0.55 m/s,32.0,0.240973,0.051064,-0.552618,0.19686,-0.287579,0.121417,1.495781,0.090924,22,465
treadmill,0.55 m/s,33.0,0.248911,0.051278,-0.575665,0.200983,-0.303193,0.1233,1.495781,0.090924,22,465
treadmill,0.55 m/s,34.0,0.256958,0.051572,-0.599463,0.20516,-0.318058,0.124769,1.495781,0.090924,22,465
treadmill,0.55 m/s,35.0,0.26506,0.05192,-0.624341,0.209568,-0.331457,0.125141,1.495781,0.090924,22,465
treadmill,0.55 m/s,36.0,0.273156,0.052355,-0.6507,0.214418,-0.346208,0.125515,1.495781,0.090924,22,465
treadmill,0.55 m/s,37.0,0.281323,0.05285,-0.678964,0.219884,-0.364263,0.125432,1.495781,0.090924,22,465
treadmill,0.55 m/s,38.0,0.28959,0.053277,-0.709533,0.226041,-0.385201,0.123753,1.495781,0.090924,22,465
treadmill,0.55 m/s,39.0,0.298019,0.053552,-0.742714,0.232849,-0.410306,0.126125,1.495781,0.090924,22,465
treadmill,0.55 m/s,40.0,0.306649,0.053787,-0.778663,0.240174,-0.436211,0.126147,1.495781,0.090924,22,465
treadmill,0.55 m/s,41.0,0.315429,0.053673,-0.817328,0.247799,-0.459609,0.125281,1.495781,0.090924,22,465
treadmill,0.55 m/s,42.0,0.32426,0.053415,-0.858369,0.255403,-0.483042,0.122712,1.495781,0.090924,22,465
treadmill,0.55 m/s,43.0,0.333182,0.052852,-0.901076,0.262492,-0.500838,0.119332,1.495781,0.090924,22,465
treadmill,0.55 m/s,44.0,0.341949,0.052108,-0.944337,0.268362,-0.512139,0.117636,1.495781,0.090924,22,465
treadmill,0.55 m/s,45.0,0.350618,0.05097,-0.986672,0.272189,-0.514163,0.11752,1.495781,0.090924,22,465
treadmill,0.55 m/s,46.0,0.358889,0.049679,-1.026248,0.273196,-0.496756,0.122342,1.495781,0.090924,22,465
treadmill,0.55 m/s,47.0,0.366574,0.047971,-1.06091,0.270766,-0.454013,0.14295,1.495781,0.090924,22,465
treadmill,0.55 m/s,48.0,0.373256,0.045971,-1.088232,0.264489,-0.380864,0.175804,1.495781,0.090924,22,465
treadmill,0.55 m/s,49.0,0.378668,0.043727,-1.105681,0.254181,-0.276202,0.216164,1.495781,0.090924,22,465
treadmill,0.55 m/s,50.0,0.382384,0.041444,-1.11087,0.23997,-0.129766,0.260614,1.495781,0.090924,22,465
treadmill,0.55 m/s,51.0,0.383632,0.039388,-1.101701,0.222382,0.038882,0.305219,1.495781,0.090924,22,465
treadmill,0.55 m/s,52.0,0.382493,0.03749,-1.076958,0.20255,0.21872,0.337388,1.495781,0.090924,22,465
treadmill,0.55 m/s,53.0,0.378338,0.03621,-1.036226,0.182121,0.404645,0.355359,1.495781,0.090924,22,465
treadmill,0.55 m/s,54.0,0.370987,0.035304,-0.980006,0.162999,0.573929,0.363691,1.495781,0.090924,22,465
treadmill,0.55 m/s,55.0,0.360291,0.035189,-0.909626,0.146839,0.720203,0.362927,1.495781,0.090924,22,465
treadmill,0.55 m/s,56.0,0.346023,0.035854,-0.827162,0.134498,0.84577,0.344249,1.495781,0.090924,22,465
treadmill,0.55 m/s,57.0,0.327555,0.037737,-0.735221,0.125762,0.930911,0.312927,1.495781,0.090924,22,465
treadmill,0.55 m/s,58.0,0.30516,0.040566,-0.636887,0.119477,0.959874,0.27807,1.495781,0.090924,22,465
treadmill,0.55 m/s,59.0,0.278887,0.044163,-0.535599,0.113994,0.938484,0.242282,1.495781,0.090924,22,465
treadmill,0.55 m/s,60.0,0.249004,0.048018,-0.434996,0.107729,0.865982,0.216693,1.495781,0.090924,22,465
treadmill,0.55 m/s,61.0,0.216194,0.051563,-0.338794,0.09957,0.74886,0.201484,1.495781,0.090924,22,465
treadmill,0.55 m/s,62.0,0.181445,0.054449,-0.250526,0.089038,0.603177,0.193779,1.495781,0.090924,22,465
treadmill,0.55 m/s,63.0,0.14626,0.056602,-0.173282,0.07627,0.447816,0.18157,1.495781,0.090924,22,465
treadmill,0.55 m/s,64.0,0.112428,0.058011,-0.109309,0.061977,0.302044,0.155234,1.495781,0.090924,22,465
treadmill,0.55 m/s,65.0,0.082192,0.059578,-0.059609,0.04731,0.182665,0.11749,1.495781,0.090924,22,465
treadmill,0.55 m/s,66.0,0.057305,0.061927,-0.023689,0.033668,0.097027,0.077245,1.495781,0.090924,22,465
treadmill,0.55 m/s,67.0,0.039138,0.065761,0.000143,0.022291,0.04398,0.043493,1.495781,0.090924,22,465
treadmill,0.55 m/s,68.0,0.028234,0.071042,0.0142,0.01419,0.01766,0.022224,1.495781,0.090924,22,465
treadmill,0.55 m/s,69.0,0.024836,0.076711,0.020952,0.009852,0.00944,0.014889,1.495781,0.090924,22,465
treadmill,0.55 m/s,70.0,0.027996,0.081671,0.022846,0.008457,0.010838,0.01533,1.495781,0.090924,22,465
treadmill,0.55 m/s,71.0,0.036712,0.084882,0.022054,0.008203,0.015467,0.016595,1.495781,0.090924,22,465
treadmill,0.55 m/s,72.0,0.049466,0.086072,0.020159,0.007947,0.018915,0.017809,1.495781,0.090924,22,465
treadmill,0.55 m/s,73.0,0.064556,0.085602,0.018145,0.007393,0.019788,0.017768,1.495781,0.090924,22,465
treadmill,0.55 m/s,74.0,0.080617,0.083711,0.016508,0.00656,0.018607,0.015985,1.495781,0.090924,22,465
treadmill,0.55 m/s,75.0,0.096373,0.081083,0.01545,0.005716,0.016456,0.01329,1.495781,0.090924,22,465
treadmill,0.55 m/s,76.0,0.11106,0.077931,0.014972,0.005115,0.014069,0.010692,1.495781,0.090924,22,465
treadmill,0.55 m/s,77.0,0.124056,0.074486,0.014969,0.004848,0.01169,0.008736,1.495781,0.090924,22,465
treadmill,0.55 m/s,78.0,0.134977,0.070985,0.015286,0.004777,0.009387,0.007483,1.495781,0.090924,22,465
treadmill,0.55 m/s,79.0,0.143639,0.067489,0.015757,0.004662,0.006975,0.006665,1.495781,0.090924,22,465
treadmill,0.55 m/s,80.0,0.149831,0.063957,0.016273,0.004434,0.004457,0.006361,1.495781,0.090924,22,465
treadmill,0.55 m/s,81.0,0.153582,0.060426,0.016845,0.004326,0.001951,0.006668,1.495781,0.090924,22,465
treadmill,0.55 m/s,82.0,0.154968,0.056912,0.017488,0.004495,-0.000637,0.007271,1.495781,0.090924,22,465
treadmill,0.55 m/s,83.0,0.154037,0.05366,0.018178,0.004981,-0.003204,0.007981,1.495781,0.090924,22,465
treadmill,0.55 m/s,84.0,0.151078,0.050789,0.018774,0.0055,-0.005583,0.008629,1.495781,0.090924,22,465
treadmill,0.55 m/s,85.0,0.146384,0.04846,0.019084,0.00566,-0.007572,0.008905,1.495781,0.090924,22,465
treadmill,0.55 m/s,86.0,0.140346,0.046717,0.019015,0.005449,-0.00881,0.008639,1.495781,0.090924,22,465
treadmill,0.55 m/s,87.0,0.133489,0.045542,0.018566,0.005122,-0.009093,0.007937,1.495781,0.090924,22,465
treadmill,0.55 m/s,88.0,0.126471,0.04495,0.017728,0.004934,-0.008609,0.007012,1.495781,0.090924,22,465
treadmill,0.55 m/s,89.0,0.119573,0.044617,0.016427,0.004873,-0.007473,0.006259,1.495781,0.090924,22,465
treadmill,0.55 m/s,90.0,0.113458,0.044631,0.01455,0.004688,-0.00583,0.005649,1.495781,0.090924,22,465
treadmill,0.55 m/s,91.0,0.10835,0.044873,0.012121,0.004256,-0.004051,0.004877,1.495781,0.090924,22,465
treadmill,0.55 m/s,92.0,0.104473,0.04521,0.009386,0.003787,-0.00244,0.003955,1.495781,0.090924,22,465
treadmill,0.55 m/s,93.0,0.101888,0.045627,0.006701,0.003411,-0.00127,0.002811,1.495781,0.090924,22,465
treadmill,0.55 m/s,94.0,0.100551,0.046121,0.004625,0.003306,-0.000784,0.002056,1.495781,0.090924,22,465
treadmill,0.55 m/s,95.0,0.099741,0.046686,0.00407,0.003677,-0.000946,0.002252,1.495781,0.090924,22,465
treadmill,0.55 m/s,96.0,0.098678,0.047004,0.006302,0.004832,-0.001807,0.003612,1.495781,0.090924,22,465
treadmill,0.55 m/s,97.0,0.095744,0.047344,0.012733,0.008197,-0.005064,0.006284,1.495781,0.090924,22,465
treadmill,0.55 m/s,98.0,0.088888,0.047537,0.02441,0.015171,-0.015862,0.012112,1.495781,0.090924,22,465
treadmill,0.55 m/s,99.0,0.076385,0.047621,0.040917,0.025546,-0.040667,0.027117,1.495781,0.090924,22,465
treadmill,0.55 m/s,100.0,0.058184,0.047337,0.058969,0.037505,-0.070032,0.04714,1.495781,0.090924,22,465
treadmill,0.60 m/s,0.0,0.054776,0.045164,0.063904,0.039964,-0.096665,0.065043,1.430621,0.086393,22,482
treadmill,0.60 m/s,1.0,0.032994,0.045639,0.078952,0.050944,-0.114276,0.080315,1.430621,0.086393,22,482
treadmill,0.60 m/s,2.0,0.013443,0.047024,0.084824,0.058351,-0.100115,0.083615,1.430621,0.086393,22,482
treadmill,0.60 m/s,3.0,1.8e-05,0.049493,0.080519,0.063134,-0.058787,0.069127,1.430621,0.086393,22,482
treadmill,0.60 m/s,4.0,-0.005216,0.052479,0.06766,0.066644,-0.01653,0.044494,1.430621,0.086393,22,482
treadmill,0.60 m/s,5.0,-0.002913,0.054991,0.048964,0.069725,0.006844,0.033774,1.430621,0.086393,22,482
treadmill,0.60 m/s,6.0,0.005103,0.056678,0.026956,0.072976,0.008576,0.046751,1.430621,0.086393,22,482
treadmill,0.60 m/s,7.0,0.016642,0.057641,0.003565,0.077089,-0.004773,0.06205,1.430621,0.086393,22,482
treadmill,0.60 m/s,8.0,0.029595,0.057977,-0.02004,0.082483,-0.024335,0.070611,1.430621,0.086393,22,482
treadmill,0.60 m/s,9.0,0.042663,0.058006,-0.043375,0.089039,-0.043995,0.074696,1.430621,0.086393,22,482
treadmill,0.60 m/s,10.0,0.055225,0.057859,-0.066412,0.096248,-0.061125,0.077089,1.430621,0.086393,22,482
treadmill,0.60 m/s,11.0,0.067073,0.057553,-0.089312,0.103562,-0.076024,0.079733,1.430621,0.086393,22,482
treadmill,0.60 m/s,12.0,0.078371,0.057004,-0.112202,0.110593,-0.08995,0.08361,1.430621,0.086393,22,482
treadmill,0.60 m/s,13.0,0.08922,0.056337,-0.135078,0.117099,-0.10349,0.08885,1.430621,0.086393,22,482
treadmill,0.60 m/s,14.0,0.099785,0.055445,-0.157846,0.122918,-0.116918,0.09367,1.430621,0.086393,22,482
treadmill,0.60 m/s,15.0,0.110123,0.054498,-0.180393,0.127985,-0.128942,0.097161,1.430621,0.086393,22,482
treadmill,0.60 m/s,16.0,0.120049,0.053541,-0.202608,0.132355,-0.139407,0.099731,1.430621,0.086393,22,482
treadmill,0.60 m/s,17.0,0.129628,0.052544,-0.224396,0.136157,-0.148855,0.100226,1.430621,0.086393,22,482
treadmill,0.60 m/s,18.0,0.138837,0.051692,-0.245691,0.139494,-0.154942,0.100291,1.430621,0.086393,22,482
treadmill,0.60 m/s,19.0,0.147512,0.050933,-0.266461,0.142388,-0.15887,0.099328,1.430621,0.086393,22,482
treadmill,0.60 m/s,20.0,0.155684,0.050313,-0.286725,0.144826,-0.162268,0.097711,1.430621,0.086393,22,482
treadmill,0.60 m/s,21.0,0.163462,0.049885,-0.306585,0.146859,-0.164872,0.097171,1.430621,0.086393,22,482
treadmill,0.60 m/s,22.0,0.170824,0.049576,-0.326227,0.148665,-0.167897,0.097274,1.430621,0.086393,22,482
treadmill,0.60 m/s,23.0,0.17798,0.049333,-0.345881,0.150489,-0.172377,0.098651,1.430621,0.086393,22,482
treadmill,0.60 m/s,24.0,0.184938,0.04917,-0.365776,0.152543,-0.179232,0.101614,1.430621,0.086393,22,482
treadmill,0.60 m/s,25.0,0.191887,0.049077,-0.386098,0.154949,-0.188363,0.104428,1.430621,0.086393,22,482
treadmill,0.60 m/s,26.0,0.198867,0.049063,-0.406967,0.157748,-0.19867,0.107295,1.430621,0.086393,22,482
treadmill,0.60 m/s,27.0,0.205877,0.049124,-0.428437,0.160933,-0.210392,0.110372,1.430621,0.086393,22,482
treadmill,0.60 m/s,28.0,0.212923,0.049401,-0.45052,0.164494,-0.224586,0.113845,1.430621,0.086393,22,482
treadmill,0.60 m/s,29.0,0.220141,0.049792,-0.473235,0.168416,-0.241825,0.117287,1.430621,0.086393,22,482
treadmill,0.60 m/s,30.0,0.22756,0.050294,-0.496638,0.172686,-0.261981,0.120303,1.430621,0.086393,22,482
treadmill,0.60 m/s,31.0,0.235296,0.050793,-0.520834,0.177296,-0.282766,0.12298,1.430621,0.086393,22,482
treadmill,0.60 m/s,32.0,0.243227,0.051269,-0.545957,0.182221,-0.30251,0.125261,1.430621,0.086393,22,482
treadmill,0.60 m/s,33.0,0.251332,0.051782,-0.572168,0.187447,-0.321145,0.1275,1.430621,0.086393,22,482
treadmill,0.60 m/s,34.0,0.259506,0.052291,-0.599659,0.193022,-0.339436,0.127801,1.430621,0.086393,22,482
treadmill,0.60 m/s,35.0,0.267805,0.052819,-0.628663,0.199038,-0.358759,0.12676,1.430621,0.086393,22,482
treadmill,0.60 m/s,36.0,0.276171,0.053321,-0.65948,0.205565,-0.379867,0.123955,1.430621,0.086393,22,482
treadmill,0.60 m/s,37.0,0.284655,0.05368,-0.692444,0.212582,-0.402648,0.120949,1.430621,0.086393,22,482
treadmill,0.60 m/s,38.0,0.293253,0.053918,-0.727838,0.219952,-0.429094,0.119352,1.430621,0.086393,22,482
treadmill,0.60 m/s,39.0,0.302058,0.053924,-0.76583,0.227443,-0.456159,0.118166,1.430621,0.086393,22,482
treadmill,0.60 m/s,40.0,0.310946,0.05366,-0.80643,0.234781,-0.484303,0.118935,1.430621,0.086393,22,482
treadmill,0.60 m/s,41.0,0.320015,0.053161,-0.849461,0.241636,-0.516177,0.117952,1.430621,0.086393,22,482
treadmill,0.60 m/s,42.0,0.329212,0.052362,-0.894513,0.247617,-0.542965,0.120786,1.430621,0.086393,22,482
treadmill,0.60 m/s,43.0,0.338358,0.051511,-0.940898,0.252278,-0.566855,0.123096,1.430621,0.086393,22,482
treadmill,0.60 m/s,44.0,0.347537,0.050443,-0.987557,0.255119,-0.580179,0.124144,1.430621,0.086393,22,482
treadmill,0.60 m/s,45.0,0.356386,0.049217,-1.032998,0.255653,-0.582268,0.129231,1.430621,0.086393,22,482
treadmill,0.60 m/s,46.0,0.364988,0.047725,-1.075283,0.253489,-0.562369,0.144386,1.430621,0.086393,22,482
treadmill,0.60 m/s,47.0,0.372724,0.04614,-1.11206,0.248339,-0.505519,0.171934,1.430621,0.086393,22,482
treadmill,0.60 m/s,48.0,0.379369,0.04426,-1.14065,0.240083,-0.413262,0.216995,1.430621,0.086393,22,482
treadmill,0.60 m/s,49.0,0.384425,0.042329,-1.158274,0.228893,-0.278047,0.259945,1.430621,0.086393,22,482
treadmill,0.60 m/s,50.0,0.387386,0.040449,-1.162318,0.2153,-0.104142,0.300443,1.430621,0.086393,22,482
treadmill,0.60 m/s,51.0,0.387852,0.039002,-1.150439,0.20019,0.107638,0.336364,1.430621,0.086393,22,482
treadmill,0.60 m/s,52.0,0.385152,0.037864,-1.121183,0.184905,0.32922,0.364362,1.430621,0.086393,22,482
treadmill,0.60 m/s,53.0,0.379353,0.037367,-1.073905,0.171073,0.540189,0.381849,1.430621,0.086393,22,482
treadmill,0.60 m/s,54.0,0.370045,0.037635,-1.009085,0.16029,0.739492,0.376772,1.430621,0.086393,22,482
treadmill,0.60 m/s,55.0,0.356882,0.039274,-0.928379,0.153497,0.914063,0.355569,1.430621,0.086393,22,482
treadmill,0.60 m/s,56.0,0.339478,0.042166,-0.834418,0.150465,1.050795,0.319847,1.430621,0.086393,22,482
treadmill,0.60 m/s,57.0,0.317551,0.046365,-0.730639,0.149757,1.126383,0.279148,1.430621,0.086393,22,482
treadmill,0.60 m/s,58.0,0.291262,0.051236,-0.620996,0.149221,1.132141,0.250269,1.430621,0.086393,22,482
treadmill,0.60 m/s,59.0,0.260725,0.056324,-0.509798,0.146572,1.074404,0.242641,1.430621,0.086393,22,482
treadmill,0.60 m/s,60.0,0.22629,0.060728,-0.401522,0.139922,0.955656,0.263726,1.430621,0.086393,22,482
treadmill,0.60 m/s,61.0,0.189046,0.063955,-0.300551,0.128277,0.788559,0.286458,1.430621,0.086393,22,482
treadmill,0.60 m/s,62.0,0.150544,0.065432,-0.21077,0.111832,0.59686,0.285879,1.430621,0.086393,22,482
treadmill,0.60 m/s,63.0,0.113154,0.065499,-0.135166,0.091956,0.409551,0.251433,1.430621,0.086393,22,482
treadmill,0.60 m/s,64.0,0.078972,0.064975,-0.075354,0.070823,0.249887,0.192735,1.430621,0.086393,22,482
treadmill,0.60 m/s,65.0,0.05037,0.065825,-0.031421,0.050784,0.132326,0.12654,1.430621,0.086393,22,482
treadmill,0.60 m/s,66.0,0.028865,0.069133,-0.001896,0.033894,0.059202,0.069989,1.430621,0.086393,22,482
treadmill,0.60 m/s,67.0,0.015413,0.074816,0.015645,0.021675,0.023382,0.036381,1.430621,0.086393,22,482
treadmill,0.60 m/s,68.0,0.010025,0.081462,0.024153,0.01494,0.01261,0.02944,1.430621,0.086393,22,482
treadmill,0.60 m/s,69.0,0.011943,0.087549,0.026644,0.012875,0.014135,0.03131,1.430621,0.086393,22,482
treadmill,0.60 m/s,70.0,0.01987,0.092057,0.025716,0.012858,0.018793,0.030465,1.430621,0.086393,22,482
treadmill,0.60 m/s,71.0,0.032079,0.094532,0.023322,0.013036,0.021934,0.02754,1.430621,0.086393,22,482
treadmill,0.60 m/s,72.0,0.046784,0.094759,0.020701,0.012907,0.022674,0.024485,1.430621,0.086393,22,482
treadmill,0.60 m/s,73.0,0.062783,0.092939,0.018501,0.012574,0.021561,0.022094,1.430621,0.086393,22,482
treadmill,0.60 m/s,74.0,0.078829,0.089646,0.016971,0.012127,0.019397,0.019884,1.430621,0.086393,22,482
treadmill,0.60 m/s,75.0,0.094255,0.085359,0.01613,0.011612,0.01692,0.017419,1.430621,0.086393,22,482
treadmill,0.60 m/s,76.0,0.108329,0.080831,0.015893,0.011158,0.014424,0.014794,1.430621,0.086393,22,482
treadmill,0.60 m/s,77.0,0.120647,0.076492,0.016117,0.010891,0.012,0.012379,1.430621,0.086393,22,482
treadmill,0.60 m/s,78.0,0.130817,0.072618,0.016605,0.010688,0.009575,0.010514,1.430621,0.086393,22,482
treadmill,0.60 m/s,79.0,0.138639,0.069175,0.017219,0.010494,0.007031,0.009115,1.430621,0.086393,22,482
treadmill,0.60 m/s,80.0,0.143998,0.066027,0.017914,0.010417,0.004316,0.008115,1.430621,0.086393,22,482
treadmill,0.60 m/s,81.0,0.146946,0.063103,0.018629,0.010415,0.001437,0.007562,1.430621,0.086393,22,482
treadmill,0.60 m/s,82.0,0.147533,0.06035,0.019266,0.010215,-0.001515,0.007595,1.430621,0.086393,22,482
treadmill,0.60 m/s,83.0,0.145956,0.057807,0.019809,0.009868,-0.0044,0.008148,1.430621,0.086393,22,482
treadmill,0.60 m/s,84.0,0.142346,0.055391,0.02025,0.009546,-0.007054,0.008802,1.430621,0.086393,22,482
treadmill,0.60 m/s,85.0,0.137047,0.053029,0.020529,0.009367,-0.009222,0.009432,1.430621,0.086393,22,482
treadmill,0.60 m/s,86.0,0.130439,0.050696,0.020532,0.009402,-0.010572,0.010031,1.430621,0.086393,22,482
treadmill,0.60 m/s,87.0,0.123206,0.048313,0.02014,0.00973,-0.010944,0.010735,1.430621,0.086393,22,482
treadmill,0.60 m/s,88.0,0.115885,0.045996,0.019221,0.010165,-0.010428,0.011395,1.430621,0.086393,22,482
treadmill,0.60 m/s,89.0,0.108992,0.043881,0.017618,0.010223,-0.008874,0.011402,1.430621,0.086393,22,482
treadmill,0.60 m/s,90.0,0.10325,0.042347,0.01528,0.009711,-0.006643,0.01012,1.430621,0.086393,22,482
treadmill,0.60 m/s,91.0,0.098729,0.041529,0.012365,0.008862,-0.004211,0.00785,1.430621,0.086393,22,482
treadmill,0.60 m/s,92.0,0.095817,0.041303,0.009198,0.007991,-0.002053,0.00513,1.430621,0.086393,22,482
treadmill,0.60 m/s,93.0,0.094491,0.041618,0.006231,0.007329,-0.000642,0.002544,1.430621,0.086393,22,482
treadmill,0.60 m/s,94.0,0.09437,0.042198,0.004108,0.007013,-6.8e-05,0.000894,1.430621,0.086393,22,482
treadmill,0.60 m/s,95.0,0.094827,0.042731,0.00379,0.007133,-0.000192,0.000871,1.430621,0.086393,22,482
treadmill,0.60 m/s,96.0,0.094697,0.043164,0.006555,0.007806,-0.001248,0.002113,1.430621,0.086393,22,482
treadmill,0.60 m/s,97.0,0.09215,0.043592,0.013792,0.010245,-0.005381,0.00597,1.430621,0.086393,22,482
treadmill,0.60 m/s,98.0,0.085381,0.043988,0.026544,0.016665,-0.018431,0.013759,1.430621,0.086393,22,482
treadmill,0.60 m/s,99.0,0.07272,0.044343,0.044434,0.027405,-0.048123,0.029477,1.430621,0.086393,22,482
treadmill,0.60 m/s,100.0,0.053985,0.044751,0.064125,0.040301,-0.083242,0.05004,1.430621,0.086393,22,482
treadmill,0.65 m/s,0.0,0.051051,0.050888,0.069309,0.041874,-0.11612,0.076877,1.389116,0.081839,22,520
treadmill,0.65 m/s,1.0,0.028055,0.052131,0.084297,0.051615,-0.134138,0.089962,1.389116,0.081839,22,520
treadmill,0.65 m/s,2.0,0.007511,0.053162,0.090113,0.058858,-0.117793,0.095032,1.389116,0.081839,22,520
treadmill,0.65 m/s,3.0,-0.006771,0.05391,0.085651,0.064088,-0.070368,0.083446,1.389116,0.081839,22,520
treadmill,0.65 m/s,4.0,-0.012606,0.054824,0.072373,0.068264,-0.020918,0.056029,1.389116,0.081839,22,520
treadmill,0.65 m/s,5.0,-0.010703,0.055703,0.052915,0.071974,0.006012,0.033755,1.389116,0.081839,22,520
treadmill,0.65 m/s,6.0,-0.002916,0.056303,0.029856,0.075587,0.009959,0.043362,1.389116,0.081839,22,520
treadmill,0.65 m/s,7.0,0.008926,0.056698,0.005259,0.079721,-0.003796,0.063272,1.389116,0.081839,22,520
treadmill,0.65 m/s,8.0,0.022416,0.056727,-0.019488,0.084878,-0.026488,0.075547,1.389116,0.081839,22,520
treadmill,0.65 m/s,9.0,0.036138,0.056533,-0.043674,0.091121,-0.049055,0.082539,1.389116,0.081839,22,520
treadmill,0.65 m/s,10.0,0.049397,0.056219,-0.067119,0.098117,-0.068464,0.08733,1.389116,0.081839,22,520
treadmill,0.65 m/s,11.0,0.061994,0.05584,-0.089928,0.105419,-0.085014,0.09152,1.389116,0.081839,22,520
treadmill,0.65 m/s,12.0,0.073815,0.055433,-0.1123,0.112677,-0.098952,0.096213,1.389116,0.081839,22,520
treadmill,0.65 m/s,13.0,0.085133,0.054969,-0.134382,0.119658,-0.112362,0.101081,1.389116,0.081839,22,520
treadmill,0.65 m/s,14.0,0.096002,0.054561,-0.156218,0.126244,-0.125106,0.105348,1.389116,0.081839,22,520
treadmill,0.65 m/s,15.0,0.106436,0.054084,-0.17776,0.132362,-0.136652,0.10791,1.389116,0.081839,22,520
treadmill,0.65 m/s,16.0,0.1167,0.053593,-0.198936,0.137956,-0.146639,0.10852,1.389116,0.081839,22,520
treadmill,0.65 m/s,17.0,0.126388,0.053099,-0.219717,0.142988,-0.15436,0.108152,1.389116,0.081839,22,520
treadmill,0.65 m/s,18.0,0.135646,0.05269,-0.240159,0.147452,-0.160633,0.106823,1.389116,0.081839,22,520
treadmill,0.65 m/s,19.0,0.144526,0.052346,-0.260368,0.151384,-0.165346,0.105955,1.389116,0.081839,22,520
treadmill,0.65 m/s,20.0,0.152947,0.052112,-0.280469,0.15488,-0.17037,0.105472,1.389116,0.081839,22,520
treadmill,0.65 m/s,21.0,0.161103,0.051913,-0.300596,0.158117,-0.17542,0.105353,1.389116,0.081839,22,520
treadmill,0.65 m/s,22.0,0.168934,0.051736,-0.320921,0.161316,-0.182155,0.106163,1.389116,0.081839,22,520
treadmill,0.65 m/s,23.0,0.176735,0.051666,-0.341648,0.164698,-0.189957,0.10751,1.389116,0.081839,22,520
treadmill,0.65 m/s,24.0,0.184333,0.051619,-0.363,0.16841,-0.197949,0.109602,1.389116,0.081839,22,520
treadmill,0.65 m/s,25.0,0.191909,0.051624,-0.385139,0.172504,-0.208579,0.111449,1.389116,0.081839,22,520
treadmill,0.65 m/s,26.0,0.199477,0.05172,-0.408128,0.176928,-0.220806,0.112102,1.389116,0.081839,22,520
treadmill,0.65 m/s,27.0,0.20712,0.051819,-0.431946,0.181607,-0.236035,0.113291,1.389116,0.081839,22,520
treadmill,0.65 m/s,28.0,0.214874,0.052004,-0.456548,0.186475,-0.254528,0.11608,1.389116,0.081839,22,520
treadmill,0.65 m/s,29.0,0.222807,0.052177,-0.481926,0.191501,-0.276064,0.119905,1.389116,0.081839,22,520
treadmill,0.65 m/s,30.0,0.230977,0.052408,-0.508135,0.19664,-0.298854,0.12302,1.389116,0.081839,22,520
treadmill,0.65 m/s,31.0,0.239353,0.052581,-0.535289,0.201817,-0.321978,0.125474,1.389116,0.081839,22,520
treadmill,0.65 m/s,32.0,0.247925,0.052826,-0.563547,0.206971,-0.344641,0.127853,1.389116,0.081839,22,520
treadmill,0.65 m/s,33.0,0.256655,0.053057,-0.593089,0.212077,-0.365617,0.128914,1.389116,0.081839,22,520
treadmill,0.65 m/s,34.0,0.265461,0.053307,-0.62412,0.217163,-0.383906,0.130993,1.389116,0.081839,22,520
treadmill,0.65 m/s,35.0,0.274252,0.053588,-0.656918,0.222326,-0.403129,0.134438,1.389116,0.081839,22,520
treadmill,0.65 m/s,36.0,0.283119,0.053775,-0.691795,0.227691,-0.425487,0.139497,1.389116,0.081839,22,520
treadmill,0.65 m/s,37.0,0.292021,0.053945,-0.72903,0.233338,-0.449224,0.14648,1.389116,0.081839,22,520
treadmill,0.65 m/s,38.0,0.300978,0.054008,-0.768833,0.239255,-0.477399,0.15366,1.389116,0.081839,22,520
treadmill,0.65 m/s,39.0,0.310067,0.054019,-0.811253,0.245307,-0.510854,0.160718,1.389116,0.081839,22,520
treadmill,0.65 m/s,40.0,0.319334,0.0539,-0.856138,0.251245,-0.543892,0.163513,1.389116,0.081839,22,520
treadmill,0.65 m/s,41.0,0.328659,0.05362,-0.903062,0.256725,-0.576421,0.16214,1.389116,0.081839,22,520
treadmill,0.65 m/s,42.0,0.338105,0.053106,-0.951285,0.261264,-0.601999,0.159155,1.389116,0.081839,22,520
treadmill,0.65 m/s,43.0,0.347372,0.052451,-0.999748,0.264307,-0.619424,0.156369,1.389116,0.081839,22,520
treadmill,0.65 m/s,44.0,0.356563,0.051604,-1.047084,0.26527,-0.628833,0.151266,1.389116,0.081839,22,520
treadmill,0.65 m/s,45.0,0.365429,0.050441,-1.091651,0.263618,-0.611969,0.155881,1.389116,0.081839,22,520
treadmill,0.65 m/s,46.0,0.373579,0.049254,-1.131577,0.258879,-0.568576,0.176527,1.389116,0.081839,22,520
treadmill,0.65 m/s,47.0,0.380852,0.047937,-1.164666,0.25074,-0.489082,0.20684,1.389116,0.081839,22,520
treadmill,0.65 m/s,48.0,0.386661,0.046615,-1.188437,0.239058,-0.368881,0.243701,1.389116,0.081839,22,520
treadmill,0.65 m/s,49.0,0.390819,0.045289,-1.200218,0.224007,-0.21088,0.294144,1.389116,0.081839,22,520
treadmill,0.65 m/s,50.0,0.392738,0.044117,-1.197535,0.206272,-0.004074,0.337369,1.389116,0.081839,22,520
treadmill,0.65 m/s,51.0,0.391786,0.043187,-1.177995,0.187143,0.230193,0.377705,1.389116,0.081839,22,520
treadmill,0.65 m/s,52.0,0.387791,0.042659,-1.14038,0.168744,0.476731,0.41122,1.389116,0.081839,22,520
treadmill,0.65 m/s,53.0,0.380101,0.042593,-1.084133,0.153589,0.720709,0.423934,1.389116,0.081839,22,520
treadmill,0.65 m/s,54.0,0.368508,0.043042,-1.009885,0.143886,0.943342,0.417785,1.389116,0.081839,22,520
treadmill,0.65 m/s,55.0,0.352412,0.044607,-0.919306,0.140196,1.140623,0.377701,1.389116,0.081839,22,520
treadmill,0.65 m/s,56.0,0.331152,0.047215,-0.815158,0.140715,1.278807,0.325795,1.389116,0.081839,22,520
treadmill,0.65 m/s,57.0,0.30473,0.050781,-0.701266,0.142147,1.339069,0.285372,1.389116,0.081839,22,520
treadmill,0.65 m/s,58.0,0.272969,0.055045,-0.582384,0.141221,1.311558,0.278827,1.389116,0.081839,22,520
treadmill,0.65 m/s,59.0,0.236553,0.059448,-0.463851,0.135658,1.197942,0.304477,1.389116,0.081839,22,520
treadmill,0.65 m/s,60.0,0.196191,0.063406,-0.35117,0.124505,1.014582,0.332622,1.389116,0.081839,22,520
treadmill,0.65 m/s,61.0,0.153531,0.066332,-0.249457,0.108121,0.782382,0.334659,1.389116,0.081839,22,520
treadmill,0.65 m/s,62.0,0.11097,0.068141,-0.162766,0.088011,0.539403,0.295681,1.389116,0.081839,22,520
treadmill,0.65 m/s,63.0,0.071215,0.069113,-0.093589,0.066579,0.326269,0.22502,1.389116,0.081839,22,520
treadmill,0.65 m/s,64.0,0.036951,0.069825,-0.042438,0.04659,0.168035,0.144899,1.389116,0.081839,22,520
treadmill,0.65 m/s,65.0,0.010354,0.071088,-0.007875,0.030379,0.070728,0.078379,1.389116,0.081839,22,520
treadmill,0.65 m/s,66.0,-0.007252,0.073635,0.012928,0.01935,0.024956,0.04043,1.389116,0.081839,22,520
treadmill,0.65 m/s,67.0,-0.015826,0.077724,0.023474,0.013716,0.013113,0.034706,1.389116,0.081839,22,520
treadmill,0.65 m/s,68.0,-0.016006,0.082745,0.027252,0.012049,0.017689,0.042852,1.389116,0.081839,22,520
treadmill,0.65 m/s,69.0,-0.009293,0.087728,0.027121,0.012024,0.026035,0.050425,1.389116,0.081839,22,520
treadmill,0.65 m/s,70.0,0.002473,0.091533,0.025203,0.012418,0.032014,0.053019,1.389116,0.081839,22,520
treadmill,0.65 m/s,71.0,0.017699,0.093528,0.022852,0.013001,0.033627,0.04849,1.389116,0.081839,22,520
treadmill,0.65 m/s,72.0,0.034952,0.093445,0.020719,0.013565,0.031385,0.039187,1.389116,0.081839,22,520
treadmill,0.65 m/s,73.0,0.052788,0.091735,0.019072,0.013926,0.027586,0.03016,1.389116,0.081839,22,520
treadmill,0.65 m/s,74.0,0.070355,0.088855,0.017983,0.01397,0.023974,0.024237,1.389116,0.081839,22,520
treadmill,0.65 m/s,75.0,0.086976,0.085246,0.017445,0.013812,0.020896,0.020849,1.389116,0.081839,22,520
treadmill,0.65 m/s,76.0,0.102034,0.081425,0.017394,0.013647,0.017957,0.018304,1.389116,0.081839,22,520
treadmill,0.65 m/s,77.0,0.114988,0.077582,0.017739,0.013628,0.014889,0.015679,1.389116,0.081839,22,520
treadmill,0.65 m/s,78.0,0.125525,0.073917,0.018376,0.013794,0.011862,0.01346,1.389116,0.081839,22,520
treadmill,0.65 m/s,79.0,0.133592,0.070361,0.019157,0.013936,0.008623,0.011167,1.389116,0.081839,22,520
treadmill,0.65 m/s,80.0,0.139016,0.066944,0.019981,0.013927,0.005266,0.009409,1.389116,0.081839,22,520
treadmill,0.65 m/s,81.0,0.141894,0.063723,0.020834,0.013921,0.001856,0.008414,1.389116,0.081839,22,520
treadmill,0.65 m/s,82.0,0.142245,0.060746,0.021703,0.014087,-0.001728,0.007933,1.389116,0.081839,22,520
treadmill,0.65 m/s,83.0,0.140243,0.058067,0.022518,0.014387,-0.005009,0.008373,1.389116,0.081839,22,520
treadmill,0.65 m/s,84.0,0.136452,0.05563,0.023181,0.014784,-0.007792,0.009176,1.389116,0.081839,22,520
treadmill,0.65 m/s,85.0,0.131125,0.053593,0.0236,0.015362,-0.010042,0.009676,1.389116,0.081839,22,520
treadmill,0.65 m/s,86.0,0.12473,0.051951,0.02363,0.016051,-0.011331,0.009947,1.389116,0.081839,22,520
treadmill,0.65 m/s,87.0,0.117884,0.050517,0.023131,0.016801,-0.011276,0.009766,1.389116,0.081839,22,520
treadmill,0.65 m/s,88.0,0.11122,0.049236,0.022002,0.017573,-0.010013,0.009199,1.389116,0.081839,22,520
treadmill,0.65 m/s,89.0,0.105227,0.04801,0.020155,0.018136,-0.008041,0.008813,1.389116,0.081839,22,520
treadmill,0.65 m/s,90.0,0.100247,0.046959,0.017582,0.018234,-0.005645,0.008059,1.389116,0.081839,22,520
treadmill,0.65 m/s,91.0,0.096691,0.046235,0.014505,0.018136,-0.003265,0.006356,1.389116,0.081839,22,520
treadmill,0.65 m/s,92.0,0.094627,0.046,0.011322,0.01826,-0.001489,0.004458,1.389116,0.081839,22,520
treadmill,0.65 m/s,93.0,0.094072,0.046095,0.008499,0.018546,-0.000488,0.002627,1.389116,0.081839,22,520
treadmill,0.65 m/s,94.0,0.094541,0.046615,0.006666,0.018661,-0.000142,0.001784,1.389116,0.081839,22,520
treadmill,0.65 m/s,95.0,0.095357,0.047089,0.006856,0.018922,-0.000294,0.001613,1.389116,0.081839,22,520
treadmill,0.65 m/s,96.0,0.095235,0.047497,0.010396,0.019969,-0.001589,0.002989,1.389116,0.081839,22,520
treadmill,0.65 m/s,97.0,0.092319,0.047924,0.018435,0.021761,-0.007319,0.008453,1.389116,0.081839,22,520
treadmill,0.65 m/s,98.0,0.084701,0.048584,0.031663,0.024884,-0.024598,0.019777,1.389116,0.081839,22,520
treadmill,0.65 m/s,99.0,0.070952,0.049709,0.049738,0.031654,-0.06034,0.040074,1.389116,0.081839,22,520
treadmill,0.65 m/s,100.0,0.051095,0.051118,0.069518,0.041943,-0.099642,0.061551,1.389116,0.081839,22,520
treadmill,0.70 m/s,0.0,0.048349,0.045731,0.06985,0.045661,-0.116968,0.088803,1.327439,0.084836,22,523
treadmill,0.70 m/s,1.0,0.026727,0.04663,0.084281,0.054759,-0.138455,0.104943,1.327439,0.084836,22,523
treadmill,0.70 m/s,2.0,0.006917,0.048145,0.090052,0.062008,-0.124599,0.104462,1.327439,0.084836,22,523
treadmill,0.70 m/s,3.0,-0.006899,0.050591,0.085645,0.066895,-0.076355,0.08088,1.327439,0.084836,22,523
treadmill,0.70 m/s,4.0,-0.012767,0.053138,0.072108,0.07005,-0.025548,0.047326,1.327439,0.084836,22,523
treadmill,0.70 m/s,5.0,-0.011007,0.055142,0.051774,0.07218,0.006811,0.024631,1.327439,0.084836,22,523
treadmill,0.70 m/s,6.0,-0.003008,0.056445,0.027225,0.074073,0.012328,0.044644,1.327439,0.084836,22,523
treadmill,0.70 m/s,7.0,0.008984,0.057001,0.000694,0.076732,-0.003974,0.065108,1.327439,0.084836,22,523
treadmill,0.70 m/s,8.0,0.022965,0.056982,-0.026228,0.080945,-0.030397,0.075847,1.327439,0.084836,22,523
treadmill,0.70 m/s,9.0,0.03743,0.056761,-0.052712,0.086924,-0.058394,0.08132,1.327439,0.084836,22,523
treadmill,0.70 m/s,10.0,0.051431,0.056416,-0.078494,0.094296,-0.082635,0.086434,1.327439,0.084836,22,523
treadmill,0.70 m/s,11.0,0.064707,0.056008,-0.103607,0.102441,-0.102762,0.092686,1.327439,0.084836,22,523
treadmill,0.70 m/s,12.0,0.077198,0.055543,-0.128141,0.110795,-0.119676,0.099998,1.327439,0.084836,22,523
treadmill,0.70 m/s,13.0,0.088996,0.054981,-0.152112,0.118983,-0.134217,0.107445,1.327439,0.084836,22,523
treadmill,0.70 m/s,14.0,0.100346,0.054244,-0.175473,0.126814,-0.147545,0.113114,1.327439,0.084836,22,523
treadmill,0.70 m/s,15.0,0.111247,0.053497,-0.19815,0.134207,-0.159157,0.116742,1.327439,0.084836,22,523
treadmill,0.70 m/s,16.0,0.121732,0.052626,-0.220124,0.14111,-0.168621,0.119084,1.327439,0.084836,22,523
treadmill,0.70 m/s,17.0,0.131703,0.05174,-0.241446,0.147476,-0.175922,0.11884,1.327439,0.084836,22,523
treadmill,0.70 m/s,18.0,0.141242,0.050882,-0.26225,0.153286,-0.182518,0.1178,1.327439,0.084836,22,523
treadmill,0.70 m/s,19.0,0.150361,0.050118,-0.282684,0.158555,-0.187473,0.117222,1.327439,0.084836,22,523
treadmill,0.70 m/s,20.0,0.159012,0.049439,-0.302897,0.16339,-0.192275,0.117184,1.327439,0.084836,22,523
treadmill,0.70 m/s,21.0,0.167366,0.048938,-0.323027,0.167975,-0.196661,0.117809,1.327439,0.084836,22,523
treadmill,0.70 m/s,22.0,0.175321,0.048511,-0.34321,0.172553,-0.200766,0.119967,1.327439,0.084836,22,523
treadmill,0.70 m/s,23.0,0.183035,0.048255,-0.363618,0.177356,-0.207501,0.122668,1.327439,0.084836,22,523
treadmill,0.70 m/s,24.0,0.190653,0.048109,-0.384457,0.182559,-0.216261,0.126954,1.327439,0.084836,22,523
treadmill,0.70 m/s,25.0,0.198193,0.048107,-0.405945,0.188229,-0.227114,0.132284,1.327439,0.084836,22,523
treadmill,0.70 m/s,26.0,0.205745,0.048188,-0.428257,0.194311,-0.23956,0.137222,1.327439,0.084836,22,523
treadmill,0.70 m/s,27.0,0.213333,0.048301,-0.451491,0.200675,-0.255393,0.143358,1.327439,0.084836,22,523
treadmill,0.70 m/s,28.0,0.221075,0.048511,-0.475676,0.207171,-0.275707,0.149359,1.327439,0.084836,22,523
treadmill,0.70 m/s,29.0,0.229056,0.048784,-0.500819,0.213673,-0.297073,0.153645,1.327439,0.084836,22,523
treadmill,0.70 m/s,30.0,0.237188,0.049117,-0.526972,0.220075,-0.318869,0.156086,1.327439,0.084836,22,523
treadmill,0.70 m/s,31.0,0.245542,0.049509,-0.554232,0.226303,-0.342036,0.155115,1.327439,0.084836,22,523
treadmill,0.70 m/s,32.0,0.254084,0.049905,-0.582765,0.232301,-0.364679,0.151547,1.327439,0.084836,22,523
treadmill,0.70 m/s,33.0,0.262748,0.050328,-0.612776,0.238052,-0.387419,0.146851,1.327439,0.084836,22,523
treadmill,0.70 m/s,34.0,0.27155,0.05071,-0.64449,0.243572,-0.411984,0.142933,1.327439,0.084836,22,523
treadmill,0.70 m/s,35.0,0.280444,0.051108,-0.678173,0.2489,-0.436956,0.141973,1.327439,0.084836,22,523
treadmill,0.70 m/s,36.0,0.28941,0.051412,-0.714106,0.254059,-0.464319,0.140532,1.327439,0.084836,22,523
treadmill,0.70 m/s,37.0,0.298538,0.051599,-0.752572,0.258997,-0.494347,0.142026,1.327439,0.084836,22,523
treadmill,0.70 m/s,38.0,0.307754,0.05167,-0.793746,0.26357,-0.52556,0.145796,1.327439,0.084836,22,523
treadmill,0.70 m/s,39.0,0.317084,0.051608,-0.837607,0.267517,-0.556823,0.150634,1.327439,0.084836,22,523
treadmill,0.70 m/s,40.0,0.32645,0.051419,-0.883889,0.270565,-0.587681,0.155342,1.327439,0.084836,22,523
treadmill,0.70 m/s,41.0,0.335861,0.051095,-0.932072,0.272441,-0.614967,0.156792,1.327439,0.084836,22,523
treadmill,0.70 m/s,42.0,0.345185,0.050555,-0.981346,0.272882,-0.632451,0.161263,1.327439,0.084836,22,523
treadmill,0.70 m/s,43.0,0.354282,0.049915,-1.030628,0.271604,-0.646341,0.163266,1.327439,0.084836,22,523
treadmill,0.70 m/s,44.0,0.363202,0.049038,-1.078546,0.268336,-0.648601,0.174655,1.327439,0.084836,22,523
treadmill,0.70 m/s,45.0,0.371681,0.048086,-1.123419,0.262828,-0.62394,0.194097,1.327439,0.084836,22,523
treadmill,0.70 m/s,46.0,0.37943,0.046958,-1.163274,0.254951,-0.57176,0.212937,1.327439,0.084836,22,523
treadmill,0.70 m/s,47.0,0.386197,0.045893,-1.195841,0.244741,-0.483819,0.245269,1.327439,0.084836,22,523
treadmill,0.70 m/s,48.0,0.391563,0.044734,-1.21858,0.232467,-0.343617,0.290861,1.327439,0.084836,22,523
treadmill,0.70 m/s,49.0,0.39495,0.043655,-1.228796,0.218575,-0.15123,0.339196,1.327439,0.084836,22,523
treadmill,0.70 m/s,50.0,0.395855,0.042918,-1.223897,0.203799,0.081618,0.396591,1.327439,0.084836,22,523
treadmill,0.70 m/s,51.0,0.393891,0.042352,-1.201485,0.189071,0.351204,0.447115,1.327439,0.084836,22,523
treadmill,0.70 m/s,52.0,0.388355,0.042253,-1.160237,0.175759,0.628479,0.475844,1.327439,0.084836,22,523
treadmill,0.70 m/s,53.0,0.379118,0.042833,-1.099609,0.165183,0.894272,0.490564,1.327439,0.084836,22,523
treadmill,0.70 m/s,54.0,0.365574,0.044174,-1.020202,0.15823,1.148124,0.481141,1.327439,0.084836,22,523
treadmill,0.70 m/s,55.0,0.347086,0.046524,-0.923792,0.154675,1.351775,0.449714,1.327439,0.084836,22,523
treadmill,0.70 m/s,56.0,0.323405,0.050137,-0.813351,0.153017,1.480831,0.411137,1.327439,0.084836,22,523
treadmill,0.70 m/s,57.0,0.294293,0.054789,-0.693146,0.150932,1.523079,0.371941,1.327439,0.084836,22,523
treadmill,0.70 m/s,58.0,0.259779,0.060157,-0.568483,0.146059,1.465639,0.351815,1.327439,0.084836,22,523
treadmill,0.70 m/s,59.0,0.22041,0.065423,-0.445309,0.136803,1.30691,0.356804,1.327439,0.084836,22,523
treadmill,0.70 m/s,60.0,0.177457,0.070038,-0.329616,0.122655,1.068589,0.360796,1.327439,0.084836,22,523
treadmill,0.70 m/s,61.0,0.132854,0.073556,-0.226663,0.104244,0.791203,0.340727,1.327439,0.084836,22,523
treadmill,0.70 m/s,62.0,0.089032,0.07592,-0.140289,0.083226,0.517559,0.286201,1.327439,0.084836,22,523
treadmill,0.70 m/s,63.0,0.049042,0.077673,-0.072542,0.061986,0.29097,0.208465,1.327439,0.084836,22,523
treadmill,0.70 m/s,64.0,0.015521,0.079524,-0.0234,0.043081,0.133802,0.127326,1.327439,0.084836,22,523
treadmill,0.70 m/s,65.0,-0.009291,0.082167,0.008955,0.028983,0.045787,0.062202,1.327439,0.084836,22,523
treadmill,0.70 m/s,66.0,-0.024386,0.085569,0.027626,0.021935,0.010585,0.031768,1.327439,0.084836,22,523
treadmill,0.70 m/s,67.0,-0.029975,0.089331,0.036146,0.021494,0.006246,0.03678,1.327439,0.084836,22,523
treadmill,0.70 m/s,68.0,-0.027236,0.09273,0.038036,0.023516,0.014785,0.041984,1.327439,0.084836,22,523
treadmill,0.70 m/s,69.0,-0.017948,0.095397,0.036214,0.0252,0.024834,0.041311,1.327439,0.084836,22,523
treadmill,0.70 m/s,70.0,-0.004256,0.097077,0.032809,0.025932,0.031273,0.038188,1.327439,0.084836,22,523
treadmill,0.70 m/s,71.0,0.012015,0.097574,0.02924,0.025999,0.033658,0.035394,1.327439,0.084836,22,523
treadmill,0.70 m/s,72.0,0.029654,0.096755,0.026282,0.025788,0.03312,0.033585,1.327439,0.084836,22,523
treadmill,0.70 m/s,73.0,0.047496,0.094571,0.024211,0.025467,0.030855,0.031927,1.327439,0.084836,22,523
treadmill,0.70 m/s,74.0,0.064884,0.09105,0.022988,0.02504,0.027986,0.029857,1.327439,0.084836,22,523
treadmill,0.70 m/s,75.0,0.081166,0.086794,0.022449,0.024506,0.024907,0.027293,1.327439,0.084836,22,523
treadmill,0.70 m/s,76.0,0.095766,0.082063,0.0224,0.023903,0.021518,0.023837,1.327439,0.084836,22,523
treadmill,0.70 m/s,77.0,0.108303,0.077316,0.022679,0.023309,0.01795,0.019997,1.327439,0.084836,22,523
treadmill,0.70 m/s,78.0,0.118606,0.072687,0.023166,0.022772,0.01421,0.016246,1.327439,0.084836,22,523
treadmill,0.70 m/s,79.0,0.126395,0.068461,0.023778,0.022331,0.010229,0.012679,1.327439,0.084836,22,523
treadmill,0.70 m/s,80.0,0.131727,0.064557,0.024451,0.022006,0.006101,0.010022,1.327439,0.084836,22,523
treadmill,0.70 m/s,81.0,0.13452,0.060989,0.025116,0.021772,0.001794,0.008864,1.327439,0.084836,22,523
treadmill,0.70 m/s,82.0,0.13494,0.057616,0.025708,0.021633,-0.002454,0.009518,1.327439,0.084836,22,523
treadmill,0.70 m/s,83.0,0.133152,0.054507,0.026166,0.021654,-0.006304,0.011213,1.327439,0.084836,22,523
treadmill,0.70 m/s,84.0,0.129367,0.051745,0.02641,0.021911,-0.009407,0.012778,1.327439,0.084836,22,523
treadmill,0.70 m/s,85.0,0.124042,0.049346,0.02632,0.022451,-0.011509,0.013534,1.327439,0.084836,22,523
treadmill,0.70 m/s,86.0,0.11767,0.04731,0.025744,0.023261,-0.012236,0.013377,1.327439,0.084836,22,523
treadmill,0.70 m/s,87.0,0.110913,0.045573,0.024536,0.024282,-0.011598,0.012264,1.327439,0.084836,22,523
treadmill,0.70 m/s,88.0,0.104352,0.044287,0.02261,0.025465,-0.009995,0.010327,1.327439,0.084836,22,523
treadmill,0.70 m/s,89.0,0.098543,0.043292,0.019983,0.026819,-0.007694,0.007852,1.327439,0.084836,22,523
treadmill,0.70 m/s,90.0,0.093934,0.042753,0.016773,0.02835,-0.005297,0.00602,1.327439,0.084836,22,523
treadmill,0.70 m/s,91.0,0.090858,0.042703,0.013207,0.029994,-0.003169,0.006135,1.327439,0.084836,22,523
treadmill,0.70 m/s,92.0,0.089464,0.043243,0.009642,0.031598,-0.00192,0.007238,1.327439,0.084836,22,523
treadmill,0.70 m/s,93.0,0.089463,0.044012,0.006652,0.033031,-0.001268,0.00748,1.327439,0.084836,22,523
treadmill,0.70 m/s,94.0,0.090552,0.044855,0.005103,0.034352,-0.001,0.006195,1.327439,0.084836,22,523
treadmill,0.70 m/s,95.0,0.091672,0.045442,0.006083,0.035685,-0.000974,0.002937,1.327439,0.084836,22,523
treadmill,0.70 m/s,96.0,0.091681,0.045747,0.010655,0.036731,-0.001911,0.005974,1.327439,0.084836,22,523
treadmill,0.70 m/s,97.0,0.088797,0.045704,0.019609,0.036631,-0.007982,0.016766,1.327439,0.084836,22,523
treadmill,0.70 m/s,98.0,0.081231,0.045454,0.033299,0.035728,-0.026073,0.03017,1.327439,0.084836,22,523
treadmill,0.70 m/s,99.0,0.067735,0.045243,0.051228,0.037878,-0.063201,0.051487,1.327439,0.084836,22,523
treadmill,0.70 m/s,100.0,0.048526,0.045374,0.070441,0.045396,-0.103464,0.074186,1.327439,0.084836,22,523
treadmill,0.75 m/s,0.0,0.046333,0.051192,0.070213,0.047586,-0.120613,0.104737,1.290086,0.086099,22,538
treadmill,0.75 m/s,1.0,0.025156,0.050025,0.084439,0.056464,-0.141584,0.118959,1.290086,0.086099,22,538
treadmill,0.75 m/s,2.0,0.005884,0.05062,0.089853,0.06405,-0.129113,0.11711,1.290086,0.086099,22,538
treadmill,0.75 m/s,3.0,-0.007922,0.052518,0.084966,0.069587,-0.081771,0.086597,1.290086,0.086099,22,538
treadmill,0.75 m/s,4.0,-0.013905,0.054876,0.070797,0.073411,-0.028488,0.042153,1.290086,0.086099,22,538
treadmill,0.75 m/s,5.0,-0.01229,0.056713,0.049615,0.076071,0.003947,0.024851,1.290086,0.086099,22,538
treadmill,0.75 m/s,6.0,-0.00434,0.057792,0.023952,0.078384,0.009574,0.053755,1.290086,0.086099,22,538
treadmill,0.75 m/s,7.0,0.008041,0.058118,-0.003988,0.081451,-0.008026,0.079508,1.290086,0.086099,22,538
treadmill,0.75 m/s,8.0,0.02248,0.057798,-0.03257,0.086112,-0.037887,0.092937,1.290086,0.086099,22,538
treadmill,0.75 m/s,9.0,0.037555,0.057172,-0.060836,0.092496,-0.070126,0.099462,1.290086,0.086099,22,538
treadmill,0.75 m/s,10.0,0.052356,0.056547,-0.088354,0.100138,-0.099043,0.103797,1.290086,0.086099,22,538
treadmill,0.75 m/s,11.0,0.066283,0.055865,-0.115007,0.108318,-0.12276,0.109027,1.290086,0.086099,22,538
treadmill,0.75 m/s,12.0,0.079355,0.055225,-0.140803,0.116424,-0.142039,0.115835,1.290086,0.086099,22,538
treadmill,0.75 m/s,13.0,0.091727,0.054599,-0.165781,0.124153,-0.157981,0.121455,1.290086,0.086099,22,538
treadmill,0.75 m/s,14.0,0.103439,0.053887,-0.189964,0.131471,-0.17111,0.125333,1.290086,0.086099,22,538
treadmill,0.75 m/s,15.0,0.114618,0.053113,-0.213392,0.13848,-0.181689,0.127507,1.290086,0.086099,22,538
treadmill,0.75 m/s,16.0,0.125189,0.052265,-0.236128,0.145266,-0.190606,0.127158,1.290086,0.086099,22,538
treadmill,0.75 m/s,17.0,0.135322,0.051472,-0.258275,0.15185,-0.19704,0.126295,1.290086,0.086099,22,538
treadmill,0.75 m/s,18.0,0.144853,0.050656,-0.279947,0.158152,-0.201981,0.125222,1.290086,0.086099,22,538
treadmill,0.75 m/s,19.0,0.153979,0.049988,-0.301257,0.164058,-0.206749,0.124317,1.290086,0.086099,22,538
treadmill,0.75 m/s,20.0,0.162655,0.049412,-0.322344,0.169533,-0.211645,0.124539,1.290086,0.086099,22,538
treadmill,0.75 m/s,21.0,0.171029,0.049009,-0.343385,0.174679,-0.216581,0.123837,1.290086,0.086099,22,538
treadmill,0.75 m/s,22.0,0.179047,0.048688,-0.364616,0.179739,-0.22202,0.125281,1.290086,0.086099,22,538
treadmill,0.75 m/s,23.0,0.186882,0.048471,-0.38629,0.184988,-0.231049,0.128717,1.290086,0.086099,22,538
treadmill,0.75 m/s,24.0,0.194621,0.048313,-0.408639,0.190622,-0.24221,0.131672,1.290086,0.086099,22,538
treadmill,0.75 m/s,25.0,0.202364,0.048193,-0.431839,0.196683,-0.255649,0.135518,1.290086,0.086099,22,538
treadmill,0.75 m/s,26.0,0.210144,0.048111,-0.456031,0.203076,-0.271868,0.140608,1.290086,0.086099,22,538
treadmill,0.75 m/s,27.0,0.218031,0.048012,-0.481302,0.209644,-0.29189,0.145976,1.290086,0.086099,22,538
treadmill,0.75 m/s,28.0,0.22613,0.048005,-0.507737,0.21624,-0.315287,0.151049,1.290086,0.086099,22,538
treadmill,0.75 m/s,29.0,0.234407,0.048078,-0.535407,0.222733,-0.340356,0.154316,1.290086,0.086099,22,538
treadmill,0.75 m/s,30.0,0.242909,0.048227,-0.564384,0.22901,-0.367098,0.155151,1.290086,0.086099,22,538
treadmill,0.75 m/s,31.0,0.25161,0.048448,-0.594755,0.234955,-0.392265,0.153522,1.290086,0.086099,22,538
treadmill,0.75 m/s,32.0,0.260414,0.048678,-0.626631,0.240439,-0.415841,0.149615,1.290086,0.086099,22,538
treadmill,0.75 m/s,33.0,0.269309,0.048905,-0.660183,0.245327,-0.439677,0.145706,1.290086,0.086099,22,538
treadmill,0.75 m/s,34.0,0.278277,0.049108,-0.695619,0.249522,-0.462082,0.146111,1.290086,0.086099,22,538
treadmill,0.75 m/s,35.0,0.287239,0.049333,-0.733189,0.252957,-0.487311,0.147335,1.290086,0.086099,22,538
treadmill,0.75 m/s,36.0,0.296324,0.049388,-0.773113,0.255586,-0.516006,0.149599,1.290086,0.086099,22,538
treadmill,0.75 m/s,37.0,0.305482,0.049354,-0.81555,0.257375,-0.546531,0.155954,1.290086,0.086099,22,538
treadmill,0.75 m/s,38.0,0.31474,0.049187,-0.860503,0.258284,-0.578953,0.163535,1.290086,0.086099,22,538
treadmill,0.75 m/s,39.0,0.324036,0.04893,-0.907778,0.258259,-0.610325,0.172739,1.290086,0.086099,22,538
treadmill,0.75 m/s,40.0,0.333333,0.048588,-0.956935,0.257188,-0.638287,0.179157,1.290086,0.086099,22,538
treadmill,0.75 m/s,41.0,0.342526,0.048152,-1.007258,0.254909,-0.66024,0.184636,1.290086,0.086099,22,538
treadmill,0.75 m/s,42.0,0.35155,0.047609,-1.057748,0.251233,-0.671069,0.194521,1.290086,0.086099,22,538
treadmill,0.75 m/s,43.0,0.360211,0.046982,-1.107149,0.245943,-0.667677,0.206774,1.290086,0.086099,22,538
treadmill,0.75 m/s,44.0,0.368418,0.046244,-1.153967,0.2389,-0.64524,0.224839,1.290086,0.086099,22,538
treadmill,0.75 m/s,45.0,0.375895,0.045471,-1.196439,0.230048,-0.598552,0.249411,1.290086,0.086099,22,538
treadmill,0.75 m/s,46.0,0.382524,0.044486,-1.232531,0.219438,-0.52197,0.287483,1.290086,0.086099,22,538
treadmill,0.75 m/s,47.0,0.38794,0.043471,-1.259933,0.207292,-0.401564,0.335002,1.290086,0.086099,22,538
treadmill,0.75 m/s,48.0,0.391709,0.042415,-1.276025,0.193862,-0.233647,0.384818,1.290086,0.086099,22,538
treadmill,0.75 m/s,49.0,0.393436,0.041285,-1.278098,0.179577,-0.016539,0.440561,1.290086,0.086099,22,538
treadmill,0.75 m/s,50.0,0.392559,0.040291,-1.263634,0.165157,0.248286,0.492754,1.290086,0.086099,22,538
treadmill,0.75 m/s,51.0,0.388484,0.039529,-1.230323,0.151591,0.539782,0.532031,1.290086,0.086099,22,538
treadmill,0.75 m/s,52.0,0.380828,0.039433,-1.177151,0.14046,0.84393,0.554723,1.290086,0.086099,22,538
treadmill,0.75 m/s,53.0,0.368884,0.040287,-1.103888,0.133399,1.13848,0.560119,1.290086,0.086099,22,538
treadmill,0.75 m/s,54.0,0.352265,0.042123,-1.011531,0.131331,1.399048,0.536484,1.290086,0.086099,22,538
treadmill,0.75 m/s,55.0,0.330165,0.046124,-0.902439,0.13356,1.596205,0.483309,1.290086,0.086099,22,538
treadmill,0.75 m/s,56.0,0.302376,0.051694,-0.780367,0.137666,1.694401,0.423248,1.290086,0.086099,22,538
treadmill,0.75 m/s,57.0,0.268781,0.058681,-0.650525,0.140644,1.681258,0.363131,1.290086,0.086099,22,538
treadmill,0.75 m/s,58.0,0.229627,0.066201,-0.519225,0.139701,1.547389,0.345892,1.290086,0.086099,22,538
treadmill,0.75 m/s,59.0,0.186092,0.073174,-0.393211,0.13299,1.311034,0.36983,1.290086,0.086099,22,538
treadmill,0.75 m/s,60.0,0.139733,0.078791,-0.278789,0.119918,1.011324,0.386679,1.290086,0.086099,22,538
treadmill,0.75 m/s,61.0,0.09303,0.082787,-0.180908,0.101169,0.69681,0.363174,1.290086,0.086099,22,538
treadmill,0.75 m/s,62.0,0.048918,0.085097,-0.102454,0.078703,0.419722,0.293664,1.290086,0.086099,22,538
treadmill,0.75 m/s,63.0,0.010289,0.086279,-0.043996,0.055061,0.210686,0.193236,1.290086,0.086099,22,538
treadmill,0.75 m/s,64.0,-0.020181,0.087426,-0.004015,0.033206,0.078856,0.09385,1.290086,0.086099,22,538
treadmill,0.75 m/s,65.0,-0.0408,0.089527,0.020558,0.016626,0.014382,0.039285,1.290086,0.086099,22,538
treadmill,0.75 m/s,66.0,-0.050989,0.092895,0.03343,0.012517,-0.003118,0.047647,1.290086,0.086099,22,538
treadmill,0.75 m/s,67.0,-0.05141,0.096774,0.038251,0.018526,0.004344,0.046699,1.290086,0.086099,22,538
treadmill,0.75 m/s,68.0,-0.043686,0.099744,0.038235,0.02406,0.01966,0.031178,1.290086,0.086099,22,538
treadmill,0.75 m/s,69.0,-0.029971,0.100796,0.035813,0.027499,0.032585,0.020549,1.290086,0.086099,22,538
treadmill,0.75 m/s,70.0,-0.012409,0.099491,0.032602,0.029216,0.039484,0.02585,1.290086,0.086099,22,538
treadmill,0.75 m/s,71.0,0.007146,0.096089,0.029551,0.029759,0.040925,0.03301,1.290086,0.086099,22,538
treadmill,0.75 m/s,72.0,0.02723,0.091493,0.027111,0.029593,0.03883,0.035964,1.290086,0.086099,22,538
treadmill,0.75 m/s,73.0,0.046784,0.086596,0.025401,0.029032,0.035051,0.035255,1.290086,0.086099,22,538
treadmill,0.75 m/s,74.0,0.065027,0.081936,0.024352,0.028283,0.030878,0.032579,1.290086,0.086099,22,538
treadmill,0.75 m/s,75.0,0.081469,0.077765,0.023833,0.027491,0.026879,0.029074,1.290086,0.086099,22,538
treadmill,0.75 m/s,76.0,0.095866,0.074038,0.023714,0.026742,0.023133,0.025658,1.290086,0.086099,22,538
treadmill,0.75 m/s,77.0,0.107957,0.070693,0.023864,0.026062,0.019377,0.022255,1.290086,0.086099,22,538
treadmill,0.75 m/s,78.0,0.117731,0.067372,0.024201,0.025474,0.015447,0.019373,1.290086,0.086099,22,538
treadmill,0.75 m/s,79.0,0.124892,0.064345,0.024677,0.024998,0.011321,0.017303,1.290086,0.086099,22,538
treadmill,0.75 m/s,80.0,0.129543,0.061435,0.025229,0.02464,0.007124,0.015854,1.290086,0.086099,22,538
treadmill,0.75 m/s,81.0,0.131701,0.058613,0.025795,0.024425,0.002697,0.014747,1.290086,0.086099,22,538
treadmill,0.75 m/s,82.0,0.131324,0.056075,0.026315,0.024402,-0.001622,0.013796,1.290086,0.086099,22,538
treadmill,0.75 m/s,83.0,0.128696,0.053677,0.026722,0.024623,-0.005444,0.013142,1.290086,0.086099,22,538
treadmill,0.75 m/s,84.0,0.124081,0.051594,0.026905,0.025123,-0.008579,0.012427,1.290086,0.086099,22,538
treadmill,0.75 m/s,85.0,0.117993,0.04991,0.026706,0.025915,-0.010407,0.012054,1.290086,0.086099,22,538
treadmill,0.75 m/s,86.0,0.11112,0.048677,0.025958,0.027005,-0.01096,0.011627,1.290086,0.086099,22,538
treadmill,0.75 m/s,87.0,0.104052,0.047977,0.024528,0.028379,-0.01025,0.010762,1.290086,0.086099,22,538
treadmill,0.75 m/s,88.0,0.097474,0.047844,0.022337,0.029984,-0.008605,0.009085,1.290086,0.086099,22,538
treadmill,0.75 m/s,89.0,0.091961,0.048059,0.019403,0.031736,-0.006395,0.007155,1.290086,0.086099,22,538
treadmill,0.75 m/s,90.0,0.087883,0.048804,0.015872,0.033546,-0.004308,0.006389,1.290086,0.086099,22,538
treadmill,0.75 m/s,91.0,0.085338,0.050043,0.012009,0.035296,-0.002731,0.007094,1.290086,0.086099,22,538
treadmill,0.75 m/s,92.0,0.084366,0.051782,0.008212,0.03684,-0.001691,0.008001,1.290086,0.086099,22,538
treadmill,0.75 m/s,93.0,0.084854,0.053611,0.005102,0.038129,-0.001395,0.007595,1.290086,0.086099,22,538
treadmill,0.75 m/s,94.0,0.08618,0.055301,0.003574,0.039259,-0.001182,0.005712,1.290086,0.086099,22,538
treadmill,0.75 m/s,95.0,0.087606,0.056688,0.004722,0.04031,-0.000775,0.00214,1.290086,0.086099,22,538
treadmill,0.75 m/s,96.0,0.087802,0.057306,0.009617,0.04096,-0.001193,0.007587,1.290086,0.086099,22,538
treadmill,0.75 m/s,97.0,0.085163,0.056902,0.019033,0.04044,-0.006907,0.019286,1.290086,0.086099,22,538
treadmill,0.75 m/s,98.0,0.077981,0.055454,0.033201,0.039106,-0.025593,0.036318,1.290086,0.086099,22,538
treadmill,0.75 m/s,99.0,0.065054,0.053207,0.051406,0.040608,-0.063875,0.06268,1.290086,0.086099,22,538
treadmill,0.75 m/s,100.0,0.046597,0.051108,0.070573,0.047576,-0.10527,0.08867,1.290086,0.086099,22,538
treadmill,0.80 m/s,0.0,0.046206,0.044739,0.079862,0.04982,-0.150209,0.106675,1.24337,0.062189,22,555
treadmill,0.80 m/s,1.0,0.023497,0.045425,0.094599,0.058712,-0.170987,0.122387,1.24337,0.062189,22,555
treadmill,0.80 m/s,2.0,0.003076,0.046558,0.1002,0.066198,-0.14882,0.122337,1.24337,0.062189,22,555
treadmill,0.80 m/s,3.0,-0.011128,0.04813,0.095126,0.071692,-0.090614,0.100963,1.24337,0.062189,22,555
treadmill,0.80 m/s,4.0,-0.01751,0.049971,0.080379,0.075697,-0.030789,0.067214,1.24337,0.062189,22,555
treadmill,0.80 m/s,5.0,-0.016105,0.051716,0.058318,0.078766,0.009312,0.037233,1.24337,0.062189,22,555
treadmill,0.80 m/s,6.0,-0.007875,0.053334,0.031693,0.081419,0.018167,0.054626,1.24337,0.062189,22,555
treadmill,0.80 m/s,7.0,0.004691,0.054256,0.002925,0.084444,-0.000621,0.082368,1.24337,0.062189,22,555
treadmill,0.80 m/s,8.0,0.019601,0.054563,-0.026197,0.088577,-0.033317,0.097883,1.24337,0.062189,22,555
treadmill,0.80 m/s,9.0,0.035152,0.054521,-0.054634,0.09408,-0.068234,0.104147,1.24337,0.062189,22,555
treadmill,0.80 m/s,10.0,0.050337,0.054322,-0.081942,0.100696,-0.098876,0.107763,1.24337,0.062189,22,555
treadmill,0.80 m/s,11.0,0.064631,0.054032,-0.108019,0.107843,-0.123387,0.111384,1.24337,0.062189,22,555
treadmill,0.80 m/s,12.0,0.07811,0.053716,-0.132944,0.114944,-0.142761,0.115583,1.24337,0.062189,22,555
treadmill,0.80 m/s,13.0,0.090776,0.053348,-0.156825,0.121658,-0.158205,0.120256,1.24337,0.062189,22,555
treadmill,0.80 m/s,14.0,0.102739,0.052874,-0.179772,0.127925,-0.171182,0.12489,1.24337,0.062189,22,555
treadmill,0.80 m/s,15.0,0.114112,0.052325,-0.201908,0.133857,-0.182385,0.128513,1.24337,0.062189,22,555
treadmill,0.80 m/s,16.0,0.125012,0.051686,-0.223363,0.139605,-0.190694,0.131407,1.24337,0.062189,22,555
treadmill,0.80 m/s,17.0,0.135141,0.050984,-0.244297,0.145277,-0.196749,0.133837,1.24337,0.062189,22,555
treadmill,0.80 m/s,18.0,0.144819,0.050292,-0.264902,0.150933,-0.202935,0.135037,1.24337,0.062189,22,555
treadmill,0.80 m/s,19.0,0.154006,0.049718,-0.285386,0.156602,-0.208311,0.136202,1.24337,0.062189,22,555
treadmill,0.80 m/s,20.0,0.162797,0.049261,-0.305967,0.162313,-0.213859,0.137064,1.24337,0.062189,22,555
treadmill,0.80 m/s,21.0,0.171238,0.048942,-0.326857,0.168115,-0.220215,0.139115,1.24337,0.062189,22,555
treadmill,0.80 m/s,22.0,0.179409,0.048709,-0.348267,0.174109,-0.228706,0.142804,1.24337,0.062189,22,555
treadmill,0.80 m/s,23.0,0.187468,0.048658,-0.370395,0.18041,-0.239361,0.146832,1.24337,0.062189,22,555
treadmill,0.80 m/s,24.0,0.195417,0.048698,-0.393425,0.187104,-0.253264,0.152172,1.24337,0.062189,22,555
treadmill,0.80 m/s,25.0,0.203438,0.04891,-0.417534,0.194216,-0.269832,0.157103,1.24337,0.062189,22,555
treadmill,0.80 m/s,26.0,0.211497,0.049154,-0.442874,0.201683,-0.288683,0.161112,1.24337,0.062189,22,555
treadmill,0.80 m/s,27.0,0.219728,0.049437,-0.469555,0.209393,-0.311276,0.165862,1.24337,0.062189,22,555
treadmill,0.80 m/s,28.0,0.228124,0.049771,-0.497659,0.21719,-0.336647,0.170371,1.24337,0.062189,22,555
treadmill,0.80 m/s,29.0,0.23676,0.050105,-0.527246,0.224931,-0.364463,0.174885,1.24337,0.062189,22,555
treadmill,0.80 m/s,30.0,0.245572,0.050462,-0.558395,0.2325,-0.392605,0.177549,1.24337,0.062189,22,555
treadmill,0.80 m/s,31.0,0.254554,0.050806,-0.591224,0.239807,-0.421824,0.175628,1.24337,0.062189,22,555
treadmill,0.80 m/s,32.0,0.263711,0.051149,-0.625889,0.246791,-0.450081,0.171712,1.24337,0.062189,22,555
treadmill,0.80 m/s,33.0,0.272939,0.051462,-0.662585,0.253382,-0.476059,0.16549,1.24337,0.062189,22,555
treadmill,0.80 m/s,34.0,0.282234,0.051698,-0.701496,0.259493,-0.504077,0.159152,1.24337,0.062189,22,555
treadmill,0.80 m/s,35.0,0.291617,0.051846,-0.742802,0.264964,-0.532896,0.155914,1.24337,0.062189,22,555
treadmill,0.80 m/s,36.0,0.301026,0.051907,-0.786612,0.269598,-0.563146,0.155416,1.24337,0.062189,22,555
treadmill,0.80 m/s,37.0,0.310526,0.051824,-0.832956,0.273138,-0.597068,0.15791,1.24337,0.062189,22,555
treadmill,0.80 m/s,38.0,0.320078,0.051606,-0.881693,0.275329,-0.631475,0.162128,1.24337,0.062189,22,555
treadmill,0.80 m/s,39.0,0.329651,0.051293,-0.93249,0.275875,-0.662177,0.164663,1.24337,0.062189,22,555
treadmill,0.80 m/s,40.0,0.339109,0.050859,-0.984755,0.274532,-0.689057,0.168906,1.24337,0.062189,22,555
treadmill,0.80 m/s,41.0,0.348454,0.050341,-1.03768,0.271066,-0.711136,0.176829,1.24337,0.062189,22,555
treadmill,0.80 m/s,42.0,0.357563,0.049742,-1.090247,0.265348,-0.721999,0.189141,1.24337,0.062189,22,555
treadmill,0.80 m/s,43.0,0.366328,0.049017,-1.141258,0.257319,-0.714273,0.215138,1.24337,0.062189,22,555
treadmill,0.80 m/s,44.0,0.374495,0.048381,-1.189282,0.247054,-0.690555,0.243313,1.24337,0.062189,22,555
treadmill,0.80 m/s,45.0,0.382088,0.047509,-1.232632,0.2347,-0.637744,0.282418,1.24337,0.062189,22,555
treadmill,0.80 m/s,46.0,0.388613,0.046782,-1.269313,0.220525,-0.544757,0.330149,1.24337,0.062189,22,555
treadmill,0.80 m/s,47.0,0.393882,0.046087,-1.296987,0.204911,-0.409788,0.375495,1.24337,0.062189,22,555
treadmill,0.80 m/s,48.0,0.397427,0.045503,-1.31304,0.188313,-0.218341,0.426221,1.24337,0.062189,22,555
treadmill,0.80 m/s,49.0,0.398771,0.04497,-1.314709,0.171431,0.027566,0.478724,1.24337,0.062189,22,555
treadmill,0.80 m/s,50.0,0.397399,0.044587,-1.299312,0.155112,0.324127,0.530828,1.24337,0.062189,22,555
treadmill,0.80 m/s,51.0,0.392735,0.044273,-1.264308,0.140781,0.660134,0.568106,1.24337,0.062189,22,555
treadmill,0.80 m/s,52.0,0.384127,0.044269,-1.208306,0.130086,1.012432,0.586513,1.24337,0.062189,22,555
treadmill,0.80 m/s,53.0,0.370978,0.044831,-1.130764,0.124702,1.355154,0.585679,1.24337,0.062189,22,555
treadmill,0.80 m/s,54.0,0.352587,0.046312,-1.032521,0.125047,1.655102,0.548261,1.24337,0.062189,22,555
treadmill,0.80 m/s,55.0,0.328384,0.048965,-0.915977,0.129583,1.874732,0.475223,1.24337,0.062189,22,555
treadmill,0.80 m/s,56.0,0.297865,0.053135,-0.785358,0.135192,1.979245,0.380481,1.24337,0.062189,22,555
treadmill,0.80 m/s,57.0,0.260961,0.058448,-0.646512,0.138402,1.938188,0.324838,1.24337,0.062189,22,555
treadmill,0.80 m/s,58.0,0.218206,0.063978,-0.506622,0.136354,1.746183,0.353831,1.24337,0.062189,22,555
treadmill,0.80 m/s,59.0,0.170868,0.068912,-0.373398,0.127436,1.432154,0.411423,1.24337,0.062189,22,555
treadmill,0.80 m/s,60.0,0.121042,0.072102,-0.253977,0.111569,1.048851,0.430228,1.24337,0.062189,22,555
treadmill,0.80 m/s,61.0,0.071775,0.073198,-0.153825,0.090361,0.667024,0.378086,1.24337,0.062189,22,555
treadmill,0.80 m/s,62.0,0.026338,0.072481,-0.075771,0.066726,0.350242,0.27211,1.24337,0.062189,22,555
treadmill,0.80 m/s,63.0,-0.012034,0.071195,-0.019874,0.044317,0.132858,0.151139,1.24337,0.062189,22,555
treadmill,0.80 m/s,64.0,-0.040876,0.071203,0.016244,0.02715,0.017847,0.065322,1.24337,0.062189,22,555
treadmill,0.80 m/s,65.0,-0.058879,0.073732,0.036388,0.019502,-0.018232,0.056434,1.24337,0.062189,22,555
treadmill,0.80 m/s,66.0,-0.066009,0.078733,0.045042,0.020918,-0.009352,0.064463,1.24337,0.062189,22,555
treadmill,0.80 m/s,67.0,-0.063515,0.084844,0.046367,0.024512,0.014749,0.057187,1.24337,0.062189,22,555
treadmill,0.80 m/s,68.0,-0.05341,0.090417,0.043776,0.027229,0.036258,0.046,1.24337,0.062189,22,555
treadmill,0.80 m/s,69.0,-0.038027,0.094226,0.039643,0.028802,0.048411,0.042166,1.24337,0.062189,22,555
treadmill,0.80 m/s,70.0,-0.019546,0.095574,0.035476,0.029583,0.051985,0.044293,1.24337,0.062189,22,555
treadmill,0.80 m/s,71.0,0.000498,0.094501,0.032044,0.029874,0.050466,0.047,1.24337,0.062189,22,555
treadmill,0.80 m/s,72.0,0.020828,0.091322,0.029613,0.029899,0.046322,0.046623,1.24337,0.062189,22,555
treadmill,0.80 m/s,73.0,0.040564,0.086966,0.028121,0.029736,0.041212,0.043062,1.24337,0.062189,22,555
treadmill,0.80 m/s,74.0,0.059022,0.082299,0.027383,0.029413,0.036552,0.039185,1.24337,0.062189,22,555
treadmill,0.80 m/s,75.0,0.075847,0.077763,0.027195,0.02896,0.032586,0.035796,1.24337,0.062189,22,555
treadmill,0.80 m/s,76.0,0.090632,0.073647,0.027382,0.028414,0.028649,0.03212,1.24337,0.062189,22,555
treadmill,0.80 m/s,77.0,0.103171,0.069973,0.027821,0.02783,0.024721,0.028624,1.24337,0.062189,22,555
treadmill,0.80 m/s,78.0,0.113277,0.066536,0.028434,0.02728,0.020615,0.025449,1.24337,0.062189,22,555
treadmill,0.80 m/s,79.0,0.120946,0.063228,0.029179,0.026836,0.015853,0.021968,1.24337,0.062189,22,555
treadmill,0.80 m/s,80.0,0.126019,0.060069,0.030017,0.026547,0.010834,0.01938,1.24337,0.062189,22,555
treadmill,0.80 m/s,81.0,0.128679,0.056933,0.030892,0.026437,0.005752,0.017843,1.24337,0.062189,22,555
treadmill,0.80 m/s,82.0,0.12888,0.054038,0.031719,0.026527,0.000523,0.016522,1.24337,0.062189,22,555
treadmill,0.80 m/s,83.0,0.126849,0.051412,0.032428,0.026865,-0.00438,0.015272,1.24337,0.062189,22,555
treadmill,0.80 m/s,84.0,0.122859,0.049141,0.032903,0.0275,-0.008329,0.014775,1.24337,0.062189,22,555
treadmill,0.80 m/s,85.0,0.117496,0.047215,0.032964,0.028441,-0.010909,0.01484,1.24337,0.062189,22,555
treadmill,0.80 m/s,86.0,0.111252,0.045637,0.032411,0.029652,-0.012365,0.01489,1.24337,0.062189,22,555
treadmill,0.80 m/s,87.0,0.104722,0.044428,0.031106,0.031108,-0.012331,0.014211,1.24337,0.062189,22,555
treadmill,0.80 m/s,88.0,0.09863,0.043482,0.028963,0.03277,-0.010709,0.012842,1.24337,0.062189,22,555
treadmill,0.80 m/s,89.0,0.093639,0.042835,0.025957,0.034546,-0.008427,0.011121,1.24337,0.062189,22,555
treadmill,0.80 m/s,90.0,0.089988,0.042449,0.022166,0.036286,-0.006006,0.010082,1.24337,0.062189,22,555
treadmill,0.80 m/s,91.0,0.088054,0.042433,0.017855,0.037833,-0.003627,0.01144,1.24337,0.062189,22,555
treadmill,0.80 m/s,92.0,0.087763,0.042923,0.013567,0.039145,-0.002279,0.012736,1.24337,0.062189,22,555
treadmill,0.80 m/s,93.0,0.088936,0.043534,0.010161,0.040375,-0.001791,0.012605,1.24337,0.062189,22,555
treadmill,0.80 m/s,94.0,0.090872,0.044227,0.008707,0.041726,-0.001457,0.009732,1.24337,0.062189,22,555
treadmill,0.80 m/s,95.0,0.092577,0.044764,0.01034,0.04309,-0.001113,0.004221,1.24337,0.062189,22,555
treadmill,0.80 m/s,96.0,0.092647,0.044962,0.01598,0.043775,-0.003013,0.009569,1.24337,0.062189,22,555
treadmill,0.80 m/s,97.0,0.089248,0.044741,0.026199,0.042854,-0.012408,0.023166,1.24337,0.062189,22,555
treadmill,0.80 m/s,98.0,0.080864,0.044445,0.041226,0.041349,-0.037595,0.040492,1.24337,0.062189,22,555
treadmill,0.80 m/s,99.0,0.066397,0.044336,0.060419,0.043179,-0.084042,0.064524,1.24337,0.062189,22,555
treadmill,0.80 m/s,100.0,0.046452,0.044871,0.080521,0.05024,-0.130808,0.087913,1.24337,0.062189,22,555
treadmill,0.85 m/s,0.0,0.050558,0.037603,0.078152,0.041805,-0.138656,0.076742,1.241279,0.06089,22,564
treadmill,0.85 m/s,1.0,0.028371,0.038839,0.093227,0.051723,-0.156275,0.091856,1.241279,0.06089,22,564
treadmill,0.85 m/s,2.0,0.008903,0.040183,0.098431,0.060038,-0.132291,0.094211,1.241279,0.06089,22,564
treadmill,0.85 m/s,3.0,-0.004335,0.041208,0.091947,0.066748,-0.073557,0.078458,1.241279,0.06089,22,564
treadmill,0.85 m/s,4.0,-0.009018,0.042269,0.07474,0.072338,-0.014791,0.048978,1.241279,0.06089,22,564
treadmill,0.85 m/s,5.0,-0.005724,0.043281,0.049035,0.077113,0.014684,0.043125,1.241279,0.06089,22,564
treadmill,0.85 m/s,6.0,0.004138,0.044064,0.017617,0.081393,0.006653,0.072245,1.241279,0.06089,22,564
treadmill,0.85 m/s,7.0,0.017954,0.044534,-0.017014,0.085989,-0.028912,0.097177,1.241279,0.06089,22,564
treadmill,0.85 m/s,8.0,0.033728,0.044654,-0.052935,0.091625,-0.075438,0.113457,1.241279,0.06089,22,564
treadmill,0.85 m/s,9.0,0.050023,0.044614,-0.089002,0.09845,-0.121854,0.123126,1.241279,0.06089,22,564
treadmill,0.85 m/s,10.0,0.065932,0.044522,-0.124661,0.106075,-0.162247,0.129846,1.241279,0.06089,22,564
treadmill,0.85 m/s,11.0,0.081105,0.044351,-0.159677,0.113887,-0.195405,0.135381,1.241279,0.06089,22,564
treadmill,0.85 m/s,12.0,0.095341,0.044123,-0.193892,0.121347,-0.221965,0.139594,1.241279,0.06089,22,564
treadmill,0.85 m/s,13.0,0.108797,0.043799,-0.227156,0.128126,-0.242898,0.143172,1.241279,0.06089,22,564
treadmill,0.85 m/s,14.0,0.121356,0.043417,-0.259386,0.134141,-0.259445,0.145292,1.241279,0.06089,22,564
treadmill,0.85 m/s,15.0,0.133249,0.043026,-0.290572,0.139471,-0.272175,0.146374,1.241279,0.06089,22,564
treadmill,0.85 m/s,16.0,0.144313,0.042635,-0.320781,0.144298,-0.280185,0.147344,1.241279,0.06089,22,564
treadmill,0.85 m/s,17.0,0.154704,0.042308,-0.350132,0.148802,-0.286292,0.149254,1.241279,0.06089,22,564
treadmill,0.85 m/s,18.0,0.164449,0.042087,-0.378768,0.153118,-0.289478,0.152795,1.241279,0.06089,22,564
treadmill,0.85 m/s,19.0,0.173508,0.041937,-0.40687,0.157318,-0.290656,0.154038,1.241279,0.06089,22,564
treadmill,0.85 m/s,20.0,0.182062,0.041845,-0.43465,0.161452,-0.293315,0.155352,1.241279,0.06089,22,564
treadmill,0.85 m/s,21.0,0.190193,0.041861,-0.462362,0.165599,-0.29653,0.156992,1.241279,0.06089,22,564
treadmill,0.85 m/s,22.0,0.197951,0.041881,-0.490288,0.16985,-0.302835,0.157366,1.241279,0.06089,22,564
treadmill,0.85 m/s,23.0,0.20557,0.041951,-0.518684,0.17428,-0.313084,0.158675,1.241279,0.06089,22,564
treadmill,0.85 m/s,24.0,0.213048,0.04211,-0.54776,0.178885,-0.326567,0.15915,1.241279,0.06089,22,564
treadmill,0.85 m/s,25.0,0.220557,0.042279,-0.577653,0.183572,-0.341493,0.157062,1.241279,0.06089,22,564
treadmill,0.85 m/s,26.0,0.228024,0.042431,-0.608472,0.188182,-0.35865,0.156117,1.241279,0.06089,22,564
treadmill,0.85 m/s,27.0,0.235604,0.042581,-0.640315,0.192524,-0.381579,0.157139,1.241279,0.06089,22,564
treadmill,0.85 m/s,28.0,0.243319,0.042782,-0.6733,0.196441,-0.408612,0.156379,1.241279,0.06089,22,564
treadmill,0.85 m/s,29.0,0.251229,0.043,-0.707533,0.199803,-0.437316,0.151817,1.241279,0.06089,22,564
treadmill,0.85 m/s,30.0,0.259274,0.043225,-0.743113,0.202524,-0.464004,0.148314,1.241279,0.06089,22,564
treadmill,0.85 m/s,31.0,0.26738,0.043516,-0.780105,0.204545,-0.491183,0.144009,1.241279,0.06089,22,564
treadmill,0.85 m/s,32.0,0.275587,0.043826,-0.818533,0.205838,-0.516263,0.138879,1.241279,0.06089,22,564
treadmill,0.85 m/s,33.0,0.283746,0.044217,-0.858404,0.206376,-0.538632,0.137492,1.241279,0.06089,22,564
treadmill,0.85 m/s,34.0,0.291901,0.044612,-0.899695,0.206163,-0.561941,0.140286,1.241279,0.06089,22,564
treadmill,0.85 m/s,35.0,0.300022,0.045031,-0.942357,0.205213,-0.586287,0.145226,1.241279,0.06089,22,564
treadmill,0.85 m/s,36.0,0.308141,0.04538,-0.986236,0.203601,-0.610074,0.155464,1.241279,0.06089,22,564
treadmill,0.85 m/s,37.0,0.316185,0.045694,-1.031067,0.201442,-0.63215,0.167279,1.241279,0.06089,22,564
treadmill,0.85 m/s,38.0,0.324169,0.045913,-1.076423,0.198894,-0.65138,0.178851,1.241279,0.06089,22,564
treadmill,0.85 m/s,39.0,0.332006,0.046053,-1.121723,0.196105,-0.66273,0.192094,1.241279,0.06089,22,564
treadmill,0.85 m/s,40.0,0.339603,0.04613,-1.166254,0.19319,-0.665488,0.202852,1.241279,0.06089,22,564
treadmill,0.85 m/s,41.0,0.346905,0.046049,-1.209209,0.190161,-0.652772,0.216703,1.241279,0.06089,22,564
treadmill,0.85 m/s,42.0,0.353677,0.045961,-1.249695,0.186954,-0.620648,0.234605,1.241279,0.06089,22,564
treadmill,0.85 m/s,43.0,0.359831,0.045781,-1.286703,0.183448,-0.574353,0.258928,1.241279,0.06089,22,564
treadmill,0.85 m/s,44.0,0.365298,0.045462,-1.31905,0.17957,-0.501742,0.287209,1.241279,0.06089,22,564
treadmill,0.85 m/s,45.0,0.36974,0.044989,-1.345277,0.175353,-0.394318,0.321835,1.241279,0.06089,22,564
treadmill,0.85 m/s,46.0,0.372953,0.044405,-1.363638,0.170991,-0.255334,0.367964,1.241279,0.06089,22,564
treadmill,0.85 m/s,47.0,0.374631,0.043886,-1.372013,0.166764,-0.076526,0.411149,1.241279,0.06089,22,564
treadmill,0.85 m/s,48.0,0.374427,0.043114,-1.367984,0.163039,0.152771,0.457243,1.241279,0.06089,22,564
treadmill,0.85 m/s,49.0,0.371739,0.042513,-1.348888,0.160201,0.426635,0.503781,1.241279,0.06089,22,564
treadmill,0.85 m/s,50.0,0.366131,0.042202,-1.312175,0.158549,0.738673,0.535026,1.241279,0.06089,22,564
treadmill,0.85 m/s,51.0,0.356914,0.042337,-1.255552,0.158353,1.073741,0.56012,1.241279,0.06089,22,564
treadmill,0.85 m/s,52.0,0.343514,0.043329,-1.177986,0.159479,1.414047,0.565841,1.241279,0.06089,22,564
treadmill,0.85 m/s,53.0,0.324991,0.045469,-1.079649,0.161489,1.720103,0.545855,1.241279,0.06089,22,564
treadmill,0.85 m/s,54.0,0.300886,0.048901,-0.962514,0.163333,1.948106,0.500106,1.241279,0.06089,22,564
treadmill,0.85 m/s,55.0,0.270607,0.053297,-0.830358,0.163482,2.051519,0.448377,1.241279,0.06089,22,564
treadmill,0.85 m/s,56.0,0.23438,0.058449,-0.688822,0.160284,1.999012,0.415027,1.241279,0.06089,22,564
treadmill,0.85 m/s,57.0,0.192752,0.063624,-0.54515,0.152363,1.796702,0.412417,1.241279,0.06089,22,564
treadmill,0.85 m/s,58.0,0.14708,0.068446,-0.407348,0.13919,1.474076,0.42132,1.241279,0.06089,22,564
treadmill,0.85 m/s,59.0,0.099383,0.072585,-0.283104,0.121279,1.089011,0.406183,1.241279,0.06089,22,564
treadmill,0.85 m/s,60.0,0.05246,0.076403,-0.178394,0.100031,0.713631,0.351978,1.241279,0.06089,22,564
treadmill,0.85 m/s,61.0,0.008949,0.080378,-0.096486,0.077666,0.403198,0.268366,1.241279,0.06089,22,564
treadmill,0.85 m/s,62.0,-0.028357,0.085477,-0.037427,0.056291,0.187015,0.180134,1.241279,0.06089,22,564
treadmill,0.85 m/s,63.0,-0.057367,0.091831,0.001205,0.037777,0.064555,0.111311,1.241279,0.06089,22,564
treadmill,0.85 m/s,64.0,-0.076648,0.098999,0.023463,0.02343,0.014185,0.071594,1.241279,0.06089,22,564
treadmill,0.85 m/s,65.0,-0.085678,0.105603,0.033825,0.014369,0.009134,0.054128,1.241279,0.06089,22,564
treadmill,0.85 m/s,66.0,-0.084943,0.110156,0.036423,0.0113,0.022549,0.041805,1.241279,0.06089,22,564
treadmill,0.85 m/s,67.0,-0.07572,0.111722,0.034625,0.01189,0.037287,0.034223,1.241279,0.06089,22,564
treadmill,0.85 m/s,68.0,-0.06001,0.110033,0.030822,0.012857,0.045827,0.033196,1.241279,0.06089,22,564
treadmill,0.85 m/s,69.0,-0.040038,0.105697,0.026571,0.013237,0.047131,0.034342,1.241279,0.06089,22,564
treadmill,0.85 m/s,70.0,-0.017744,0.09959,0.022796,0.013239,0.043972,0.035737,1.241279,0.06089,22,564
treadmill,0.85 m/s,71.0,0.005262,0.092489,0.019915,0.013172,0.038985,0.036079,1.241279,0.06089,22,564
treadmill,0.85 m/s,72.0,0.027832,0.085416,0.01802,0.013159,0.033739,0.034432,1.241279,0.06089,22,564
treadmill,0.85 m/s,73.0,0.0492,0.078936,0.017023,0.013186,0.0292,0.031042,1.241279,0.06089,22,564
treadmill,0.85 m/s,74.0,0.068935,0.073375,0.016758,0.013176,0.025617,0.027236,1.241279,0.06089,22,564
treadmill,0.85 m/s,75.0,0.086596,0.06884,0.017074,0.013147,0.022657,0.023792,1.241279,0.06089,22,564
treadmill,0.85 m/s,76.0,0.102051,0.064945,0.017832,0.013181,0.020023,0.020872,1.241279,0.06089,22,564
treadmill,0.85 m/s,77.0,0.115029,0.061598,0.018896,0.013348,0.017475,0.018908,1.241279,0.06089,22,564
treadmill,0.85 m/s,78.0,0.125425,0.058479,0.020155,0.013689,0.014735,0.017253,1.241279,0.06089,22,564
treadmill,0.85 m/s,79.0,0.133328,0.055433,0.021504,0.014132,0.011471,0.015583,1.241279,0.06089,22,564
treadmill,0.85 m/s,80.0,0.138571,0.052637,0.022861,0.014595,0.007746,0.014216,1.241279,0.06089,22,564
treadmill,0.85 m/s,81.0,0.141386,0.050002,0.024133,0.014971,0.003754,0.013191,1.241279,0.06089,22,564
treadmill,0.85 m/s,82.0,0.141912,0.047511,0.025254,0.015224,-0.000397,0.012699,1.241279,0.06089,22,564
treadmill,0.85 m/s,83.0,0.140415,0.045229,0.026163,0.01542,-0.004342,0.0129,1.241279,0.06089,22,564
treadmill,0.85 m/s,84.0,0.137197,0.043282,0.026759,0.015593,-0.007787,0.01328,1.241279,0.06089,22,564
treadmill,0.85 m/s,85.0,0.132609,0.041757,0.026928,0.01581,-0.010316,0.013268,1.241279,0.06089,22,564
treadmill,0.85 m/s,86.0,0.127131,0.040736,0.026537,0.016134,-0.011648,0.012845,1.241279,0.06089,22,564
treadmill,0.85 m/s,87.0,0.12122,0.040366,0.025491,0.016655,-0.011697,0.011759,1.241279,0.06089,22,564
treadmill,0.85 m/s,88.0,0.115292,0.040501,0.023748,0.017326,-0.010446,0.010158,1.241279,0.06089,22,564
treadmill,0.85 m/s,89.0,0.109926,0.040839,0.021289,0.017975,-0.008279,0.008499,1.241279,0.06089,22,564
treadmill,0.85 m/s,90.0,0.105484,0.041224,0.018115,0.018277,-0.00575,0.006763,1.241279,0.06089,22,564
treadmill,0.85 m/s,91.0,0.10239,0.041377,0.014391,0.018038,-0.003454,0.005177,1.241279,0.06089,22,564
treadmill,0.85 m/s,92.0,0.10069,0.04115,0.01055,0.017382,-0.001966,0.004688,1.241279,0.06089,22,564
treadmill,0.85 m/s,93.0,0.100218,0.040626,0.007293,0.016682,-0.001421,0.005358,1.241279,0.06089,22,564
treadmill,0.85 m/s,94.0,0.100634,0.03984,0.005635,0.016457,-0.001502,0.006256,1.241279,0.06089,22,564
treadmill,0.85 m/s,95.0,0.100881,0.039017,0.006811,0.017133,-0.002457,0.008908,1.241279,0.06089,22,564
treadmill,0.85 m/s,96.0,0.099586,0.038015,0.012005,0.018702,-0.00536,0.013807,1.241279,0.06089,22,564
treadmill,0.85 m/s,97.0,0.095149,0.03719,0.022154,0.02109,-0.01478,0.021992,1.241279,0.06089,22,564
treadmill,0.85 m/s,98.0,0.085818,0.036644,0.037646,0.025112,-0.039004,0.035031,1.241279,0.06089,22,564
treadmill,0.85 m/s,99.0,0.070638,0.03682,0.057583,0.03206,-0.082377,0.051491,1.241279,0.06089,22,564
treadmill,0.85 m/s,100.0,0.050444,0.037859,0.078303,0.041548,-0.127185,0.070422,1.241279,0.06089,22,564
treadmill,0.90 m/s,0.0,0.045288,0.04232,0.079977,0.047176,-0.159784,0.097146,1.203286,0.056283,22,577
treadmill,0.90 m/s,1.0,0.022194,0.044082,0.09534,0.059564,-0.179377,0.110506,1.203286,0.056283,22,577
treadmill,0.90 m/s,2.0,0.002048,0.045727,0.100511,0.069471,-0.151475,0.105237,1.203286,0.056283,22,577
treadmill,0.90 m/s,3.0,-0.011537,0.046685,0.093757,0.077064,-0.086454,0.084851,1.203286,0.056283,22,577
treadmill,0.90 m/s,4.0,-0.016478,0.047707,0.076096,0.083043,-0.020994,0.056222,1.203286,0.056283,22,577
treadmill,0.90 m/s,5.0,-0.013197,0.048611,0.049973,0.087971,0.014778,0.057566,1.203286,0.056283,22,577
treadmill,0.90 m/s,6.0,-0.003123,0.049541,0.018274,0.092288,0.010342,0.089931,1.203286,0.056283,22,577
treadmill,0.90 m/s,7.0,0.011107,0.050172,-0.016474,0.096935,-0.025577,0.114805,1.203286,0.056283,22,577
treadmill,0.90 m/s,8.0,0.027425,0.050484,-0.052312,0.102761,-0.07447,0.129227,1.203286,0.056283,22,577
treadmill,0.90 m/s,9.0,0.044427,0.05061,-0.088002,0.110101,-0.123899,0.137331,1.203286,0.056283,22,577
treadmill,0.90 m/s,10.0,0.061038,0.050612,-0.122899,0.118697,-0.167274,0.144237,1.203286,0.056283,22,577
treadmill,0.90 m/s,11.0,0.076934,0.050584,-0.15674,0.127888,-0.202226,0.151804,1.203286,0.056283,22,577
treadmill,0.90 m/s,12.0,0.091724,0.050427,-0.189437,0.136977,-0.228609,0.159173,1.203286,0.056283,22,577
treadmill,0.90 m/s,13.0,0.105625,0.050199,-0.220946,0.145432,-0.248925,0.164822,1.203286,0.056283,22,577
treadmill,0.90 m/s,14.0,0.118508,0.049863,-0.251277,0.153048,-0.262753,0.167701,1.203286,0.056283,22,577
treadmill,0.90 m/s,15.0,0.130476,0.049463,-0.280485,0.159829,-0.271535,0.167545,1.203286,0.056283,22,577
treadmill,0.90 m/s,16.0,0.141575,0.048924,-0.30867,0.16593,-0.278173,0.166225,1.203286,0.056283,22,577
treadmill,0.90 m/s,17.0,0.15201,0.048432,-0.335967,0.171499,-0.283183,0.164469,1.203286,0.056283,22,577
treadmill,0.90 m/s,18.0,0.161809,0.047929,-0.362532,0.176663,-0.284757,0.162662,1.203286,0.056283,22,577
treadmill,0.90 m/s,19.0,0.170967,0.047422,-0.388582,0.181469,-0.286698,0.161117,1.203286,0.056283,22,577
treadmill,0.90 m/s,20.0,0.17968,0.047014,-0.414384,0.185985,-0.288767,0.160076,1.203286,0.056283,22,577
treadmill,0.90 m/s,21.0,0.187936,0.046632,-0.440263,0.190305,-0.294183,0.159496,1.203286,0.056283,22,577
treadmill,0.90 m/s,22.0,0.196002,0.046436,-0.466539,0.194577,-0.302338,0.159522,1.203286,0.056283,22,577
treadmill,0.90 m/s,23.0,0.203785,0.046296,-0.493492,0.198943,-0.311696,0.160629,1.203286,0.056283,22,577
treadmill,0.90 m/s,24.0,0.211502,0.046298,-0.521336,0.203479,-0.325847,0.163377,1.203286,0.056283,22,577
treadmill,0.90 m/s,25.0,0.219144,0.046408,-0.550216,0.208154,-0.341805,0.165383,1.203286,0.056283,22,577
treadmill,0.90 m/s,26.0,0.22679,0.046539,-0.580259,0.212838,-0.362281,0.166591,1.203286,0.056283,22,577
treadmill,0.90 m/s,27.0,0.23456,0.046726,-0.611565,0.217331,-0.386329,0.168923,1.203286,0.056283,22,577
treadmill,0.90 m/s,28.0,0.242433,0.04695,-0.644237,0.221413,-0.41327,0.170875,1.203286,0.056283,22,577
treadmill,0.90 m/s,29.0,0.250478,0.047133,-0.678345,0.224885,-0.443293,0.167589,1.203286,0.056283,22,577
treadmill,0.90 m/s,30.0,0.258686,0.047311,-0.71393,0.2276,-0.473811,0.162297,1.203286,0.056283,22,577
treadmill,0.90 m/s,31.0,0.267013,0.047516,-0.75101,0.229475,-0.502736,0.15445,1.203286,0.056283,22,577
treadmill,0.90 m/s,32.0,0.275403,0.047687,-0.789588,0.230483,-0.528017,0.146989,1.203286,0.056283,22,577
treadmill,0.90 m/s,33.0,0.283791,0.047884,-0.829675,0.230626,-0.55173,0.138237,1.203286,0.056283,22,577
treadmill,0.90 m/s,34.0,0.292186,0.047962,-0.871265,0.229936,-0.575391,0.133301,1.203286,0.056283,22,577
treadmill,0.90 m/s,35.0,0.300558,0.047957,-0.914306,0.228475,-0.59857,0.142293,1.203286,0.056283,22,577
treadmill,0.90 m/s,36.0,0.308881,0.047894,-0.958702,0.22635,-0.622986,0.155218,1.203286,0.056283,22,577
treadmill,0.90 m/s,37.0,0.317179,0.047702,-1.004227,0.223706,-0.64747,0.171396,1.203286,0.056283,22,577
treadmill,0.90 m/s,38.0,0.3254,0.047435,-1.050558,0.220699,-0.665854,0.189615,1.203286,0.056283,22,577
treadmill,0.90 m/s,39.0,0.333425,0.047083,-1.097219,0.217448,-0.679794,0.204511,1.203286,0.056283,22,577
treadmill,0.90 m/s,40.0,0.341282,0.046605,-1.143596,0.213983,-0.687201,0.220316,1.203286,0.056283,22,577
treadmill,0.90 m/s,41.0,0.348818,0.046051,-1.188928,0.21026,-0.676678,0.236979,1.203286,0.056283,22,577
treadmill,0.90 m/s,42.0,0.355853,0.045403,-1.232262,0.206137,-0.646564,0.256279,1.203286,0.056283,22,577
treadmill,0.90 m/s,43.0,0.362248,0.04475,-1.272495,0.201487,-0.596415,0.282336,1.203286,0.056283,22,577
treadmill,0.90 m/s,44.0,0.367863,0.043927,-1.30831,0.196221,-0.524307,0.314157,1.203286,0.056283,22,577
treadmill,0.90 m/s,45.0,0.372543,0.043033,-1.338143,0.190436,-0.420021,0.358208,1.203286,0.056283,22,577
treadmill,0.90 m/s,46.0,0.375978,0.042128,-1.360124,0.18439,-0.279822,0.415856,1.203286,0.056283,22,577
treadmill,0.90 m/s,47.0,0.37796,0.041027,-1.372087,0.178577,-0.096164,0.478057,1.203286,0.056283,22,577
treadmill,0.90 m/s,48.0,0.377989,0.040095,-1.371574,0.173684,0.13927,0.541235,1.203286,0.056283,22,577
treadmill,0.90 m/s,49.0,0.375626,0.039348,-1.355899,0.170382,0.417998,0.598385,1.203286,0.056283,22,577
treadmill,0.90 m/s,50.0,0.370394,0.03908,-1.322473,0.169214,0.74712,0.650311,1.203286,0.056283,22,577
treadmill,0.90 m/s,51.0,0.361458,0.039808,-1.26874,0.170235,1.110374,0.672781,1.203286,0.056283,22,577
treadmill,0.90 m/s,52.0,0.348216,0.041487,-1.193501,0.172965,1.473243,0.677532,1.203286,0.056283,22,577
treadmill,0.90 m/s,53.0,0.329925,0.044773,-1.096641,0.176385,1.809221,0.640872,1.203286,0.056283,22,577
treadmill,0.90 m/s,54.0,0.305752,0.049224,-0.979919,0.179097,2.059175,0.580366,1.203286,0.056283,22,577
treadmill,0.90 m/s,55.0,0.275549,0.054812,-0.847042,0.179366,2.175384,0.523321,1.203286,0.056283,22,577
treadmill,0.90 m/s,56.0,0.239178,0.060809,-0.703688,0.17539,2.138003,0.474371,1.203286,0.056283,22,577
treadmill,0.90 m/s,57.0,0.197145,0.066574,-0.557279,0.165777,1.931526,0.458646,1.203286,0.056283,22,577
treadmill,0.90 m/s,58.0,0.150939,0.071483,-0.416108,0.150002,1.592464,0.461529,1.203286,0.056283,22,577
treadmill,0.90 m/s,59.0,0.102437,0.075092,-0.288186,0.128732,1.182314,0.443258,1.203286,0.056283,22,577
treadmill,0.90 m/s,60.0,0.054354,0.077553,-0.179878,0.103934,0.769907,0.378688,1.203286,0.056283,22,577
treadmill,0.90 m/s,61.0,0.009819,0.079592,-0.094753,0.078534,0.423401,0.275009,1.203286,0.056283,22,577
treadmill,0.90 m/s,62.0,-0.028263,0.082176,-0.033284,0.055906,0.182104,0.165818,1.203286,0.056283,22,577
treadmill,0.90 m/s,63.0,-0.057557,0.086071,0.006705,0.039065,0.050016,0.091427,1.203286,0.056283,22,577
treadmill,0.90 m/s,64.0,-0.076721,0.091124,0.029328,0.030054,0.00362,0.070171,1.203286,0.056283,22,577
treadmill,0.90 m/s,65.0,-0.085396,0.096228,0.039204,0.027882,0.00817,0.071396,1.203286,0.056283,22,577
treadmill,0.90 m/s,66.0,-0.084401,0.100068,0.040815,0.028763,0.0319,0.075203,1.203286,0.056283,22,577
treadmill,0.90 m/s,67.0,-0.075278,0.101588,0.037794,0.029778,0.054372,0.083067,1.203286,0.056283,22,577
treadmill,0.90 m/s,68.0,-0.060222,0.100542,0.032793,0.030044,0.067171,0.092506,1.203286,0.056283,22,577
treadmill,0.90 m/s,69.0,-0.041225,0.09719,0.027527,0.029593,0.069993,0.098338,1.203286,0.056283,22,577
treadmill,0.90 m/s,70.0,-0.020208,0.092269,0.022944,0.028593,0.066055,0.097992,1.203286,0.056283,22,577
treadmill,0.90 m/s,71.0,0.001456,0.08653,0.01948,0.027349,0.059018,0.092266,1.203286,0.056283,22,577
treadmill,0.90 m/s,72.0,0.022827,0.080834,0.017239,0.026155,0.051084,0.082828,1.203286,0.056283,22,577
treadmill,0.90 m/s,73.0,0.043076,0.075743,0.01613,0.025121,0.043541,0.07099,1.203286,0.056283,22,577
treadmill,0.90 m/s,74.0,0.0619,0.071444,0.015942,0.02423,0.036741,0.057843,1.203286,0.056283,22,577
treadmill,0.90 m/s,75.0,0.078858,0.068083,0.016433,0.023408,0.030383,0.044053,1.203286,0.056283,22,577
treadmill,0.90 m/s,76.0,0.093699,0.065274,0.017403,0.022628,0.024489,0.031418,1.203286,0.056283,22,577
treadmill,0.90 m/s,77.0,0.106348,0.062899,0.018657,0.021867,0.01897,0.022357,1.203286,0.056283,22,577
treadmill,0.90 m/s,78.0,0.116553,0.060692,0.020023,0.021074,0.013765,0.018238,1.203286,0.056283,22,577
treadmill,0.90 m/s,79.0,0.124377,0.058487,0.021409,0.020244,0.008995,0.017459,1.203286,0.056283,22,577
treadmill,0.90 m/s,80.0,0.129702,0.056214,0.022789,0.019428,0.004495,0.017196,1.203286,0.056283,22,577
treadmill,0.90 m/s,81.0,0.13262,0.053844,0.024172,0.018757,0.000237,0.01659,1.203286,0.056283,22,577
treadmill,0.90 m/s,82.0,0.133244,0.051405,0.025502,0.018279,-0.003776,0.015942,1.203286,0.056283,22,577
treadmill,0.90 m/s,83.0,0.131822,0.04894,0.026624,0.017918,-0.007407,0.015709,1.203286,0.056283,22,577
treadmill,0.90 m/s,84.0,0.128688,0.046531,0.027374,0.017655,-0.010383,0.015728,1.203286,0.056283,22,577
treadmill,0.90 m/s,85.0,0.124276,0.044321,0.027619,0.017566,-0.012197,0.015623,1.203286,0.056283,22,577
treadmill,0.90 m/s,86.0,0.119136,0.042382,0.027222,0.017715,-0.012707,0.014958,1.203286,0.056283,22,577
treadmill,0.90 m/s,87.0,0.113661,0.040877,0.025996,0.017984,-0.011869,0.013495,1.203286,0.056283,22,577
treadmill,0.90 m/s,88.0,0.108389,0.039768,0.023791,0.018181,-0.0098,0.01125,1.203286,0.056283,22,577
treadmill,0.90 m/s,89.0,0.103712,0.039107,0.020595,0.018133,-0.006873,0.00855,1.203286,0.056283,22,577
treadmill,0.90 m/s,90.0,0.100149,0.038612,0.016562,0.017687,-0.003948,0.005751,1.203286,0.056283,22,577
treadmill,0.90 m/s,91.0,0.097821,0.038422,0.012073,0.016937,-0.001847,0.003139,1.203286,0.056283,22,577
treadmill,0.90 m/s,92.0,0.096838,0.038517,0.007707,0.016104,-0.000743,0.001359,1.203286,0.056283,22,577
treadmill,0.90 m/s,93.0,0.097015,0.038733,0.004308,0.015598,-0.000646,0.000984,1.203286,0.056283,22,577
treadmill,0.90 m/s,94.0,0.097914,0.038901,0.002907,0.015691,-0.001058,0.00208,1.203286,0.056283,22,577
treadmill,0.90 m/s,95.0,0.098412,0.038918,0.00464,0.016402,-0.001597,0.004531,1.203286,0.056283,22,577
treadmill,0.90 m/s,96.0,0.097125,0.03894,0.010583,0.017592,-0.004188,0.009484,1.203286,0.056283,22,577
treadmill,0.90 m/s,97.0,0.092272,0.038996,0.021566,0.019715,-0.01458,0.017844,1.203286,0.056283,22,577
treadmill,0.90 m/s,98.0,0.082317,0.03935,0.037913,0.024709,-0.042208,0.032513,1.203286,0.056283,22,577
treadmill,0.90 m/s,99.0,0.066376,0.040435,0.058598,0.034228,-0.092092,0.055591,1.203286,0.056283,22,577
treadmill,0.90 m/s,100.0,0.045397,0.042342,0.079879,0.046922,-0.143251,0.08115,1.203286,0.056283,22,577
treadmill,0.95 m/s,0.0,0.043173,0.043911,0.08816,0.051457,-0.173416,0.108394,1.167779,0.060891,22,595
treadmill,0.95 m/s,1.0,0.020399,0.046092,0.103542,0.060595,-0.193618,0.120029,1.167779,0.060891,22,595
treadmill,0.95 m/s,2.0,0.000215,0.047708,0.108484,0.069606,-0.164572,0.11848,1.167779,0.060891,22,595
treadmill,0.95 m/s,3.0,-0.013399,0.048675,0.101438,0.077814,-0.093604,0.092671,1.167779,0.060891,22,595
treadmill,0.95 m/s,4.0,-0.018399,0.049314,0.083189,0.085218,-0.024053,0.056601,1.167779,0.060891,22,595
treadmill,0.95 m/s,5.0,-0.015266,0.049722,0.056075,0.091711,0.012119,0.060126,1.167779,0.060891,22,595
treadmill,0.95 m/s,6.0,-0.005494,0.049974,0.022943,0.097351,0.005917,0.101259,1.167779,0.060891,22,595
treadmill,0.95 m/s,7.0,0.008558,0.050106,-0.013569,0.102566,-0.031761,0.136543,1.167779,0.060891,22,595
treadmill,0.95 m/s,8.0,0.025067,0.050097,-0.051291,0.107966,-0.084032,0.158261,1.167779,0.060891,22,595
treadmill,0.95 m/s,9.0,0.04241,0.04993,-0.088772,0.113989,-0.137689,0.167337,1.167779,0.060891,22,595
treadmill,0.95 m/s,10.0,0.059477,0.049719,-0.125244,0.12075,-0.184043,0.169542,1.167779,0.060891,22,595
treadmill,0.95 m/s,11.0,0.075795,0.049496,-0.160413,0.127995,-0.220976,0.169335,1.167779,0.060891,22,595
treadmill,0.95 m/s,12.0,0.091128,0.049285,-0.194245,0.135304,-0.248667,0.168203,1.167779,0.060891,22,595
treadmill,0.95 m/s,13.0,0.105455,0.049007,-0.226779,0.142299,-0.267656,0.166664,1.167779,0.060891,22,595
treadmill,0.95 m/s,14.0,0.118658,0.048647,-0.258078,0.148784,-0.281308,0.166103,1.167779,0.060891,22,595
treadmill,0.95 m/s,15.0,0.130939,0.048206,-0.288212,0.154747,-0.291298,0.165081,1.167779,0.060891,22,595
treadmill,0.95 m/s,16.0,0.142395,0.047708,-0.317269,0.160316,-0.29599,0.163278,1.167779,0.060891,22,595
treadmill,0.95 m/s,17.0,0.152978,0.047129,-0.345362,0.165706,-0.298627,0.162767,1.167779,0.060891,22,595
treadmill,0.95 m/s,18.0,0.162876,0.046594,-0.372641,0.171124,-0.300043,0.16451,1.167779,0.060891,22,595
treadmill,0.95 m/s,19.0,0.172068,0.046062,-0.399296,0.176712,-0.30007,0.167608,1.167779,0.060891,22,595
treadmill,0.95 m/s,20.0,0.180718,0.045587,-0.425555,0.182522,-0.30121,0.171023,1.167779,0.060891,22,595
treadmill,0.95 m/s,21.0,0.188897,0.045196,-0.451687,0.188538,-0.305777,0.174644,1.167779,0.060891,22,595
treadmill,0.95 m/s,22.0,0.196837,0.044977,-0.477968,0.1947,-0.313914,0.179348,1.167779,0.060891,22,595
treadmill,0.95 m/s,23.0,0.204557,0.044845,-0.504659,0.200912,-0.323696,0.183951,1.167779,0.060891,22,595
treadmill,0.95 m/s,24.0,0.21214,0.04484,-0.532017,0.207061,-0.337789,0.185628,1.167779,0.060891,22,595
treadmill,0.95 m/s,25.0,0.219743,0.044928,-0.560258,0.212966,-0.354225,0.184183,1.167779,0.060891,22,595
treadmill,0.95 m/s,26.0,0.227317,0.045053,-0.589592,0.21842,-0.373107,0.183042,1.167779,0.060891,22,595
treadmill,0.95 m/s,27.0,0.234992,0.045196,-0.620228,0.223212,-0.399183,0.180516,1.167779,0.060891,22,595
treadmill,0.95 m/s,28.0,0.242877,0.045351,-0.652386,0.227139,-0.428553,0.175473,1.167779,0.060891,22,595
treadmill,0.95 m/s,29.0,0.250912,0.045548,-0.686286,0.230071,-0.457498,0.170855,1.167779,0.060891,22,595
treadmill,0.95 m/s,30.0,0.259071,0.045788,-0.722111,0.231939,-0.486945,0.164906,1.167779,0.060891,22,595
treadmill,0.95 m/s,31.0,0.267333,0.046104,-0.759971,0.23273,-0.513507,0.160443,1.167779,0.060891,22,595
treadmill,0.95 m/s,32.0,0.275577,0.046452,-0.799884,0.232503,-0.540063,0.158964,1.167779,0.060891,22,595
treadmill,0.95 m/s,33.0,0.283879,0.046822,-0.841783,0.231366,-0.567031,0.164524,1.167779,0.060891,22,595
treadmill,0.95 m/s,34.0,0.292142,0.047214,-0.885513,0.229481,-0.592307,0.177019,1.167779,0.060891,22,595
treadmill,0.95 m/s,35.0,0.300403,0.047551,-0.930883,0.227038,-0.61843,0.192169,1.167779,0.060891,22,595
treadmill,0.95 m/s,36.0,0.308614,0.047849,-0.97763,0.224246,-0.645979,0.210438,1.167779,0.060891,22,595
treadmill,0.95 m/s,37.0,0.316827,0.048092,-1.025426,0.221298,-0.671355,0.225889,1.167779,0.060891,22,595
treadmill,0.95 m/s,38.0,0.324901,0.048275,-1.073846,0.218331,-0.691612,0.237977,1.167779,0.060891,22,595
treadmill,0.95 m/s,39.0,0.332843,0.048425,-1.122348,0.215373,-0.707753,0.247428,1.167779,0.060891,22,595
treadmill,0.95 m/s,40.0,0.340576,0.048444,-1.170245,0.212341,-0.715483,0.253156,1.167779,0.060891,22,595
treadmill,0.95 m/s,41.0,0.348032,0.048352,-1.216687,0.209042,-0.702867,0.262064,1.167779,0.060891,22,595
treadmill,0.95 m/s,42.0,0.354914,0.048231,-1.260675,0.205242,-0.668754,0.278526,1.167779,0.060891,22,595
treadmill,0.95 m/s,43.0,0.361199,0.048025,-1.301071,0.20072,-0.616573,0.304361,1.167779,0.060891,22,595
treadmill,0.95 m/s,44.0,0.366722,0.047669,-1.336541,0.195359,-0.534784,0.334567,1.167779,0.060891,22,595
treadmill,0.95 m/s,45.0,0.371227,0.047281,-1.365507,0.189187,-0.420067,0.379461,1.167779,0.060891,22,595
treadmill,0.95 m/s,46.0,0.374531,0.046796,-1.386126,0.182455,-0.266486,0.438526,1.167779,0.060891,22,595
treadmill,0.95 m/s,47.0,0.376288,0.046401,-1.396167,0.175565,-0.069368,0.499662,1.167779,0.060891,22,595
treadmill,0.95 m/s,48.0,0.376179,0.046057,-1.393123,0.169143,0.188205,0.56127,1.167779,0.060891,22,595
treadmill,0.95 m/s,49.0,0.373482,0.045922,-1.374184,0.163881,0.499056,0.626064,1.167779,0.060891,22,595
treadmill,0.95 m/s,50.0,0.367845,0.046141,-1.336666,0.160553,0.866747,0.673852,1.167779,0.060891,22,595
treadmill,0.95 m/s,51.0,0.358158,0.046977,-1.278053,0.15983,1.270561,0.700571,1.167779,0.060891,22,595
treadmill,0.95 m/s,52.0,0.343954,0.048633,-1.197181,0.161788,1.672093,0.714141,1.167779,0.060891,22,595
treadmill,0.95 m/s,53.0,0.324158,0.051406,-1.094251,0.165785,2.050929,0.676386,1.167779,0.060891,22,595
treadmill,0.95 m/s,54.0,0.297808,0.055891,-0.971413,0.17028,2.314055,0.61118,1.167779,0.060891,22,595
treadmill,0.95 m/s,55.0,0.264956,0.061626,-0.83281,0.173067,2.409012,0.538184,1.167779,0.060891,22,595
treadmill,0.95 m/s,56.0,0.225475,0.068232,-0.684563,0.171667,2.319162,0.484294,1.167779,0.060891,22,595
treadmill,0.95 m/s,57.0,0.180157,0.074996,-0.534599,0.164039,2.044515,0.480431,1.167779,0.060891,22,595
treadmill,0.95 m/s,58.0,0.130476,0.08118,-0.391599,0.149146,1.631186,0.50237,1.167779,0.060891,22,595
treadmill,0.95 m/s,59.0,0.078854,0.086235,-0.263699,0.127487,1.156499,0.488188,1.167779,0.060891,22,595
treadmill,0.95 m/s,60.0,0.028234,0.089978,-0.157064,0.101214,0.704755,0.406575,1.167779,0.060891,22,595
treadmill,0.95 m/s,61.0,-0.018013,0.09315,-0.074735,0.073846,0.346264,0.279234,1.167779,0.060891,22,595
treadmill,0.95 m/s,62.0,-0.056877,0.096308,-0.016515,0.049297,0.115063,0.157501,1.167779,0.060891,22,595
treadmill,0.95 m/s,63.0,-0.085937,0.100009,0.020444,0.031438,0.004151,0.088348,1.167779,0.060891,22,595
treadmill,0.95 m/s,64.0,-0.103746,0.104052,0.04046,0.023445,-0.018823,0.074065,1.167779,0.060891,22,595
treadmill,0.95 m/s,65.0,-0.110127,0.107557,0.048343,0.023576,0.003519,0.065356,1.167779,0.060891,22,595
treadmill,0.95 m/s,66.0,-0.10616,0.109447,0.048471,0.0257,0.035936,0.054367,1.167779,0.060891,22,595
treadmill,0.95 m/s,67.0,-0.093944,0.109234,0.044419,0.026898,0.059017,0.050847,1.167779,0.060891,22,595
treadmill,0.95 m/s,68.0,-0.075947,0.106692,0.038745,0.026985,0.067982,0.052904,1.167779,0.060891,22,595
treadmill,0.95 m/s,69.0,-0.054471,0.102082,0.033068,0.026466,0.066074,0.054441,1.167779,0.060891,22,595
treadmill,0.95 m/s,70.0,-0.031423,0.096202,0.028262,0.025779,0.058697,0.053858,1.167779,0.060891,22,595
treadmill,0.95 m/s,71.0,-0.008189,0.089758,0.024694,0.025175,0.049991,0.05116,1.167779,0.060891,22,595
treadmill,0.95 m/s,72.0,0.01429,0.083563,0.022385,0.024708,0.042163,0.046892,1.167779,0.060891,22,595
treadmill,0.95 m/s,73.0,0.035404,0.078058,0.021162,0.024345,0.03598,0.041695,1.167779,0.060891,22,595
treadmill,0.95 m/s,74.0,0.054745,0.073633,0.020783,0.024043,0.031319,0.036166,1.167779,0.060891,22,595
treadmill,0.95 m/s,75.0,0.072106,0.070004,0.021026,0.023808,0.027596,0.030703,1.167779,0.060891,22,595
treadmill,0.95 m/s,76.0,0.08727,0.066866,0.021708,0.023654,0.024304,0.025728,1.167779,0.060891,22,595
treadmill,0.95 m/s,77.0,0.100116,0.064057,0.022703,0.023601,0.021121,0.021846,1.167779,0.060891,22,595
treadmill,0.95 m/s,78.0,0.110485,0.061443,0.023924,0.023649,0.0177,0.018922,1.167779,0.060891,22,595
treadmill,0.95 m/s,79.0,0.118466,0.058744,0.025272,0.023725,0.013717,0.016381,1.167779,0.060891,22,595
treadmill,0.95 m/s,80.0,0.123912,0.056081,0.026653,0.023793,0.009317,0.014839,1.167779,0.060891,22,595
treadmill,0.95 m/s,81.0,0.127047,0.053313,0.027984,0.023904,0.004648,0.014068,1.167779,0.060891,22,595
treadmill,0.95 m/s,82.0,0.127961,0.050521,0.029187,0.024185,-8.5e-05,0.01377,1.167779,0.060891,22,595
treadmill,0.95 m/s,83.0,0.126932,0.047716,0.030155,0.024711,-0.004285,0.014235,1.167779,0.060891,22,595
treadmill,0.95 m/s,84.0,0.124267,0.045017,0.030728,0.025466,-0.007846,0.014471,1.167779,0.060891,22,595
treadmill,0.95 m/s,85.0,0.120282,0.042531,0.030718,0.026385,-0.010258,0.01437,1.167779,0.060891,22,595
treadmill,0.95 m/s,86.0,0.115489,0.040445,0.029941,0.027384,-0.011194,0.013822,1.167779,0.060891,22,595
treadmill,0.95 m/s,87.0,0.110284,0.038915,0.028268,0.028418,-0.010783,0.012383,1.167779,0.060891,22,595
treadmill,0.95 m/s,88.0,0.105199,0.037913,0.025666,0.029483,-0.009051,0.010463,1.167779,0.060891,22,595
treadmill,0.95 m/s,89.0,0.100682,0.037442,0.022217,0.030643,-0.006438,0.008281,1.167779,0.060891,22,595
treadmill,0.95 m/s,90.0,0.097206,0.037207,0.018111,0.031843,-0.003872,0.005739,1.167779,0.060891,22,595
treadmill,0.95 m/s,91.0,0.09491,0.037428,0.013678,0.03293,-0.001741,0.003882,1.167779,0.060891,22,595
treadmill,0.95 m/s,92.0,0.09407,0.037881,0.009496,0.033936,-0.000436,0.003699,1.167779,0.060891,22,595
treadmill,0.95 m/s,93.0,0.094398,0.038375,0.00646,0.035173,-0.000188,0.003507,1.167779,0.060891,22,595
treadmill,0.95 m/s,94.0,0.095349,0.038929,0.005706,0.037042,-0.000507,0.00268,1.167779,0.060891,22,595
treadmill,0.95 m/s,95.0,0.095979,0.039458,0.008413,0.03951,-0.001116,0.003874,1.167779,0.060891,22,595
treadmill,0.95 m/s,96.0,0.094793,0.039866,0.015585,0.041709,-0.004933,0.013055,1.167779,0.060891,22,595
treadmill,0.95 m/s,97.0,0.08998,0.040199,0.027811,0.042425,-0.018229,0.028268,1.167779,0.060891,22,595
treadmill,0.95 m/s,98.0,0.080023,0.040824,0.045164,0.042226,-0.049847,0.048024,1.167779,0.060891,22,595
treadmill,0.95 m/s,99.0,0.064206,0.042157,0.066511,0.044425,-0.104759,0.074683,1.167779,0.060891,22,595
treadmill,0.95 m/s,100.0,0.043252,0.04407,0.088215,0.05116,-0.158534,0.097273,1.167779,0.060891,22,595
treadmill,1.00 m/s,0.0,0.040512,0.042233,0.08495,0.050378,-0.173588,0.116309,1.149495,0.052431,22,603
treadmill,1.00 m/s,1.0,0.017876,0.044194,0.100042,0.058781,-0.194794,0.12761,1.149495,0.052431,22,603
treadmill,1.00 m/s,2.0,-0.001915,0.046143,0.104804,0.067273,-0.166135,0.123065,1.149495,0.052431,22,603
treadmill,1.00 m/s,3.0,-0.015124,0.048125,0.097437,0.075171,-0.097419,0.095325,1.149495,0.052431,22,603
treadmill,1.00 m/s,4.0,-0.020021,0.049923,0.078363,0.08242,-0.027648,0.055593,1.149495,0.052431,22,603
treadmill,1.00 m/s,5.0,-0.016633,0.051548,0.049884,0.089112,0.00867,0.055837,1.149495,0.052431,22,603
treadmill,1.00 m/s,6.0,-0.006598,0.052811,0.014955,0.095398,-0.001101,0.096359,1.149495,0.052431,22,603
treadmill,1.00 m/s,7.0,0.007778,0.053612,-0.023555,0.101851,-0.043723,0.134278,1.149495,0.052431,22,603
treadmill,1.00 m/s,8.0,0.024809,0.054019,-0.063245,0.109082,-0.10284,0.160024,1.149495,0.052431,22,603
treadmill,1.00 m/s,9.0,0.042742,0.054102,-0.102442,0.117365,-0.163073,0.174682,1.149495,0.052431,22,603
treadmill,1.00 m/s,10.0,0.060466,0.053929,-0.14018,0.12649,-0.213805,0.182225,1.149495,0.052431,22,603
treadmill,1.00 m/s,11.0,0.077414,0.053667,-0.176044,0.135893,-0.253323,0.185513,1.149495,0.052431,22,603
treadmill,1.00 m/s,12.0,0.093448,0.053335,-0.210039,0.145019,-0.281069,0.185924,1.149495,0.052431,22,603
treadmill,1.00 m/s,13.0,0.108266,0.052886,-0.242363,0.153451,-0.299914,0.184335,1.149495,0.052431,22,603
treadmill,1.00 m/s,14.0,0.122131,0.052471,-0.273289,0.160992,-0.31154,0.180811,1.149495,0.052431,22,603
treadmill,1.00 m/s,15.0,0.134842,0.051884,-0.303065,0.167659,-0.317423,0.176336,1.149495,0.052431,22,603
treadmill,1.00 m/s,16.0,0.146668,0.051251,-0.331887,0.173611,-0.320414,0.171256,1.149495,0.052431,22,603
treadmill,1.00 m/s,17.0,0.157592,0.050566,-0.359912,0.179099,-0.320333,0.166726,1.149495,0.052431,22,603
treadmill,1.00 m/s,18.0,0.167759,0.049863,-0.38727,0.184335,-0.318108,0.165457,1.149495,0.052431,22,603
treadmill,1.00 m/s,19.0,0.177115,0.049137,-0.414126,0.189476,-0.31471,0.16361,1.149495,0.052431,22,603
treadmill,1.00 m/s,20.0,0.185897,0.048413,-0.440672,0.19458,-0.314982,0.163472,1.149495,0.052431,22,603
treadmill,1.00 m/s,21.0,0.194252,0.047781,-0.467147,0.199653,-0.319126,0.164762,1.149495,0.052431,22,603
treadmill,1.00 m/s,22.0,0.202289,0.047279,-0.493811,0.204679,-0.326471,0.166297,1.149495,0.052431,22,603
treadmill,1.00 m/s,23.0,0.210114,0.046874,-0.520933,0.209647,-0.336483,0.167607,1.149495,0.052431,22,603
treadmill,1.00 m/s,24.0,0.217816,0.046592,-0.548781,0.214513,-0.349788,0.167039,1.149495,0.052431,22,603
treadmill,1.00 m/s,25.0,0.225448,0.046393,-0.577597,0.219194,-0.367311,0.167047,1.149495,0.052431,22,603
treadmill,1.00 m/s,26.0,0.233121,0.046242,-0.607617,0.223566,-0.389285,0.166139,1.149495,0.052431,22,603
treadmill,1.00 m/s,27.0,0.240902,0.046133,-0.639067,0.22746,-0.415662,0.167568,1.149495,0.052431,22,603
treadmill,1.00 m/s,28.0,0.248848,0.046074,-0.672167,0.230676,-0.446548,0.169085,1.149495,0.052431,22,603
treadmill,1.00 m/s,29.0,0.256982,0.046045,-0.707111,0.233039,-0.478911,0.166545,1.149495,0.052431,22,603
treadmill,1.00 m/s,30.0,0.265268,0.04608,-0.744025,0.234418,-0.509882,0.166825,1.149495,0.052431,22,603
treadmill,1.00 m/s,31.0,0.273602,0.046184,-0.782959,0.234717,-0.538231,0.16501,1.149495,0.052431,22,603
treadmill,1.00 m/s,32.0,0.281966,0.046319,-0.823867,0.23388,-0.564355,0.163448,1.149495,0.052431,22,603
treadmill,1.00 m/s,33.0,0.290301,0.04644,-0.866634,0.231906,-0.588438,0.17062,1.149495,0.052431,22,603
treadmill,1.00 m/s,34.0,0.298595,0.046545,-0.911101,0.228872,-0.612746,0.186072,1.149495,0.052431,22,603
treadmill,1.00 m/s,35.0,0.306858,0.046568,-0.957088,0.224939,-0.640443,0.205356,1.149495,0.052431,22,603
treadmill,1.00 m/s,36.0,0.315115,0.046534,-1.004386,0.220312,-0.666693,0.230269,1.149495,0.052431,22,603
treadmill,1.00 m/s,37.0,0.323256,0.046505,-1.052716,0.215219,-0.688266,0.254736,1.149495,0.052431,22,603
treadmill,1.00 m/s,38.0,0.331269,0.046395,-1.101684,0.209889,-0.704832,0.277141,1.149495,0.052431,22,603
treadmill,1.00 m/s,39.0,0.339044,0.046294,-1.150724,0.204514,-0.713846,0.298941,1.149495,0.052431,22,603
treadmill,1.00 m/s,40.0,0.34653,0.046225,-1.199076,0.199202,-0.71371,0.315918,1.149495,0.052431,22,603
treadmill,1.00 m/s,41.0,0.353643,0.046096,-1.245818,0.19398,-0.69628,0.331357,1.149495,0.052431,22,603
treadmill,1.00 m/s,42.0,0.360202,0.045946,-1.289874,0.188833,-0.651898,0.348023,1.149495,0.052431,22,603
treadmill,1.00 m/s,43.0,0.366001,0.045763,-1.32999,0.183733,-0.579978,0.372562,1.149495,0.052431,22,603
treadmill,1.00 m/s,44.0,0.370866,0.045578,-1.364728,0.178708,-0.476755,0.399271,1.149495,0.052431,22,603
treadmill,1.00 m/s,45.0,0.374577,0.045278,-1.392375,0.173848,-0.337648,0.438493,1.149495,0.052431,22,603
treadmill,1.00 m/s,46.0,0.376914,0.04491,-1.410832,0.169384,-0.155996,0.488843,1.149495,0.052431,22,603
treadmill,1.00 m/s,47.0,0.377477,0.044758,-1.417662,0.165665,0.08148,0.534552,1.149495,0.052431,22,603
treadmill,1.00 m/s,48.0,0.375797,0.044668,-1.410018,0.163163,0.371384,0.591648,1.149495,0.052431,22,603
treadmill,1.00 m/s,49.0,0.37142,0.04505,-1.384858,0.162311,0.70734,0.6551,1.149495,0.052431,22,603
treadmill,1.00 m/s,50.0,0.363739,0.046131,-1.339456,0.16333,1.104383,0.6917,1.149495,0.052431,22,603
treadmill,1.00 m/s,51.0,0.351702,0.047825,-1.271288,0.166254,1.529098,0.712621,1.149495,0.052431,22,603
treadmill,1.00 m/s,52.0,0.334722,0.050678,-1.179851,0.170388,1.943948,0.704018,1.149495,0.052431,22,603
treadmill,1.00 m/s,53.0,0.3116,0.05493,-1.066013,0.174647,2.311063,0.656903,1.149495,0.052431,22,603
treadmill,1.00 m/s,54.0,0.281658,0.060255,-0.932946,0.177442,2.532373,0.60458,1.149495,0.052431,22,603
treadmill,1.00 m/s,55.0,0.244989,0.066652,-0.786034,0.176866,2.564137,0.555352,1.149495,0.052431,22,603
treadmill,1.00 m/s,56.0,0.201714,0.073488,-0.632552,0.171168,2.395249,0.531101,1.149495,0.052431,22,603
treadmill,1.00 m/s,57.0,0.153022,0.08005,-0.481077,0.159184,2.034248,0.528256,1.149495,0.052431,22,603
treadmill,1.00 m/s,58.0,0.100925,0.085819,-0.340424,0.140789,1.548066,0.520147,1.149495,0.052431,22,603
treadmill,1.00 m/s,59.0,0.048328,0.090136,-0.218173,0.117138,1.032562,0.476348,1.149495,0.052431,22,603
treadmill,1.00 m/s,60.0,-0.001481,0.092976,-0.119276,0.090515,0.578797,0.385829,1.149495,0.052431,22,603
treadmill,1.00 m/s,61.0,-0.045179,0.094678,-0.045575,0.063948,0.247702,0.264725,1.149495,0.052431,22,603
treadmill,1.00 m/s,62.0,-0.079857,0.096047,0.004507,0.040664,0.055531,0.148369,1.149495,0.052431,22,603
treadmill,1.00 m/s,63.0,-0.103598,0.097464,0.034602,0.024139,-0.019335,0.074495,1.149495,0.052431,22,603
treadmill,1.00 m/s,64.0,-0.115616,0.098797,0.049427,0.018689,-0.019498,0.056049,1.149495,0.052431,22,603
treadmill,1.00 m/s,65.0,-0.116492,0.099396,0.053751,0.021887,0.011493,0.050156,1.149495,0.052431,22,603
treadmill,1.00 m/s,66.0,-0.107985,0.098677,0.05174,0.026029,0.043737,0.040147,1.149495,0.052431,22,603
treadmill,1.00 m/s,67.0,-0.092471,0.09634,0.046569,0.028618,0.063269,0.038889,1.149495,0.052431,22,603
treadmill,1.00 m/s,68.0,-0.072577,0.092532,0.040445,0.029683,0.069002,0.04552,1.149495,0.052431,22,603
treadmill,1.00 m/s,69.0,-0.050447,0.087777,0.03472,0.029727,0.065451,0.050394,1.149495,0.052431,22,603
treadmill,1.00 m/s,70.0,-0.027642,0.082662,0.030058,0.029203,0.057441,0.050316,1.149495,0.052431,22,603
treadmill,1.00 m/s,71.0,-0.005301,0.07789,0.026679,0.028434,0.048729,0.04678,1.149495,0.052431,22,603
treadmill,1.00 m/s,72.0,0.015914,0.073929,0.024529,0.027626,0.041206,0.041821,1.149495,0.052431,22,603
treadmill,1.00 m/s,73.0,0.035552,0.070973,0.023433,0.026882,0.035561,0.036539,1.149495,0.052431,22,603
treadmill,1.00 m/s,74.0,0.053589,0.068692,0.023158,0.026234,0.031496,0.031815,1.149495,0.052431,22,603
treadmill,1.00 m/s,75.0,0.069742,0.066979,0.023452,0.025667,0.028223,0.027782,1.149495,0.052431,22,603
treadmill,1.00 m/s,76.0,0.083881,0.065451,0.024114,0.025169,0.025412,0.024589,1.149495,0.052431,22,603
treadmill,1.00 m/s,77.0,0.095944,0.063914,0.025013,0.024764,0.022526,0.02233,1.149495,0.052431,22,603
treadmill,1.00 m/s,78.0,0.105729,0.062233,0.026054,0.024487,0.019304,0.021368,1.149495,0.052431,22,603
treadmill,1.00 m/s,79.0,0.113208,0.060328,0.027166,0.024382,0.015844,0.021319,1.149495,0.052431,22,603
treadmill,1.00 m/s,80.0,0.118483,0.058138,0.028278,0.02448,0.011545,0.020602,1.149495,0.052431,22,603
treadmill,1.00 m/s,81.0,0.121393,0.055849,0.029326,0.0248,0.006882,0.020149,1.149495,0.052431,22,603
treadmill,1.00 m/s,82.0,0.122172,0.053455,0.030222,0.025364,0.002486,0.020512,1.149495,0.052431,22,603
treadmill,1.00 m/s,83.0,0.120981,0.051063,0.030836,0.026212,-0.001548,0.020449,1.149495,0.052431,22,603
treadmill,1.00 m/s,84.0,0.118182,0.048765,0.030996,0.027371,-0.004922,0.0199,1.149495,0.052431,22,603
treadmill,1.00 m/s,85.0,0.114103,0.046695,0.030518,0.028777,-0.007366,0.019103,1.149495,0.052431,22,603
treadmill,1.00 m/s,86.0,0.109188,0.044979,0.029225,0.030286,-0.008463,0.017705,1.149495,0.052431,22,603
treadmill,1.00 m/s,87.0,0.104053,0.043625,0.027003,0.031838,-0.008251,0.015408,1.149495,0.052431,22,603
treadmill,1.00 m/s,88.0,0.099126,0.042657,0.02385,0.033523,-0.007111,0.012138,1.149495,0.052431,22,603
treadmill,1.00 m/s,89.0,0.094956,0.041923,0.019893,0.035406,-0.005325,0.009632,1.149495,0.052431,22,603
treadmill,1.00 m/s,90.0,0.091848,0.041557,0.015372,0.037362,-0.003487,0.009722,1.149495,0.052431,22,603
treadmill,1.00 m/s,91.0,0.0902,0.041241,0.010677,0.039145,-0.002351,0.011521,1.149495,0.052431,22,603
treadmill,1.00 m/s,92.0,0.089956,0.041192,0.0064,0.040675,-0.001984,0.012349,1.149495,0.052431,22,603
treadmill,1.00 m/s,93.0,0.090829,0.041166,0.003392,0.042132,-0.001926,0.011016,1.149495,0.052431,22,603
treadmill,1.00 m/s,94.0,0.092258,0.041178,0.002736,0.043749,-0.002065,0.007056,1.149495,0.052431,22,603
treadmill,1.00 m/s,95.0,0.093181,0.041025,0.005582,0.045319,-0.002479,0.006265,1.149495,0.052431,22,603
treadmill,1.00 m/s,96.0,0.092149,0.040787,0.012918,0.046002,-0.005338,0.019218,1.149495,0.052431,22,603
treadmill,1.00 m/s,97.0,0.087374,0.040607,0.025309,0.04508,-0.017685,0.037607,1.149495,0.052431,22,603
treadmill,1.00 m/s,98.0,0.077419,0.040646,0.042735,0.043583,-0.049446,0.060801,1.149495,0.052431,22,603
treadmill,1.00 m/s,99.0,0.061575,0.041264,0.06388,0.044825,-0.104223,0.086249,1.149495,0.052431,22,603
treadmill,1.00 m/s,100.0,0.040782,0.042577,0.085121,0.050689,-0.158065,0.106304,1.149495,0.052431,22,603
treadmill,1.05 m/s,0.0,0.03835,0.049111,0.08959,0.055964,-0.198597,0.153597,1.120175,0.053972,22,651
treadmill,1.05 m/s,1.0,0.01573,0.049005,0.104701,0.066238,-0.21841,0.162466,1.120175,0.053972,22,651
treadmill,1.05 m/s,2.0,-0.003704,0.04939,0.10883,0.075704,-0.183274,0.152333,1.120175,0.053972,22,651
treadmill,1.05 m/s,3.0,-0.016541,0.050363,0.10042,0.083922,-0.107705,0.117238,1.120175,0.053972,22,651
treadmill,1.05 m/s,4.0,-0.02105,0.051702,0.079905,0.091101,-0.031798,0.068285,1.120175,0.053972,22,651
treadmill,1.05 m/s,5.0,-0.017404,0.053195,0.04951,0.097594,0.005946,0.069687,1.120175,0.053972,22,651
treadmill,1.05 m/s,6.0,-0.007236,0.054375,0.012227,0.103679,-0.004203,0.116292,1.120175,0.053972,22,651
treadmill,1.05 m/s,7.0,0.007524,0.055066,-0.028965,0.10996,-0.051564,0.159479,1.120175,0.053972,22,651
treadmill,1.05 m/s,8.0,0.024938,0.055286,-0.071389,0.117046,-0.118697,0.187361,1.120175,0.053972,22,651
treadmill,1.05 m/s,9.0,0.04337,0.055194,-0.113034,0.125042,-0.186488,0.202012,1.120175,0.053972,22,651
treadmill,1.05 m/s,10.0,0.061641,0.054873,-0.152674,0.133498,-0.243294,0.20739,1.120175,0.053972,22,651
treadmill,1.05 m/s,11.0,0.079115,0.054446,-0.189761,0.141632,-0.286789,0.207216,1.120175,0.053972,22,651
treadmill,1.05 m/s,12.0,0.095589,0.053982,-0.224303,0.14886,-0.317026,0.202673,1.120175,0.053972,22,651
treadmill,1.05 m/s,13.0,0.110953,0.053485,-0.256594,0.155026,-0.3349,0.196544,1.120175,0.053972,22,651
treadmill,1.05 m/s,14.0,0.125053,0.052949,-0.287052,0.160346,-0.343228,0.190446,1.120175,0.053972,22,651
treadmill,1.05 m/s,15.0,0.138003,0.052291,-0.316064,0.165168,-0.346702,0.183966,1.120175,0.053972,22,651
treadmill,1.05 m/s,16.0,0.149974,0.051585,-0.343946,0.169798,-0.346284,0.179331,1.120175,0.053972,22,651
treadmill,1.05 m/s,17.0,0.16099,0.050795,-0.370928,0.174438,-0.342737,0.177406,1.120175,0.053972,22,651
treadmill,1.05 m/s,18.0,0.17118,0.050018,-0.397206,0.179213,-0.337731,0.176768,1.120175,0.053972,22,651
treadmill,1.05 m/s,19.0,0.180628,0.049154,-0.422977,0.184189,-0.332439,0.178309,1.120175,0.053972,22,651
treadmill,1.05 m/s,20.0,0.189408,0.048315,-0.448486,0.189391,-0.329831,0.180694,1.120175,0.053972,22,651
treadmill,1.05 m/s,21.0,0.197748,0.047539,-0.474016,0.194804,-0.330072,0.184108,1.120175,0.053972,22,651
treadmill,1.05 m/s,22.0,0.205671,0.046903,-0.499848,0.2004,-0.333785,0.188051,1.120175,0.053972,22,651
treadmill,1.05 m/s,23.0,0.213367,0.046394,-0.526239,0.206132,-0.340579,0.190181,1.120175,0.053972,22,651
treadmill,1.05 m/s,24.0,0.220816,0.045991,-0.553414,0.211939,-0.350346,0.191748,1.120175,0.053972,22,651
treadmill,1.05 m/s,25.0,0.228199,0.045697,-0.58159,0.217727,-0.366532,0.192466,1.120175,0.053972,22,651
treadmill,1.05 m/s,26.0,0.235608,0.045549,-0.61098,0.223352,-0.387811,0.191633,1.120175,0.053972,22,651
treadmill,1.05 m/s,27.0,0.243125,0.045447,-0.64176,0.228637,-0.414539,0.189564,1.120175,0.053972,22,651
treadmill,1.05 m/s,28.0,0.25084,0.045442,-0.674108,0.233397,-0.446937,0.187171,1.120175,0.053972,22,651
treadmill,1.05 m/s,29.0,0.258777,0.045553,-0.708223,0.237461,-0.481179,0.185482,1.120175,0.053972,22,651
treadmill,1.05 m/s,30.0,0.266881,0.045741,-0.744301,0.24067,-0.514115,0.181105,1.120175,0.053972,22,651
treadmill,1.05 m/s,31.0,0.275099,0.045981,-0.782522,0.242885,-0.545653,0.175305,1.120175,0.053972,22,651
treadmill,1.05 m/s,32.0,0.283384,0.046262,-0.822994,0.243978,-0.576183,0.171055,1.120175,0.053972,22,651
treadmill,1.05 m/s,33.0,0.291719,0.046512,-0.865734,0.243884,-0.606953,0.170308,1.120175,0.053972,22,651
treadmill,1.05 m/s,34.0,0.300092,0.046746,-0.910662,0.242601,-0.63758,0.177626,1.120175,0.053972,22,651
treadmill,1.05 m/s,35.0,0.308477,0.046907,-0.957602,0.240189,-0.66643,0.193086,1.120175,0.053972,22,651
treadmill,1.05 m/s,36.0,0.316815,0.04704,-1.006277,0.236748,-0.695322,0.2156,1.120175,0.053972,22,651
treadmill,1.05 m/s,37.0,0.325124,0.047181,-1.056302,0.232404,-0.721973,0.238943,1.120175,0.053972,22,651
treadmill,1.05 m/s,38.0,0.333302,0.047301,-1.107207,0.227276,-0.74213,0.26333,1.120175,0.053972,22,651
treadmill,1.05 m/s,39.0,0.341287,0.047478,-1.158408,0.22146,-0.755442,0.286026,1.120175,0.053972,22,651
treadmill,1.05 m/s,40.0,0.349001,0.047687,-1.209185,0.215034,-0.754112,0.304208,1.120175,0.053972,22,651
treadmill,1.05 m/s,41.0,0.356272,0.047886,-1.258612,0.208056,-0.732941,0.326633,1.120175,0.053972,22,651
treadmill,1.05 m/s,42.0,0.362982,0.048107,-1.305538,0.200626,-0.685516,0.359823,1.120175,0.053972,22,651
treadmill,1.05 m/s,43.0,0.368875,0.048421,-1.348565,0.192915,-0.607687,0.402723,1.120175,0.053972,22,651
treadmill,1.05 m/s,44.0,0.373833,0.048737,-1.386024,0.185206,-0.495269,0.453469,1.120175,0.053972,22,651
treadmill,1.05 m/s,45.0,0.377527,0.049139,-1.415963,0.177939,-0.333555,0.503141,1.120175,0.053972,22,651
treadmill,1.05 m/s,46.0,0.379631,0.049676,-1.436099,0.171688,-0.120744,0.559315,1.120175,0.053972,22,651
treadmill,1.05 m/s,47.0,0.379803,0.050404,-1.443836,0.167086,0.139182,0.623542,1.120175,0.053972,22,651
treadmill,1.05 m/s,48.0,0.377695,0.051448,-1.43628,0.164733,0.459736,0.677808,1.120175,0.053972,22,651
treadmill,1.05 m/s,49.0,0.372626,0.052803,-1.410372,0.165001,0.837039,0.724188,1.120175,0.053972,22,651
treadmill,1.05 m/s,50.0,0.364061,0.054826,-1.363485,0.167962,1.269253,0.75261,1.120175,0.053972,22,651
treadmill,1.05 m/s,51.0,0.35095,0.057357,-1.293162,0.173113,1.739948,0.747021,1.120175,0.053972,22,651
treadmill,1.05 m/s,52.0,0.332443,0.060671,-1.198992,0.179383,2.193625,0.719947,1.120175,0.053972,22,651
treadmill,1.05 m/s,53.0,0.307575,0.06504,-1.081906,0.185055,2.571699,0.666336,1.120175,0.053972,22,651
treadmill,1.05 m/s,54.0,0.275647,0.07059,-0.94527,0.188201,2.794088,0.602791,1.120175,0.053972,22,651
treadmill,1.05 m/s,55.0,0.23666,0.0765,-0.794598,0.186748,2.805565,0.563403,1.120175,0.053972,22,651
treadmill,1.05 m/s,56.0,0.191015,0.082607,-0.637421,0.178938,2.589918,0.567562,1.120175,0.053972,22,651
treadmill,1.05 m/s,57.0,0.139992,0.088225,-0.482612,0.163924,2.175818,0.5885,1.120175,0.053972,22,651
treadmill,1.05 m/s,58.0,0.085668,0.092743,-0.339157,0.142218,1.634761,0.576466,1.120175,0.053972,22,651
treadmill,1.05 m/s,59.0,0.031025,0.095974,-0.214717,0.11563,1.067471,0.503211,1.120175,0.053972,22,651
treadmill,1.05 m/s,60.0,-0.020475,0.097935,-0.114265,0.08715,0.574033,0.3759,1.120175,0.053972,22,651
treadmill,1.05 m/s,61.0,-0.065269,0.099188,-0.03954,0.06032,0.22203,0.234203,1.120175,0.053972,22,651
treadmill,1.05 m/s,62.0,-0.10042,0.100255,0.010987,0.038784,0.028331,0.129137,1.120175,0.053972,22,651
treadmill,1.05 m/s,63.0,-0.123891,0.101235,0.041063,0.026122,-0.035638,0.08505,1.120175,0.053972,22,651
treadmill,1.05 m/s,64.0,-0.135109,0.101827,0.055651,0.02388,-0.021326,0.069393,1.120175,0.053972,22,651
treadmill,1.05 m/s,65.0,-0.134768,0.101422,0.05975,0.026988,0.021722,0.050537,1.120175,0.053972,22,651
treadmill,1.05 m/s,66.0,-0.124783,0.099528,0.05759,0.030439,0.060432,0.038846,1.120175,0.053972,22,651
treadmill,1.05 m/s,67.0,-0.107818,0.096053,0.052344,0.032886,0.082086,0.045643,1.120175,0.053972,22,651
treadmill,1.05 m/s,68.0,-0.08638,0.091245,0.046062,0.034242,0.086822,0.056203,1.120175,0.053972,22,651
treadmill,1.05 m/s,69.0,-0.062849,0.08571,0.039978,0.034673,0.080293,0.060445,1.120175,0.053972,22,651
treadmill,1.05 m/s,70.0,-0.038778,0.080148,0.034813,0.034448,0.069215,0.059171,1.120175,0.053972,22,651
treadmill,1.05 m/s,71.0,-0.015388,0.075281,0.030936,0.033914,0.05807,0.054705,1.120175,0.053972,22,651
treadmill,1.05 m/s,72.0,0.006788,0.071285,0.028405,0.033333,0.049234,0.049782,1.120175,0.053972,22,651
treadmill,1.05 m/s,73.0,0.0274,0.068335,0.027052,0.032799,0.042579,0.044923,1.120175,0.053972,22,651
treadmill,1.05 m/s,74.0,0.046136,0.066415,0.026592,0.032266,0.03788,0.040593,1.120175,0.053972,22,651
treadmill,1.05 m/s,75.0,0.063063,0.065039,0.026754,0.031682,0.034299,0.036811,1.120175,0.053972,22,651
treadmill,1.05 m/s,76.0,0.077883,0.063902,0.027343,0.031055,0.030891,0.03314,1.120175,0.053972,22,651
treadmill,1.05 m/s,77.0,0.090476,0.062898,0.028213,0.030412,0.027661,0.030491,1.120175,0.053972,22,651
treadmill,1.05 m/s,78.0,0.100924,0.061618,0.029214,0.029699,0.023989,0.028298,1.120175,0.053972,22,651
treadmill,1.05 m/s,79.0,0.108965,0.060179,0.030254,0.028975,0.019674,0.026642,1.120175,0.053972,22,651
treadmill,1.05 m/s,80.0,0.114677,0.058486,0.031332,0.02849,0.015147,0.026122,1.120175,0.053972,22,651
treadmill,1.05 m/s,81.0,0.118117,0.056559,0.032471,0.028532,0.010164,0.025296,1.120175,0.053972,22,651
treadmill,1.05 m/s,82.0,0.119373,0.054447,0.03356,0.029117,0.004956,0.024034,1.120175,0.053972,22,651
treadmill,1.05 m/s,83.0,0.118622,0.052265,0.03436,0.030051,0.0005,0.023645,1.120175,0.053972,22,651
treadmill,1.05 m/s,84.0,0.116304,0.050066,0.034606,0.031138,-0.003284,0.022221,1.120175,0.053972,22,651
treadmill,1.05 m/s,85.0,0.112718,0.048037,0.034089,0.032324,-0.006032,0.020475,1.120175,0.053972,22,651
treadmill,1.05 m/s,86.0,0.108356,0.046387,0.032667,0.03363,-0.007149,0.01918,1.120175,0.053972,22,651
treadmill,1.05 m/s,87.0,0.103719,0.045167,0.030227,0.035049,-0.007013,0.016877,1.120175,0.053972,22,651
treadmill,1.05 m/s,88.0,0.09923,0.044458,0.026719,0.036524,-0.005728,0.014296,1.120175,0.053972,22,651
treadmill,1.05 m/s,89.0,0.095348,0.044262,0.022272,0.038005,-0.003973,0.011764,1.120175,0.053972,22,651
treadmill,1.05 m/s,90.0,0.092414,0.044425,0.01722,0.039325,-0.002356,0.01059,1.120175,0.053972,22,651
treadmill,1.05 m/s,91.0,0.090811,0.044817,0.012059,0.040199,-0.001143,0.011296,1.120175,0.053972,22,651
treadmill,1.05 m/s,92.0,0.090436,0.04559,0.007459,0.040504,-0.000645,0.011565,1.120175,0.053972,22,651
treadmill,1.05 m/s,93.0,0.091081,0.046516,0.004305,0.040582,-0.000874,0.00958,1.120175,0.053972,22,651
treadmill,1.05 m/s,94.0,0.092152,0.047427,0.003685,0.041088,-0.001012,0.005413,1.120175,0.053972,22,651
treadmill,1.05 m/s,95.0,0.092587,0.048168,0.00674,0.042207,-0.0013,0.003704,1.120175,0.053972,22,651
treadmill,1.05 m/s,96.0,0.090961,0.048667,0.014495,0.043178,-0.004334,0.014911,1.120175,0.053972,22,651
treadmill,1.05 m/s,97.0,0.085849,0.048804,0.027567,0.043189,-0.0184,0.031502,1.120175,0.053972,22,651
treadmill,1.05 m/s,98.0,0.075571,0.04869,0.04589,0.043425,-0.055128,0.056943,1.120175,0.053972,22,651
treadmill,1.05 m/s,99.0,0.059558,0.048681,0.067987,0.047289,-0.115741,0.087404,1.120175,0.053972,22,651
treadmill,1.05 m/s,100.0,0.038984,0.048901,0.089973,0.055906,-0.174096,0.114969,1.120175,0.053972,22,651
treadmill,1.10 m/s,0.0,0.035702,0.045866,0.093147,0.05333,-0.201643,0.130813,1.094794,0.048722,22,635
treadmill,1.10 m/s,1.0,0.012916,0.045613,0.106688,0.063804,-0.217169,0.145063,1.094794,0.048722,22,635
treadmill,1.10 m/s,2.0,-0.006543,0.045945,0.109195,0.074217,-0.17549,0.135626,1.094794,0.048722,22,635
treadmill,1.10 m/s,3.0,-0.019235,0.046808,0.099206,0.083738,-0.095134,0.100393,1.094794,0.048722,22,635
treadmill,1.10 m/s,4.0,-0.023382,0.047971,0.077238,0.092138,-0.023175,0.059361,1.094794,0.048722,22,635
treadmill,1.10 m/s,5.0,-0.019562,0.04941,0.045532,0.099465,0.007868,0.066411,1.094794,0.048722,22,635
treadmill,1.10 m/s,6.0,-0.00907,0.05075,0.007125,0.105912,-0.010525,0.11458,1.094794,0.048722,22,635
treadmill,1.10 m/s,7.0,0.006041,0.051796,-0.035074,0.112116,-0.066858,0.15764,1.094794,0.048722,22,635
treadmill,1.10 m/s,8.0,0.023846,0.052438,-0.078509,0.118877,-0.141032,0.187858,1.094794,0.048722,22,635
treadmill,1.10 m/s,9.0,0.042756,0.052702,-0.121236,0.126534,-0.215224,0.20574,1.094794,0.048722,22,635
treadmill,1.10 m/s,10.0,0.061543,0.052727,-0.162045,0.134858,-0.277877,0.214696,1.094794,0.048722,22,635
treadmill,1.10 m/s,11.0,0.07962,0.052615,-0.200378,0.143301,-0.324042,0.217545,1.094794,0.048722,22,635
treadmill,1.10 m/s,12.0,0.096551,0.052359,-0.236235,0.151392,-0.353709,0.21618,1.094794,0.048722,22,635
treadmill,1.10 m/s,13.0,0.112266,0.052054,-0.269936,0.158922,-0.370678,0.211419,1.094794,0.048722,22,635
treadmill,1.10 m/s,14.0,0.126645,0.051615,-0.301895,0.165901,-0.37732,0.204735,1.094794,0.048722,22,635
treadmill,1.10 m/s,15.0,0.139767,0.051087,-0.33246,0.17247,-0.376962,0.197437,1.094794,0.048722,22,635
treadmill,1.10 m/s,16.0,0.151736,0.050465,-0.361855,0.178815,-0.373045,0.190441,1.094794,0.048722,22,635
treadmill,1.10 m/s,17.0,0.162721,0.049765,-0.390212,0.185107,-0.366557,0.18629,1.094794,0.048722,22,635
treadmill,1.10 m/s,18.0,0.172781,0.04901,-0.417643,0.191446,-0.358328,0.185151,1.094794,0.048722,22,635
treadmill,1.10 m/s,19.0,0.181995,0.048287,-0.444309,0.197843,-0.352189,0.186483,1.094794,0.048722,22,635
treadmill,1.10 m/s,20.0,0.190617,0.047629,-0.470453,0.204221,-0.348199,0.189346,1.094794,0.048722,22,635
treadmill,1.10 m/s,21.0,0.1987,0.047022,-0.496388,0.210453,-0.347186,0.192145,1.094794,0.048722,22,635
treadmill,1.10 m/s,22.0,0.206439,0.046541,-0.52246,0.216407,-0.349897,0.193703,1.094794,0.048722,22,635
treadmill,1.10 m/s,23.0,0.213886,0.046193,-0.549027,0.221965,-0.356751,0.1918,1.094794,0.048722,22,635
treadmill,1.10 m/s,24.0,0.221244,0.045933,-0.576437,0.227033,-0.370041,0.190501,1.094794,0.048722,22,635
treadmill,1.10 m/s,25.0,0.228581,0.045801,-0.605024,0.23152,-0.386746,0.187227,1.094794,0.048722,22,635
treadmill,1.10 m/s,26.0,0.235951,0.045739,-0.635091,0.235315,-0.408182,0.184967,1.094794,0.048722,22,635
treadmill,1.10 m/s,27.0,0.243433,0.045725,-0.666882,0.238299,-0.436508,0.181805,1.094794,0.048722,22,635
treadmill,1.10 m/s,28.0,0.251123,0.045761,-0.700594,0.240334,-0.468809,0.18002,1.094794,0.048722,22,635
treadmill,1.10 m/s,29.0,0.258971,0.045834,-0.736379,0.241312,-0.502081,0.183182,1.094794,0.048722,22,635
treadmill,1.10 m/s,30.0,0.266968,0.045921,-0.774353,0.241161,-0.536162,0.187874,1.094794,0.048722,22,635
treadmill,1.10 m/s,31.0,0.27508,0.046074,-0.814577,0.239859,-0.56953,0.193406,1.094794,0.048722,22,635
treadmill,1.10 m/s,32.0,0.283268,0.046224,-0.857058,0.237447,-0.600274,0.202984,1.094794,0.048722,22,635
treadmill,1.10 m/s,33.0,0.291451,0.046399,-0.901728,0.234033,-0.631413,0.218943,1.094794,0.048722,22,635
treadmill,1.10 m/s,34.0,0.299678,0.046569,-0.94845,0.229788,-0.663357,0.238622,1.094794,0.048722,22,635
treadmill,1.10 m/s,35.0,0.30787,0.046759,-0.996987,0.224938,-0.694989,0.257856,1.094794,0.048722,22,635
treadmill,1.10 m/s,36.0,0.316042,0.046912,-1.047013,0.219712,-0.720086,0.282729,1.094794,0.048722,22,635
treadmill,1.10 m/s,37.0,0.324018,0.047198,-1.098087,0.214303,-0.734401,0.310014,1.094794,0.048722,22,635
treadmill,1.10 m/s,38.0,0.331748,0.047566,-1.149644,0.208826,-0.745428,0.326439,1.094794,0.048722,22,635
treadmill,1.10 m/s,39.0,0.339207,0.047977,-1.200991,0.203288,-0.745804,0.338749,1.094794,0.048722,22,635
treadmill,1.10 m/s,40.0,0.346251,0.04843,-1.251295,0.197605,-0.72578,0.351372,1.094794,0.048722,22,635
treadmill,1.10 m/s,41.0,0.352735,0.048887,-1.299566,0.191669,-0.68619,0.362379,1.094794,0.048722,22,635
treadmill,1.10 m/s,42.0,0.358558,0.049267,-1.344637,0.185412,-0.61433,0.381001,1.094794,0.048722,22,635
treadmill,1.10 m/s,43.0,0.363397,0.049615,-1.385116,0.178885,-0.507227,0.411585,1.094794,0.048722,22,635
treadmill,1.10 m/s,44.0,0.367161,0.049833,-1.419354,0.172307,-0.365143,0.458045,1.094794,0.048722,22,635
treadmill,1.10 m/s,45.0,0.369538,0.050018,-1.445386,0.166079,-0.17878,0.521172,1.094794,0.048722,22,635
treadmill,1.10 m/s,46.0,0.370302,0.050246,-1.460857,0.160782,0.061185,0.58624,1.094794,0.048722,22,635
treadmill,1.10 m/s,47.0,0.36896,0.050661,-1.463034,0.157092,0.353983,0.650691,1.094794,0.048722,22,635
treadmill,1.10 m/s,48.0,0.36521,0.051255,-1.448871,0.15559,0.70377,0.72431,1.094794,0.048722,22,635
treadmill,1.10 m/s,49.0,0.358323,0.05245,-1.415262,0.156583,1.1193,0.775204,1.094794,0.048722,22,635
treadmill,1.10 m/s,50.0,0.347561,0.054149,-1.359591,0.159929,1.583597,0.809815,1.094794,0.048722,22,635
treadmill,1.10 m/s,51.0,0.332,0.0569,-1.279593,0.164858,2.06303,0.801492,1.094794,0.048722,22,635
treadmill,1.10 m/s,52.0,0.310758,0.060171,-1.175351,0.17008,2.521495,0.75226,1.094794,0.048722,22,635
treadmill,1.10 m/s,53.0,0.282642,0.064504,-1.048544,0.173897,2.871978,0.684565,1.094794,0.048722,22,635
treadmill,1.10 m/s,54.0,0.247353,0.069737,-0.903397,0.17456,3.014724,0.611352,1.094794,0.048722,22,635
treadmill,1.10 m/s,55.0,0.20516,0.075514,-0.746335,0.170444,2.91884,0.565275,1.094794,0.048722,22,635
treadmill,1.10 m/s,56.0,0.156721,0.081286,-0.585715,0.160343,2.590255,0.554263,1.094794,0.048722,22,635
treadmill,1.10 m/s,57.0,0.103579,0.086574,-0.430876,0.143981,2.071682,0.560434,1.094794,0.048722,22,635
treadmill,1.10 m/s,58.0,0.048365,0.090982,-0.290825,0.122123,1.461138,0.531426,1.094794,0.048722,22,635
treadmill,1.10 m/s,59.0,-0.005641,0.094443,-0.17265,0.096668,0.876075,0.441414,1.094794,0.048722,22,635
treadmill,1.10 m/s,60.0,-0.054814,0.097254,-0.080275,0.070331,0.412885,0.309713,1.094794,0.048722,22,635
treadmill,1.10 m/s,61.0,-0.095736,0.099865,-0.014087,0.045961,0.118802,0.181772,1.094794,0.048722,22,635
treadmill,1.10 m/s,62.0,-0.125695,0.102434,0.028576,0.026409,-0.013826,0.101963,1.094794,0.048722,22,635
treadmill,1.10 m/s,63.0,-0.143205,0.104547,0.052249,0.01574,-0.031955,0.073435,1.094794,0.048722,22,635
treadmill,1.10 m/s,64.0,-0.148316,0.105455,0.062137,0.017608,0.005943,0.058066,1.094794,0.048722,22,635
treadmill,1.10 m/s,65.0,-0.142379,0.104543,0.063041,0.023891,0.053127,0.042984,1.094794,0.048722,22,635
treadmill,1.10 m/s,66.0,-0.127858,0.101659,0.058861,0.029214,0.08465,0.041672,1.094794,0.048722,22,635
treadmill,1.10 m/s,67.0,-0.107608,0.097236,0.052433,0.032695,0.096381,0.053622,1.094794,0.048722,22,635
treadmill,1.10 m/s,68.0,-0.084075,0.091724,0.045632,0.034362,0.093518,0.064552,1.094794,0.048722,22,635
treadmill,1.10 m/s,69.0,-0.059389,0.085975,0.039601,0.034625,0.083349,0.069309,1.094794,0.048722,22,635
treadmill,1.10 m/s,70.0,-0.034897,0.080556,0.034951,0.034204,0.071773,0.068494,1.094794,0.048722,22,635
treadmill,1.10 m/s,71.0,-0.011401,0.07589,0.031958,0.033891,0.0618,0.064614,1.094794,0.048722,22,635
treadmill,1.10 m/s,72.0,0.010657,0.07214,0.030595,0.03409,0.053923,0.059255,1.094794,0.048722,22,635
treadmill,1.10 m/s,73.0,0.030793,0.069292,0.030551,0.034677,0.04821,0.053307,1.094794,0.048722,22,635
treadmill,1.10 m/s,74.0,0.049069,0.06707,0.031335,0.035108,0.044115,0.047142,1.094794,0.048722,22,635
treadmill,1.10 m/s,75.0,0.065317,0.065124,0.032475,0.034882,0.040205,0.040603,1.094794,0.048722,22,635
treadmill,1.10 m/s,76.0,0.079457,0.063251,0.033659,0.033894,0.036217,0.03527,1.094794,0.048722,22,635
treadmill,1.10 m/s,77.0,0.091315,0.061341,0.034806,0.032461,0.031793,0.031394,1.094794,0.048722,22,635
treadmill,1.10 m/s,78.0,0.100763,0.059349,0.035971,0.031075,0.026743,0.028377,1.094794,0.048722,22,635
treadmill,1.10 m/s,79.0,0.107852,0.057209,0.037266,0.030235,0.021224,0.02607,1.094794,0.048722,22,635
treadmill,1.10 m/s,80.0,0.11257,0.054954,0.038777,0.030171,0.015805,0.025477,1.094794,0.048722,22,635
treadmill,1.10 m/s,81.0,0.115148,0.052533,0.040478,0.030694,0.010013,0.025842,1.094794,0.048722,22,635
treadmill,1.10 m/s,82.0,0.115618,0.050096,0.042137,0.03137,0.003605,0.025802,1.094794,0.048722,22,635
treadmill,1.10 m/s,83.0,0.114271,0.047759,0.043421,0.031951,-0.002601,0.026128,1.094794,0.048722,22,635
treadmill,1.10 m/s,84.0,0.11145,0.045644,0.043949,0.032395,-0.007981,0.025988,1.094794,0.048722,22,635
treadmill,1.10 m/s,85.0,0.107539,0.04395,0.043365,0.032834,-0.01146,0.025244,1.094794,0.048722,22,635
treadmill,1.10 m/s,86.0,0.103005,0.042833,0.041465,0.03368,-0.012513,0.023975,1.094794,0.048722,22,635
treadmill,1.10 m/s,87.0,0.0983,0.042313,0.038283,0.035451,-0.011455,0.022971,1.094794,0.048722,22,635
treadmill,1.10 m/s,88.0,0.093916,0.042328,0.034003,0.038163,-0.009257,0.02167,1.094794,0.048722,22,635
treadmill,1.10 m/s,89.0,0.090254,0.042693,0.028932,0.041004,-0.007261,0.019329,1.094794,0.048722,22,635
treadmill,1.10 m/s,90.0,0.087578,0.043267,0.023479,0.042945,-0.004623,0.015771,1.094794,0.048722,22,635
treadmill,1.10 m/s,91.0,0.086268,0.043864,0.018148,0.043515,-0.00215,0.013927,1.094794,0.048722,22,635
treadmill,1.10 m/s,92.0,0.086289,0.044618,0.013605,0.043053,-0.000702,0.012693,1.094794,0.048722,22,635
treadmill,1.10 m/s,93.0,0.087504,0.045241,0.010705,0.04241,-0.000336,0.009544,1.094794,0.048722,22,635
treadmill,1.10 m/s,94.0,0.089006,0.045858,0.010416,0.042395,-0.000697,0.005229,1.094794,0.048722,22,635
treadmill,1.10 m/s,95.0,0.089805,0.046194,0.013676,0.043,-0.001908,0.006301,1.094794,0.048722,22,635
treadmill,1.10 m/s,96.0,0.088469,0.046378,0.021321,0.043274,-0.006863,0.017768,1.094794,0.048722,22,635
treadmill,1.10 m/s,97.0,0.083354,0.046313,0.033968,0.042486,-0.023125,0.033356,1.094794,0.048722,22,635
treadmill,1.10 m/s,98.0,0.073087,0.04607,0.051536,0.041928,-0.06053,0.052218,1.094794,0.048722,22,635
treadmill,1.10 m/s,99.0,0.057063,0.045967,0.072515,0.044914,-0.121646,0.079442,1.094794,0.048722,22,635
treadmill,1.10 m/s,100.0,0.036318,0.046047,0.093073,0.052921,-0.178512,0.106589,1.094794,0.048722,22,635
treadmill,1.15 m/s,0.0,0.035618,0.046263,0.095045,0.061965,-0.217475,0.15506,1.071148,0.04781,22,649
treadmill,1.15 m/s,1.0,0.01387,0.044367,0.108605,0.075196,-0.236315,0.167822,1.071148,0.04781,22,649
treadmill,1.15 m/s,2.0,-0.004319,0.04348,0.110757,0.088184,-0.195445,0.154628,1.071148,0.04781,22,649
treadmill,1.15 m/s,3.0,-0.015721,0.043852,0.100152,0.0998,-0.117409,0.121573,1.071148,0.04781,22,649
treadmill,1.15 m/s,4.0,-0.019236,0.045204,0.077437,0.109635,-0.044823,0.101746,1.071148,0.04781,22,649
treadmill,1.15 m/s,5.0,-0.014881,0.047109,0.044879,0.11766,-0.010001,0.126201,1.071148,0.04781,22,649
treadmill,1.15 m/s,6.0,-0.004261,0.048889,0.005514,0.124095,-0.023462,0.170627,1.071148,0.04781,22,649
treadmill,1.15 m/s,7.0,0.010951,0.050202,-0.037732,0.129587,-0.075803,0.207054,1.071148,0.04781,22,649
treadmill,1.15 m/s,8.0,0.028785,0.050939,-0.08223,0.134984,-0.148924,0.226927,1.071148,0.04781,22,649
treadmill,1.15 m/s,9.0,0.047748,0.051175,-0.125929,0.140782,-0.224266,0.234361,1.071148,0.04781,22,649
treadmill,1.15 m/s,10.0,0.066765,0.051055,-0.167485,0.146951,-0.289564,0.234614,1.071148,0.04781,22,649
treadmill,1.15 m/s,11.0,0.085,0.050811,-0.206235,0.153103,-0.338753,0.230634,1.071148,0.04781,22,649
treadmill,1.15 m/s,12.0,0.102288,0.05039,-0.242107,0.158844,-0.371453,0.223458,1.071148,0.04781,22,649
treadmill,1.15 m/s,13.0,0.118317,0.049928,-0.275422,0.164031,-0.389707,0.214639,1.071148,0.04781,22,649
treadmill,1.15 m/s,14.0,0.13306,0.049412,-0.306658,0.168721,-0.395896,0.204054,1.071148,0.04781,22,649
treadmill,1.15 m/s,15.0,0.146474,0.048821,-0.336274,0.173069,-0.393115,0.193633,1.071148,0.04781,22,649
treadmill,1.15 m/s,16.0,0.158673,0.048133,-0.36462,0.177238,-0.385233,0.184365,1.071148,0.04781,22,649
treadmill,1.15 m/s,17.0,0.169747,0.047468,-0.39192,0.181371,-0.374141,0.178439,1.071148,0.04781,22,649
treadmill,1.15 m/s,18.0,0.179822,0.046846,-0.418331,0.185582,-0.361434,0.175797,1.071148,0.04781,22,649
treadmill,1.15 m/s,19.0,0.189009,0.046293,-0.44402,0.189907,-0.347968,0.174443,1.071148,0.04781,22,649
treadmill,1.15 m/s,20.0,0.197391,0.045801,-0.469216,0.194329,-0.339519,0.176903,1.071148,0.04781,22,649
treadmill,1.15 m/s,21.0,0.205263,0.045442,-0.494218,0.19877,-0.336362,0.180133,1.071148,0.04781,22,649
treadmill,1.15 m/s,22.0,0.212713,0.045176,-0.519385,0.203145,-0.337111,0.182144,1.071148,0.04781,22,649
treadmill,1.15 m/s,23.0,0.2199,0.045002,-0.545107,0.207381,-0.345252,0.185027,1.071148,0.04781,22,649
treadmill,1.15 m/s,24.0,0.226988,0.044913,-0.571784,0.211417,-0.359298,0.184419,1.071148,0.04781,22,649
treadmill,1.15 m/s,25.0,0.234067,0.044824,-0.599809,0.215198,-0.378022,0.182317,1.071148,0.04781,22,649
treadmill,1.15 m/s,26.0,0.241196,0.044788,-0.629551,0.218636,-0.403872,0.182318,1.071148,0.04781,22,649
treadmill,1.15 m/s,27.0,0.248513,0.044765,-0.661318,0.221614,-0.436535,0.181613,1.071148,0.04781,22,649
treadmill,1.15 m/s,28.0,0.256058,0.044806,-0.695381,0.223977,-0.474045,0.177907,1.071148,0.04781,22,649
treadmill,1.15 m/s,29.0,0.263853,0.044833,-0.731948,0.225564,-0.514206,0.174877,1.071148,0.04781,22,649
treadmill,1.15 m/s,30.0,0.271865,0.044935,-0.77117,0.226242,-0.552424,0.174927,1.071148,0.04781,22,649
treadmill,1.15 m/s,31.0,0.27998,0.045063,-0.813134,0.225931,-0.586436,0.178309,1.071148,0.04781,22,649
treadmill,1.15 m/s,32.0,0.28814,0.045227,-0.857836,0.224627,-0.620904,0.184743,1.071148,0.04781,22,649
treadmill,1.15 m/s,33.0,0.296378,0.045367,-0.905151,0.222398,-0.655842,0.199867,1.071148,0.04781,22,649
treadmill,1.15 m/s,34.0,0.304603,0.045516,-0.954835,0.219364,-0.68891,0.222694,1.071148,0.04781,22,649
treadmill,1.15 m/s,35.0,0.312814,0.045603,-1.006513,0.21568,-0.718123,0.250057,1.071148,0.04781,22,649
treadmill,1.15 m/s,36.0,0.320892,0.045704,-1.059707,0.211508,-0.742937,0.276071,1.071148,0.04781,22,649
treadmill,1.15 m/s,37.0,0.328829,0.045765,-1.113839,0.206992,-0.762448,0.299418,1.071148,0.04781,22,649
treadmill,1.15 m/s,38.0,0.336518,0.045845,-1.168255,0.202237,-0.770103,0.320145,1.071148,0.04781,22,649
treadmill,1.15 m/s,39.0,0.343861,0.04595,-1.222211,0.19728,-0.76513,0.335605,1.071148,0.04781,22,649
treadmill,1.15 m/s,40.0,0.350771,0.045986,-1.274848,0.19208,-0.742485,0.35309,1.071148,0.04781,22,649
treadmill,1.15 m/s,41.0,0.35711,0.046026,-1.325128,0.186575,-0.691618,0.367775,1.071148,0.04781,22,649
treadmill,1.15 m/s,42.0,0.362651,0.045983,-1.371813,0.180732,-0.60991,0.394445,1.071148,0.04781,22,649
treadmill,1.15 m/s,43.0,0.367279,0.045894,-1.413403,0.174606,-0.492468,0.441905,1.071148,0.04781,22,649
treadmill,1.15 m/s,44.0,0.370703,0.045808,-1.448105,0.168433,-0.328038,0.499145,1.071148,0.04781,22,649
treadmill,1.15 m/s,45.0,0.372645,0.045795,-1.473792,0.162691,-0.107989,0.561202,1.071148,0.04781,22,649
treadmill,1.15 m/s,46.0,0.372713,0.045845,-1.487938,0.158112,0.176726,0.626837,1.071148,0.04781,22,649
treadmill,1.15 m/s,47.0,0.37043,0.046248,-1.48765,0.155531,0.509681,0.698121,1.071148,0.04781,22,649
treadmill,1.15 m/s,48.0,0.365568,0.046805,-1.469757,0.155596,0.903763,0.793963,1.071148,0.04781,22,649
treadmill,1.15 m/s,49.0,0.357237,0.048347,-1.431071,0.15856,1.370113,0.870703,1.071148,0.04781,22,649
treadmill,1.15 m/s,50.0,0.344704,0.050685,-1.368967,0.164119,1.881763,0.887192,1.071148,0.04781,22,649
treadmill,1.15 m/s,51.0,0.327,0.053596,-1.281346,0.171193,2.40716,0.872155,1.071148,0.04781,22,649
treadmill,1.15 m/s,52.0,0.302995,0.058135,-1.16862,0.178267,2.87418,0.823178,1.071148,0.04781,22,649
treadmill,1.15 m/s,53.0,0.271924,0.063715,-1.033153,0.183385,3.179036,0.752249,1.071148,0.04781,22,649
treadmill,1.15 m/s,54.0,0.23372,0.070234,-0.880017,0.184572,3.258409,0.679459,1.071148,0.04781,22,649
treadmill,1.15 m/s,55.0,0.188403,0.076864,-0.716647,0.180064,3.079156,0.636654,1.071148,0.04781,22,649
treadmill,1.15 m/s,56.0,0.137054,0.083266,-0.552252,0.16866,2.644712,0.631391,1.071148,0.04781,22,649
treadmill,1.15 m/s,57.0,0.081587,0.088743,-0.396693,0.150145,2.031425,0.628784,1.071148,0.04781,22,649
treadmill,1.15 m/s,58.0,0.02497,0.092741,-0.258903,0.125578,1.359593,0.579891,1.071148,0.04781,22,649
treadmill,1.15 m/s,59.0,-0.029277,0.09514,-0.145184,0.097337,0.755788,0.466569,1.071148,0.04781,22,649
treadmill,1.15 m/s,60.0,-0.077274,0.096118,-0.058339,0.068692,0.310794,0.312535,1.071148,0.04781,22,649
treadmill,1.15 m/s,61.0,-0.115712,0.096274,0.002265,0.043307,0.055174,0.168491,1.071148,0.04781,22,649
treadmill,1.15 m/s,62.0,-0.14218,0.096074,0.039971,0.025285,-0.038201,0.087553,1.071148,0.04781,22,649
treadmill,1.15 m/s,63.0,-0.15575,0.095691,0.059642,0.020103,-0.029369,0.07613,1.071148,0.04781,22,649
treadmill,1.15 m/s,64.0,-0.156997,0.094915,0.066555,0.024902,0.020268,0.067158,1.071148,0.04781,22,649
treadmill,1.15 m/s,65.0,-0.147885,0.093422,0.065512,0.030668,0.067605,0.051006,1.071148,0.04781,22,649
treadmill,1.15 m/s,66.0,-0.131194,0.09106,0.060258,0.034767,0.09612,0.047659,1.071148,0.04781,22,649
treadmill,1.15 m/s,67.0,-0.109488,0.087863,0.053407,0.037195,0.105531,0.059838,1.071148,0.04781,22,649
treadmill,1.15 m/s,68.0,-0.085239,0.084102,0.04659,0.038386,0.101101,0.070949,1.071148,0.04781,22,649
treadmill,1.15 m/s,69.0,-0.060187,0.080161,0.040672,0.0387,0.089895,0.075524,1.071148,0.04781,22,649
treadmill,1.15 m/s,70.0,-0.03571,0.076666,0.036006,0.038405,0.077031,0.074461,1.071148,0.04781,22,649
treadmill,1.15 m/s,71.0,-0.012398,0.073762,0.032673,0.037717,0.06551,0.069921,1.071148,0.04781,22,649
treadmill,1.15 m/s,72.0,0.009263,0.071612,0.0306,0.036854,0.056194,0.063601,1.071148,0.04781,22,649
treadmill,1.15 m/s,73.0,0.029116,0.069994,0.02962,0.035989,0.049205,0.056888,1.071148,0.04781,22,649
treadmill,1.15 m/s,74.0,0.046979,0.068835,0.029514,0.035192,0.044045,0.050632,1.071148,0.04781,22,649
treadmill,1.15 m/s,75.0,0.062816,0.067752,0.030066,0.034492,0.040036,0.045462,1.071148,0.04781,22,649
treadmill,1.15 m/s,76.0,0.076594,0.066498,0.031092,0.033885,0.036363,0.041163,1.071148,0.04781,22,649
treadmill,1.15 m/s,77.0,0.088139,0.065045,0.032437,0.033371,0.032525,0.037744,1.071148,0.04781,22,649
treadmill,1.15 m/s,78.0,0.097492,0.063285,0.033969,0.032992,0.028081,0.034859,1.071148,0.04781,22,649
treadmill,1.15 m/s,79.0,0.10454,0.061265,0.035569,0.0328,0.022958,0.032755,1.071148,0.04781,22,649
treadmill,1.15 m/s,80.0,0.109401,0.058975,0.03711,0.032829,0.01769,0.032174,1.071148,0.04781,22,649
treadmill,1.15 m/s,81.0,0.112228,0.056419,0.038452,0.033112,0.012076,0.032022,1.071148,0.04781,22,649
treadmill,1.15 m/s,82.0,0.113127,0.05371,0.039469,0.033717,0.006347,0.031334,1.071148,0.04781,22,649
treadmill,1.15 m/s,83.0,0.112299,0.051012,0.040022,0.034704,0.001273,0.031015,1.071148,0.04781,22,649
treadmill,1.15 m/s,84.0,0.110044,0.048428,0.039956,0.03602,-0.002677,0.030581,1.071148,0.04781,22,649
treadmill,1.15 m/s,85.0,0.106716,0.046226,0.039094,0.037534,-0.005622,0.028775,1.071148,0.04781,22,649
treadmill,1.15 m/s,86.0,0.102656,0.044659,0.037264,0.039166,-0.006815,0.026683,1.071148,0.04781,22,649
treadmill,1.15 m/s,87.0,0.098392,0.043863,0.034378,0.040923,-0.006487,0.02446,1.071148,0.04781,22,649
treadmill,1.15 m/s,88.0,0.094249,0.043972,0.030471,0.042741,-0.005536,0.021533,1.071148,0.04781,22,649
treadmill,1.15 m/s,89.0,0.090708,0.044731,0.025692,0.044368,-0.004068,0.01966,1.071148,0.04781,22,649
treadmill,1.15 m/s,90.0,0.088081,0.045966,0.020339,0.045513,-0.00235,0.018982,1.071148,0.04781,22,649
treadmill,1.15 m/s,91.0,0.086753,0.047229,0.014947,0.046099,-0.000994,0.018502,1.071148,0.04781,22,649
treadmill,1.15 m/s,92.0,0.086778,0.048396,0.010338,0.046358,-0.000754,0.016661,1.071148,0.04781,22,649
treadmill,1.15 m/s,93.0,0.087642,0.049546,0.00756,0.046774,-0.000901,0.013089,1.071148,0.04781,22,649
treadmill,1.15 m/s,94.0,0.088884,0.050459,0.007713,0.047793,-0.001268,0.006469,1.071148,0.04781,22,649
treadmill,1.15 m/s,95.0,0.089229,0.051086,0.011823,0.049102,-0.002047,0.006658,1.071148,0.04781,22,649
treadmill,1.15 m/s,96.0,0.087495,0.051303,0.020668,0.049532,-0.006464,0.020085,1.071148,0.04781,22,649
treadmill,1.15 m/s,97.0,0.082121,0.050894,0.034561,0.048498,-0.024253,0.039237,1.071148,0.04781,22,649
treadmill,1.15 m/s,98.0,0.071748,0.049811,0.053134,0.047853,-0.065048,0.06238,1.071148,0.04781,22,649
treadmill,1.15 m/s,99.0,0.056043,0.048327,0.074798,0.051677,-0.131013,0.095011,1.071148,0.04781,22,649
treadmill,1.15 m/s,100.0,0.035915,0.046554,0.095695,0.061619,-0.193574,0.127434,1.071148,0.04781,22,649
treadmill,1.20 m/s,0.0,0.046289,0.039525,0.094295,0.046616,-0.190342,0.115187,1.036758,0.04738,22,676
treadmill,1.20 m/s,1.0,0.025676,0.039881,0.107761,0.057978,-0.196889,0.128097,1.036758,0.04738,22,676
treadmill,1.20 m/s,2.0,0.008989,0.040521,0.10998,0.068319,-0.147465,0.119592,1.036758,0.04738,22,676
treadmill,1.20 m/s,3.0,-0.001329,0.041174,0.099247,0.077351,-0.069838,0.090643,1.036758,0.04738,22,676
treadmill,1.20 m/s,4.0,-0.003881,0.041838,0.075848,0.0853,-0.003936,0.054611,1.036758,0.04738,22,676
treadmill,1.20 m/s,5.0,0.00107,0.042369,0.041689,0.092359,0.017165,0.060076,1.036758,0.04738,22,676
treadmill,1.20 m/s,6.0,0.012177,0.042728,-0.000248,0.098595,-0.014924,0.105632,1.036758,0.04738,22,676
treadmill,1.20 m/s,7.0,0.027843,0.043027,-0.046808,0.10422,-0.088697,0.147672,1.036758,0.04738,22,676
treadmill,1.20 m/s,8.0,0.046255,0.043209,-0.095115,0.109625,-0.18311,0.176302,1.036758,0.04738,22,676
treadmill,1.20 m/s,9.0,0.065856,0.043363,-0.142896,0.115117,-0.277205,0.19383,1.036758,0.04738,22,676
treadmill,1.20 m/s,10.0,0.085587,0.04347,-0.188761,0.120857,-0.356685,0.204591,1.036758,0.04738,22,676
treadmill,1.20 m/s,11.0,0.104509,0.043539,-0.232126,0.126875,-0.41565,0.2104,1.036758,0.04738,22,676
treadmill,1.20 m/s,12.0,0.122405,0.043581,-0.272978,0.133073,-0.453552,0.212492,1.036758,0.04738,22,676
treadmill,1.20 m/s,13.0,0.138791,0.043565,-0.311576,0.139296,-0.471779,0.211732,1.036758,0.04738,22,676
treadmill,1.20 m/s,14.0,0.153697,0.043455,-0.348191,0.145365,-0.476034,0.206494,1.036758,0.04738,22,676
treadmill,1.20 m/s,15.0,0.16716,0.043254,-0.382982,0.151156,-0.468925,0.198058,1.036758,0.04738,22,676
treadmill,1.20 m/s,16.0,0.179194,0.042986,-0.416014,0.156624,-0.456084,0.187736,1.036758,0.04738,22,676
treadmill,1.20 m/s,17.0,0.190092,0.042621,-0.447336,0.161824,-0.439684,0.177781,1.036758,0.04738,22,676
treadmill,1.20 m/s,18.0,0.199877,0.042294,-0.477071,0.166865,-0.419746,0.16895,1.036758,0.04738,22,676
treadmill,1.20 m/s,19.0,0.208733,0.04193,-0.505453,0.171842,-0.40097,0.162752,1.036758,0.04738,22,676
treadmill,1.20 m/s,20.0,0.216801,0.041599,-0.53282,0.176787,-0.384946,0.159672,1.036758,0.04738,22,676
treadmill,1.20 m/s,21.0,0.224245,0.041286,-0.559568,0.181637,-0.372025,0.160577,1.036758,0.04738,22,676
treadmill,1.20 m/s,22.0,0.23115,0.041059,-0.586118,0.186266,-0.364044,0.164208,1.036758,0.04738,22,676
treadmill,1.20 m/s,23.0,0.237711,0.040887,-0.612893,0.190534,-0.363159,0.167218,1.036758,0.04738,22,676
treadmill,1.20 m/s,24.0,0.24405,0.040804,-0.640297,0.194324,-0.367486,0.172189,1.036758,0.04738,22,676
treadmill,1.20 m/s,25.0,0.250251,0.040807,-0.668684,0.197545,-0.378294,0.178099,1.036758,0.04738,22,676
treadmill,1.20 m/s,26.0,0.256437,0.040898,-0.698368,0.20011,-0.399574,0.186688,1.036758,0.04738,22,676
treadmill,1.20 m/s,27.0,0.26279,0.041056,-0.729617,0.201966,-0.426926,0.195681,1.036758,0.04738,22,676
treadmill,1.20 m/s,28.0,0.269279,0.041347,-0.762698,0.203089,-0.459501,0.204122,1.036758,0.04738,22,676
treadmill,1.20 m/s,29.0,0.275998,0.041757,-0.797869,0.203516,-0.498249,0.213607,1.036758,0.04738,22,676
treadmill,1.20 m/s,30.0,0.282935,0.042313,-0.835368,0.203329,-0.536344,0.227089,1.036758,0.04738,22,676
treadmill,1.20 m/s,31.0,0.290016,0.043011,-0.87537,0.202631,-0.575921,0.238752,1.036758,0.04738,22,676
treadmill,1.20 m/s,32.0,0.297276,0.043798,-0.917946,0.201529,-0.613875,0.245122,1.036758,0.04738,22,676
treadmill,1.20 m/s,33.0,0.304601,0.044621,-0.963054,0.200138,-0.648704,0.255499,1.036758,0.04738,22,676
treadmill,1.20 m/s,34.0,0.311977,0.045517,-1.010558,0.198566,-0.681117,0.26931,1.036758,0.04738,22,676
treadmill,1.20 m/s,35.0,0.319306,0.046449,-1.060237,0.196925,-0.711046,0.276229,1.036758,0.04738,22,676
treadmill,1.20 m/s,36.0,0.326599,0.047271,-1.111781,0.195278,-0.736395,0.278605,1.036758,0.04738,22,676
treadmill,1.20 m/s,37.0,0.333723,0.048065,-1.16475,0.193606,-0.749507,0.283742,1.036758,0.04738,22,676
treadmill,1.20 m/s,38.0,0.340588,0.048749,-1.21853,0.191792,-0.754043,0.284587,1.036758,0.04738,22,676
treadmill,1.20 m/s,39.0,0.347161,0.049273,-1.272321,0.189641,-0.743541,0.28734,1.036758,0.04738,22,676
treadmill,1.20 m/s,40.0,0.35327,0.049627,-1.325145,0.186924,-0.705251,0.298604,1.036758,0.04738,22,676
treadmill,1.20 m/s,41.0,0.358711,0.049794,-1.375795,0.183441,-0.635337,0.319031,1.036758,0.04738,22,676
treadmill,1.20 m/s,42.0,0.363322,0.04966,-1.422804,0.179065,-0.527067,0.367316,1.036758,0.04738,22,676
treadmill,1.20 m/s,43.0,0.366852,0.049372,-1.464374,0.173753,-0.373686,0.419681,1.036758,0.04738,22,676
treadmill,1.20 m/s,44.0,0.36904,0.048799,-1.498379,0.167682,-0.161073,0.485361,1.036758,0.04738,22,676
treadmill,1.20 m/s,45.0,0.369471,0.048108,-1.522328,0.161357,0.114851,0.572032,1.036758,0.04738,22,676
treadmill,1.20 m/s,46.0,0.367804,0.047333,-1.533308,0.155628,0.464001,0.655643,1.036758,0.04738,22,676
treadmill,1.20 m/s,47.0,0.363413,0.046669,-1.528043,0.151594,0.872764,0.746349,1.036758,0.04738,22,676
treadmill,1.20 m/s,48.0,0.356016,0.04584,-1.503168,0.150305,1.331319,0.839245,1.036758,0.04738,22,676
treadmill,1.20 m/s,49.0,0.344871,0.044983,-1.455578,0.152268,1.854601,0.903576,1.036758,0.04738,22,676
treadmill,1.20 m/s,50.0,0.329031,0.045681,-1.382917,0.157126,2.395647,0.924992,1.036758,0.04738,22,676
treadmill,1.20 m/s,51.0,0.30785,0.046971,-1.283736,0.16339,2.910081,0.890722,1.036758,0.04738,22,676
treadmill,1.20 m/s,52.0,0.280259,0.04979,-1.159252,0.168946,3.325695,0.799403,1.036758,0.04738,22,676
treadmill,1.20 m/s,53.0,0.245838,0.053619,-1.012948,0.171498,3.533288,0.700282,1.036758,0.04738,22,676
treadmill,1.20 m/s,54.0,0.204782,0.058096,-0.850973,0.169116,3.470684,0.639773,1.036758,0.04738,22,676
treadmill,1.20 m/s,55.0,0.157839,0.06263,-0.681724,0.160523,3.130957,0.631435,1.036758,0.04738,22,676
treadmill,1.20 m/s,56.0,0.10643,0.067109,-0.515004,0.145461,2.560748,0.631224,1.036758,0.04738,22,676
treadmill,1.20 m/s,57.0,0.052852,0.071437,-0.360646,0.124846,1.861181,0.59025,1.036758,0.04738,22,676
treadmill,1.20 m/s,58.0,0.000162,0.075809,-0.226985,0.100751,1.166143,0.488739,1.036758,0.04738,22,676
treadmill,1.20 m/s,59.0,-0.048463,0.080742,-0.119393,0.075889,0.593939,0.34986,1.036758,0.04738,22,676
treadmill,1.20 m/s,60.0,-0.089723,0.086296,-0.039591,0.052904,0.210713,0.216032,1.036758,0.04738,22,676
treadmill,1.20 m/s,61.0,-0.12107,0.092066,0.013941,0.033847,0.018622,0.118287,1.036758,0.04738,22,676
treadmill,1.20 m/s,62.0,-0.140929,0.097196,0.045304,0.020308,-0.030486,0.065303,1.036758,0.04738,22,676
treadmill,1.20 m/s,63.0,-0.148953,0.100633,0.059698,0.013766,-0.002588,0.047823,1.036758,0.04738,22,676
treadmill,1.20 m/s,64.0,-0.146038,0.101781,0.062457,0.01338,0.045818,0.045232,1.036758,0.04738,22,676
treadmill,1.20 m/s,65.0,-0.134221,0.100507,0.058275,0.014889,0.082153,0.046924,1.036758,0.04738,22,676
treadmill,1.20 m/s,66.0,-0.115987,0.097237,0.050792,0.016076,0.098031,0.051097,1.036758,0.04738,22,676
treadmill,1.20 m/s,67.0,-0.093511,0.092497,0.042496,0.016759,0.096761,0.056158,1.036758,0.04738,22,676
treadmill,1.20 m/s,68.0,-0.069062,0.086924,0.034885,0.017177,0.085812,0.058923,1.036758,0.04738,22,676
treadmill,1.20 m/s,69.0,-0.043997,0.081269,0.028678,0.01742,0.072042,0.058392,1.036758,0.04738,22,676
treadmill,1.20 m/s,70.0,-0.01942,0.075963,0.024063,0.017337,0.058814,0.054543,1.036758,0.04738,22,676
treadmill,1.20 m/s,71.0,0.003924,0.071489,0.020951,0.016802,0.048024,0.048291,1.036758,0.04738,22,676
treadmill,1.20 m/s,72.0,0.025821,0.06759,0.019159,0.015903,0.040002,0.040778,1.036758,0.04738,22,676
treadmill,1.20 m/s,73.0,0.045947,0.064508,0.018496,0.014934,0.034344,0.034088,1.036758,0.04738,22,676
treadmill,1.20 m/s,74.0,0.064023,0.061993,0.018811,0.014338,0.030561,0.028827,1.036758,0.04738,22,676
treadmill,1.20 m/s,75.0,0.080077,0.059759,0.019932,0.014353,0.027969,0.024858,1.036758,0.04738,22,676
treadmill,1.20 m/s,76.0,0.094004,0.057519,0.021614,0.0148,0.025881,0.022381,1.036758,0.04738,22,676
treadmill,1.20 m/s,77.0,0.105705,0.055309,0.023594,0.015364,0.023648,0.02067,1.036758,0.04738,22,676
treadmill,1.20 m/s,78.0,0.115197,0.052999,0.025633,0.015796,0.020763,0.019345,1.036758,0.04738,22,676
treadmill,1.20 m/s,79.0,0.122492,0.050651,0.02757,0.016077,0.017192,0.018592,1.036758,0.04738,22,676
treadmill,1.20 m/s,80.0,0.127666,0.04827,0.02933,0.016452,0.012808,0.018326,1.036758,0.04738,22,676
treadmill,1.20 m/s,81.0,0.130772,0.045898,0.030837,0.017104,0.007799,0.018522,1.036758,0.04738,22,676
treadmill,1.20 m/s,82.0,0.13193,0.043669,0.031948,0.017919,0.00245,0.018789,1.036758,0.04738,22,676
treadmill,1.20 m/s,83.0,0.131261,0.041716,0.032466,0.018603,-0.002743,0.018854,1.036758,0.04738,22,676
treadmill,1.20 m/s,84.0,0.129026,0.040226,0.03221,0.01893,-0.007017,0.018227,1.036758,0.04738,22,676
treadmill,1.20 m/s,85.0,0.12555,0.039385,0.031073,0.018932,-0.009896,0.016882,1.036758,0.04738,22,676
treadmill,1.20 m/s,86.0,0.121167,0.03933,0.029029,0.018774,-0.010898,0.014397,1.036758,0.04738,22,676
treadmill,1.20 m/s,87.0,0.11645,0.039873,0.026104,0.018597,-0.010034,0.011078,1.036758,0.04738,22,676
treadmill,1.20 m/s,88.0,0.111779,0.040783,0.022386,0.018495,-0.007764,0.007513,1.036758,0.04738,22,676
treadmill,1.20 m/s,89.0,0.107747,0.041694,0.018055,0.018463,-0.004812,0.004631,1.036758,0.04738,22,676
treadmill,1.20 m/s,90.0,0.104619,0.042457,0.013412,0.0183,-0.002165,0.003055,1.036758,0.04738,22,676
treadmill,1.20 m/s,91.0,0.102721,0.042862,0.008976,0.017941,-0.000516,0.003194,1.036758,0.04738,22,676
treadmill,1.20 m/s,92.0,0.102,0.04297,0.005505,0.017705,3.1e-05,0.003889,1.036758,0.04738,22,676
treadmill,1.20 m/s,93.0,0.102142,0.04283,0.003944,0.018133,-0.000327,0.004399,1.036758,0.04738,22,676
treadmill,1.20 m/s,94.0,0.102387,0.042343,0.005297,0.019421,-0.001139,0.004317,1.036758,0.04738,22,676
treadmill,1.20 m/s,95.0,0.101784,0.041756,0.010409,0.021095,-0.003452,0.008669,1.036758,0.04738,22,676
treadmill,1.20 m/s,96.0,0.098956,0.04099,0.019907,0.022662,-0.01104,0.019427,1.036758,0.04738,22,676
treadmill,1.20 m/s,97.0,0.092582,0.040207,0.034112,0.024524,-0.030144,0.033664,1.036758,0.04738,22,676
treadmill,1.20 m/s,98.0,0.081754,0.039601,0.052713,0.028322,-0.068751,0.052447,1.036758,0.04738,22,676
treadmill,1.20 m/s,99.0,0.066019,0.039347,0.074154,0.035778,-0.127714,0.078164,1.036758,0.04738,22,676
treadmill,1.20 m/s,100.0,0.046291,0.039501,0.094687,0.046485,-0.181298,0.105362,1.036758,0.04738,22,676
treadmill,1.25 m/s,0.0,0.041402,0.04259,0.099479,0.047944,-0.19741,0.116658,1.014558,0.053585,22,690
treadmill,1.25 m/s,1.0,0.021455,0.042123,0.110876,0.058022,-0.203574,0.132192,1.014558,0.053585,22,690
treadmill,1.25 m/s,2.0,0.004925,0.042014,0.111877,0.068288,-0.156891,0.126945,1.014558,0.053585,22,690
treadmill,1.25 m/s,3.0,-0.005522,0.042648,0.100815,0.078275,-0.078846,0.092233,1.014558,0.053585,22,690
treadmill,1.25 m/s,4.0,-0.008386,0.043955,0.077826,0.087958,-0.011988,0.044962,1.014558,0.053585,22,690
treadmill,1.25 m/s,5.0,-0.004118,0.045399,0.0445,0.09724,0.012899,0.058245,1.014558,0.053585,22,690
treadmill,1.25 m/s,6.0,0.006376,0.046678,0.003469,0.105993,-0.013652,0.12005,1.014558,0.053585,22,690
treadmill,1.25 m/s,7.0,0.021529,0.047579,-0.042409,0.114316,-0.084681,0.174419,1.014558,0.053585,22,690
treadmill,1.25 m/s,8.0,0.039614,0.048034,-0.090407,0.12262,-0.178907,0.214044,1.014558,0.053585,22,690
treadmill,1.25 m/s,9.0,0.059283,0.048215,-0.13823,0.131354,-0.276241,0.240058,1.014558,0.053585,22,690
treadmill,1.25 m/s,10.0,0.079173,0.048162,-0.184352,0.140785,-0.360756,0.255721,1.014558,0.053585,22,690
treadmill,1.25 m/s,11.0,0.098521,0.047965,-0.228059,0.150901,-0.425591,0.264905,1.014558,0.053585,22,690
treadmill,1.25 m/s,12.0,0.116822,0.047826,-0.269251,0.161417,-0.469089,0.269051,1.014558,0.053585,22,690
treadmill,1.25 m/s,13.0,0.133789,0.047652,-0.308141,0.171948,-0.491713,0.267542,1.014558,0.053585,22,690
treadmill,1.25 m/s,14.0,0.149224,0.047414,-0.34498,0.182105,-0.496624,0.260652,1.014558,0.053585,22,690
treadmill,1.25 m/s,15.0,0.16311,0.047134,-0.379908,0.19159,-0.489346,0.249423,1.014558,0.053585,22,690
treadmill,1.25 m/s,16.0,0.175584,0.046757,-0.412942,0.200222,-0.475595,0.235544,1.014558,0.053585,22,690
treadmill,1.25 m/s,17.0,0.186823,0.046297,-0.444054,0.207909,-0.455903,0.219816,1.014558,0.053585,22,690
treadmill,1.25 m/s,18.0,0.196865,0.045827,-0.473242,0.214616,-0.431892,0.202259,1.014558,0.053585,22,690
treadmill,1.25 m/s,19.0,0.205908,0.045249,-0.500636,0.220335,-0.408175,0.185521,1.014558,0.053585,22,690
treadmill,1.25 m/s,20.0,0.214074,0.0447,-0.526519,0.225074,-0.385856,0.171463,1.014558,0.053585,22,690
treadmill,1.25 m/s,21.0,0.221532,0.044121,-0.551319,0.228847,-0.366745,0.159614,1.014558,0.053585,22,690
treadmill,1.25 m/s,22.0,0.228413,0.043587,-0.575556,0.231638,-0.352304,0.151804,1.014558,0.053585,22,690
treadmill,1.25 m/s,23.0,0.234875,0.043107,-0.599746,0.233389,-0.343304,0.147693,1.014558,0.053585,22,690
treadmill,1.25 m/s,24.0,0.241006,0.042697,-0.624359,0.234018,-0.341658,0.147864,1.014558,0.053585,22,690
treadmill,1.25 m/s,25.0,0.247005,0.042342,-0.649815,0.233489,-0.349047,0.15542,1.014558,0.053585,22,690
treadmill,1.25 m/s,26.0,0.252991,0.042081,-0.676532,0.231849,-0.364072,0.16546,1.014558,0.053585,22,690
treadmill,1.25 m/s,27.0,0.259055,0.041926,-0.704928,0.229273,-0.386438,0.178608,1.014558,0.053585,22,690
treadmill,1.25 m/s,28.0,0.265257,0.041892,-0.735417,0.22596,-0.416259,0.196562,1.014558,0.053585,22,690
treadmill,1.25 m/s,29.0,0.271667,0.042021,-0.768377,0.222086,-0.453613,0.218647,1.014558,0.053585,22,690
treadmill,1.25 m/s,30.0,0.278323,0.04233,-0.804107,0.217799,-0.493785,0.244879,1.014558,0.053585,22,690
treadmill,1.25 m/s,31.0,0.285146,0.042901,-0.842836,0.213299,-0.535593,0.269078,1.014558,0.053585,22,690
treadmill,1.25 m/s,32.0,0.292167,0.043629,-0.88473,0.208876,-0.581764,0.290146,1.014558,0.053585,22,690
treadmill,1.25 m/s,33.0,0.299382,0.044519,-0.92989,0.204872,-0.628867,0.308823,1.014558,0.053585,22,690
treadmill,1.25 m/s,34.0,0.30674,0.045495,-0.978329,0.201542,-0.676544,0.323386,1.014558,0.053585,22,690
treadmill,1.25 m/s,35.0,0.314218,0.046525,-1.029884,0.198955,-0.720243,0.335198,1.014558,0.053585,22,690
treadmill,1.25 m/s,36.0,0.321688,0.047554,-1.084172,0.196946,-0.75761,0.33993,1.014558,0.053585,22,690
treadmill,1.25 m/s,37.0,0.329113,0.048473,-1.140581,0.195186,-0.786597,0.339552,1.014558,0.053585,22,690
treadmill,1.25 m/s,38.0,0.336368,0.049264,-1.198306,0.193321,-0.797174,0.338586,1.014558,0.053585,22,690
treadmill,1.25 m/s,39.0,0.343264,0.049924,-1.256416,0.191078,-0.790119,0.337067,1.014558,0.053585,22,690
treadmill,1.25 m/s,40.0,0.349747,0.050363,-1.313834,0.188257,-0.758396,0.34012,1.014558,0.053585,22,690
treadmill,1.25 m/s,41.0,0.355581,0.050555,-1.369235,0.18468,-0.69022,0.36397,1.014558,0.053585,22,690
treadmill,1.25 m/s,42.0,0.360565,0.050504,-1.420963,0.180225,-0.57774,0.417693,1.014558,0.053585,22,690
treadmill,1.25 m/s,43.0,0.364408,0.050263,-1.466989,0.174913,-0.424893,0.49062,1.014558,0.053585,22,690
treadmill,1.25 m/s,44.0,0.367003,0.049786,-1.504949,0.169056,-0.214573,0.593995,1.014558,0.053585,22,690
treadmill,1.25 m/s,45.0,0.367833,0.049341,-1.532205,0.163364,0.072222,0.712994,1.014558,0.053585,22,690
treadmill,1.25 m/s,46.0,0.366522,0.049076,-1.545819,0.15897,0.429286,0.811376,1.014558,0.053585,22,690
treadmill,1.25 m/s,47.0,0.362567,0.048852,-1.542575,0.157187,0.850514,0.915768,1.014558,0.053585,22,690
treadmill,1.25 m/s,48.0,0.355543,0.049289,-1.519164,0.15903,1.325977,1.021822,1.014558,0.053585,22,690
treadmill,1.25 m/s,49.0,0.34484,0.050212,-1.472449,0.164675,1.871357,1.081811,1.014558,0.053585,22,690
treadmill,1.25 m/s,50.0,0.329399,0.052263,-1.400087,0.173353,2.460647,1.078958,1.014558,0.053585,22,690
treadmill,1.25 m/s,51.0,0.308279,0.055945,-1.300742,0.183336,3.020394,1.014982,1.014558,0.053585,22,690
treadmill,1.25 m/s,52.0,0.280676,0.060487,-1.175695,0.192318,3.456391,0.903564,1.014558,0.053585,22,690
treadmill,1.25 m/s,53.0,0.246265,0.065781,-1.0285,0.197743,3.669296,0.770117,1.014558,0.053585,22,690
treadmill,1.25 m/s,54.0,0.205175,0.071507,-0.865398,0.197398,3.612963,0.680855,1.014558,0.053585,22,690
treadmill,1.25 m/s,55.0,0.15795,0.076833,-0.694761,0.189675,3.274241,0.682694,1.014558,0.053585,22,690
treadmill,1.25 m/s,56.0,0.106108,0.081366,-0.526366,0.174064,2.689398,0.719034,1.014558,0.053585,22,690
treadmill,1.25 m/s,57.0,0.051978,0.08483,-0.370083,0.151358,1.967375,0.716116,1.014558,0.053585,22,690
treadmill,1.25 m/s,58.0,-0.001393,0.087244,-0.234256,0.123767,1.242653,0.628337,1.014558,0.053585,22,690
treadmill,1.25 m/s,59.0,-0.050454,0.089082,-0.124159,0.094635,0.640158,0.469782,1.014558,0.053585,22,690
treadmill,1.25 m/s,60.0,-0.091949,0.090928,-0.041503,0.067551,0.233205,0.292706,1.014558,0.053585,22,690
treadmill,1.25 m/s,61.0,-0.123253,0.093017,0.015096,0.045369,0.027015,0.147341,1.014558,0.053585,22,690
treadmill,1.25 m/s,62.0,-0.14283,0.095008,0.049463,0.029966,-0.025535,0.071645,1.014558,0.053585,22,690
treadmill,1.25 m/s,63.0,-0.15049,0.096199,0.066564,0.022529,0.006321,0.067386,1.014558,0.053585,22,690
treadmill,1.25 m/s,64.0,-0.147376,0.095941,0.071547,0.021626,0.061697,0.078421,1.014558,0.053585,22,690
treadmill,1.25 m/s,65.0,-0.135583,0.094096,0.06899,0.023097,0.104447,0.086567,1.014558,0.053585,22,690
treadmill,1.25 m/s,66.0,-0.117713,0.090787,0.062551,0.024552,0.123894,0.091332,1.014558,0.053585,22,690
treadmill,1.25 m/s,67.0,-0.095989,0.086447,0.054853,0.025602,0.124308,0.092367,1.014558,0.053585,22,690
treadmill,1.25 m/s,68.0,-0.072396,0.08174,0.047552,0.026405,0.113223,0.089577,1.014558,0.053585,22,690
treadmill,1.25 m/s,69.0,-0.048457,0.077172,0.041519,0.027151,0.097761,0.083911,1.014558,0.053585,22,690
treadmill,1.25 m/s,70.0,-0.025154,0.073161,0.037009,0.027807,0.082952,0.076594,1.014558,0.053585,22,690
treadmill,1.25 m/s,71.0,-0.002818,0.069649,0.033939,0.028214,0.070099,0.068158,1.014558,0.053585,22,690
treadmill,1.25 m/s,72.0,0.017904,0.067009,0.032196,0.028413,0.059936,0.059587,1.014558,0.053585,22,690
treadmill,1.25 m/s,73.0,0.036959,0.064997,0.031683,0.028614,0.053043,0.052139,1.014558,0.053585,22,690
treadmill,1.25 m/s,74.0,0.054269,0.063398,0.032208,0.028956,0.048088,0.045533,1.014558,0.053585,22,690
treadmill,1.25 m/s,75.0,0.069721,0.061931,0.03352,0.029514,0.044314,0.039897,1.014558,0.053585,22,690
treadmill,1.25 m/s,76.0,0.083247,0.060406,0.035424,0.030302,0.040625,0.035053,1.014558,0.053585,22,690
treadmill,1.25 m/s,77.0,0.094718,0.058711,0.037757,0.031226,0.036528,0.030474,1.014558,0.053585,22,690
treadmill,1.25 m/s,78.0,0.104144,0.056725,0.040397,0.032181,0.032539,0.027692,1.014558,0.053585,22,690
treadmill,1.25 m/s,79.0,0.111618,0.054365,0.043167,0.03307,0.027568,0.02581,1.014558,0.053585,22,690
treadmill,1.25 m/s,80.0,0.117007,0.051764,0.04575,0.033784,0.021358,0.024179,1.014558,0.053585,22,690
treadmill,1.25 m/s,81.0,0.120454,0.048966,0.047842,0.034331,0.014839,0.024257,1.014558,0.053585,22,690
treadmill,1.25 m/s,82.0,0.122066,0.046117,0.049324,0.034759,0.007478,0.024461,1.014558,0.053585,22,690
treadmill,1.25 m/s,83.0,0.12193,0.043534,0.050243,0.035086,0.000186,0.02446,1.014558,0.053585,22,690
treadmill,1.25 m/s,84.0,0.120291,0.041472,0.05073,0.035402,-0.005946,0.024439,1.014558,0.053585,22,690
treadmill,1.25 m/s,85.0,0.117378,0.040349,0.050711,0.035735,-0.010495,0.023924,1.014558,0.053585,22,690
treadmill,1.25 m/s,86.0,0.113628,0.040173,0.049831,0.035999,-0.012715,0.022004,1.014558,0.053585,22,690
treadmill,1.25 m/s,87.0,0.109508,0.040673,0.047769,0.036181,-0.013206,0.019282,1.014558,0.053585,22,690
treadmill,1.25 m/s,88.0,0.105308,0.041711,0.04446,0.036359,-0.011669,0.016834,1.014558,0.053585,22,690
treadmill,1.25 m/s,89.0,0.101657,0.042712,0.040062,0.036574,-0.008775,0.015834,1.014558,0.053585,22,690
treadmill,1.25 m/s,90.0,0.098808,0.043692,0.03492,0.03668,-0.005322,0.014502,1.014558,0.053585,22,690
treadmill,1.25 m/s,91.0,0.097105,0.044344,0.029604,0.036526,-0.002577,0.011713,1.014558,0.053585,22,690
treadmill,1.25 m/s,92.0,0.096509,0.044698,0.024974,0.036254,-0.001382,0.009064,1.014558,0.053585,22,690
treadmill,1.25 m/s,93.0,0.096684,0.044916,0.022227,0.036377,-0.001754,0.006169,1.014558,0.053585,22,690
treadmill,1.25 m/s,94.0,0.096867,0.044896,0.022608,0.037169,-0.003465,0.00563,1.014558,0.053585,22,690
treadmill,1.25 m/s,95.0,0.096262,0.04488,0.026805,0.038042,-0.007121,0.010777,1.014558,0.053585,22,690
treadmill,1.25 m/s,96.0,0.093482,0.044726,0.035028,0.038124,-0.017377,0.022517,1.014558,0.053585,22,690
treadmill,1.25 m/s,97.0,0.087193,0.044374,0.047306,0.037285,-0.039741,0.03659,1.014558,0.053585,22,690
treadmill,1.25 m/s,98.0,0.076493,0.043921,0.063325,0.037063,-0.080011,0.051623,1.014558,0.053585,22,690
treadmill,1.25 m/s,99.0,0.061017,0.043481,0.081879,0.040371,-0.142104,0.079845,1.014558,0.053585,22,690
treadmill,1.25 m/s,100.0,0.041206,0.042742,0.099679,0.04821,-0.197526,0.112601,1.014558,0.053585,22,690
treadmill,1.30 m/s,0.0,0.042743,0.044271,0.095495,0.04758,-0.203834,0.11427,0.997422,0.050405,22,701
treadmill,1.30 m/s,1.0,0.022117,0.045089,0.109396,0.059228,-0.216043,0.128638,0.997422,0.050405,22,701
treadmill,1.30 m/s,2.0,0.005024,0.045692,0.11265,0.070249,-0.174579,0.125254,0.997422,0.050405,22,701
treadmill,1.30 m/s,3.0,-0.006142,0.046132,0.103312,0.080461,-0.098942,0.099539,0.997422,0.050405,22,701
treadmill,1.30 m/s,4.0,-0.0098,0.046448,0.081237,0.090304,-0.027555,0.064123,0.997422,0.050405,22,701
treadmill,1.30 m/s,5.0,-0.006186,0.046756,0.047891,0.100334,0.003066,0.078113,0.997422,0.050405,22,701
treadmill,1.30 m/s,6.0,0.003734,0.047168,0.006003,0.111012,-0.021156,0.138511,0.997422,0.050405,22,701
treadmill,1.30 m/s,7.0,0.018468,0.047544,-0.041277,0.122587,-0.092363,0.200405,0.997422,0.050405,22,701
treadmill,1.30 m/s,8.0,0.036373,0.047886,-0.090841,0.135071,-0.190163,0.250887,0.997422,0.050405,22,701
treadmill,1.30 m/s,9.0,0.056005,0.048182,-0.140001,0.148213,-0.293255,0.287785,0.997422,0.050405,22,701
treadmill,1.30 m/s,10.0,0.076106,0.048401,-0.186917,0.161568,-0.383266,0.312023,0.997422,0.050405,22,701
treadmill,1.30 m/s,11.0,0.095766,0.048569,-0.230705,0.174644,-0.451223,0.324374,0.997422,0.050405,22,701
treadmill,1.30 m/s,12.0,0.114448,0.048716,-0.271244,0.186965,-0.493733,0.325218,0.997422,0.050405,22,701
treadmill,1.30 m/s,13.0,0.13172,0.048827,-0.308834,0.198181,-0.512789,0.316494,0.997422,0.050405,22,701
treadmill,1.30 m/s,14.0,0.147473,0.048815,-0.343853,0.20804,-0.51392,0.298915,0.997422,0.050405,22,701
treadmill,1.30 m/s,15.0,0.161702,0.048667,-0.376592,0.216398,-0.501866,0.275034,0.997422,0.050405,22,701
treadmill,1.30 m/s,16.0,0.174453,0.048414,-0.407202,0.223225,-0.481376,0.249112,0.997422,0.050405,22,701
treadmill,1.30 m/s,17.0,0.18589,0.048017,-0.435797,0.228582,-0.455478,0.220144,0.997422,0.050405,22,701
treadmill,1.30 m/s,18.0,0.196119,0.047516,-0.462527,0.232594,-0.426631,0.193484,0.997422,0.050405,22,701
treadmill,1.30 m/s,19.0,0.205277,0.046958,-0.48762,0.235385,-0.39949,0.171899,0.997422,0.050405,22,701
treadmill,1.30 m/s,20.0,0.213562,0.046433,-0.511392,0.237034,-0.375188,0.153704,0.997422,0.050405,22,701
treadmill,1.30 m/s,21.0,0.221119,0.045898,-0.534242,0.23756,-0.353922,0.142079,0.997422,0.050405,22,701
treadmill,1.30 m/s,22.0,0.228074,0.045445,-0.556652,0.236964,-0.338536,0.138601,0.997422,0.050405,22,701
treadmill,1.30 m/s,23.0,0.234596,0.045047,-0.57914,0.235293,-0.328044,0.141812,0.997422,0.050405,22,701
treadmill,1.30 m/s,24.0,0.240748,0.044777,-0.602217,0.232637,-0.325852,0.14987,0.997422,0.050405,22,701
treadmill,1.30 m/s,25.0,0.246756,0.044653,-0.626372,0.229115,-0.334862,0.163007,0.997422,0.050405,22,701
treadmill,1.30 m/s,26.0,0.252763,0.044661,-0.652115,0.224851,-0.353494,0.177763,0.997422,0.050405,22,701
treadmill,1.30 m/s,27.0,0.258869,0.044869,-0.67998,0.220012,-0.382011,0.189695,0.997422,0.050405,22,701
treadmill,1.30 m/s,28.0,0.265182,0.045252,-0.710488,0.214821,-0.418673,0.20522,0.997422,0.050405,22,701
treadmill,1.30 m/s,29.0,0.271715,0.045845,-0.744076,0.20953,-0.462104,0.218248,0.997422,0.050405,22,701
treadmill,1.30 m/s,30.0,0.278519,0.046603,-0.781107,0.20441,-0.509102,0.230154,0.997422,0.050405,22,701
treadmill,1.30 m/s,31.0,0.285548,0.047491,-0.821893,0.19973,-0.559797,0.242664,0.997422,0.050405,22,701
treadmill,1.30 m/s,32.0,0.292836,0.048466,-0.866656,0.195713,-0.61409,0.254038,0.997422,0.050405,22,701
treadmill,1.30 m/s,33.0,0.300338,0.049477,-0.915437,0.192505,-0.66826,0.263944,0.997422,0.050405,22,701
treadmill,1.30 m/s,34.0,0.308004,0.050436,-0.968083,0.190171,-0.719527,0.27313,0.997422,0.050405,22,701
treadmill,1.30 m/s,35.0,0.315744,0.051276,-1.024246,0.188691,-0.76458,0.282782,0.997422,0.050405,22,701
treadmill,1.30 m/s,36.0,0.323465,0.052025,-1.083421,0.187917,-0.803421,0.292696,0.997422,0.050405,22,701
treadmill,1.30 m/s,37.0,0.331094,0.052639,-1.144919,0.187578,-0.828654,0.298639,0.997422,0.050405,22,701
treadmill,1.30 m/s,38.0,0.338439,0.05303,-1.207848,0.187377,-0.835823,0.302812,0.997422,0.050405,22,701
treadmill,1.30 m/s,39.0,0.345419,0.053184,-1.271093,0.187019,-0.823605,0.315136,0.997422,0.050405,22,701
treadmill,1.30 m/s,40.0,0.351879,0.053065,-1.333322,0.186179,-0.77712,0.338796,0.997422,0.050405,22,701
treadmill,1.30 m/s,41.0,0.357555,0.05265,-1.39294,0.184579,-0.691813,0.377994,0.997422,0.050405,22,701
treadmill,1.30 m/s,42.0,0.362291,0.051895,-1.448085,0.182129,-0.555776,0.44673,0.997422,0.050405,22,701
treadmill,1.30 m/s,43.0,0.365711,0.050963,-1.496589,0.178995,-0.366765,0.529913,0.997422,0.050405,22,701
treadmill,1.30 m/s,44.0,0.367663,0.049723,-1.535948,0.175633,-0.116946,0.629095,0.997422,0.050405,22,701
treadmill,1.30 m/s,45.0,0.367673,0.048403,-1.563308,0.172849,0.221052,0.734706,0.997422,0.050405,22,701
treadmill,1.30 m/s,46.0,0.365213,0.04711,-1.575486,0.171726,0.621843,0.846895,0.997422,0.050405,22,701
treadmill,1.30 m/s,47.0,0.360057,0.04608,-1.569142,0.173346,1.085606,0.95332,0.997422,0.050405,22,701
treadmill,1.30 m/s,48.0,0.351498,0.045116,-1.540972,0.178313,1.623059,1.052393,0.997422,0.050405,22,701
treadmill,1.30 m/s,49.0,0.338844,0.045533,-1.48805,0.186486,2.208714,1.105355,0.997422,0.050405,22,701
treadmill,1.30 m/s,50.0,0.321269,0.046868,-1.408387,0.196748,2.797472,1.096385,0.997422,0.050405,22,701
treadmill,1.30 m/s,51.0,0.29802,0.049924,-1.301168,0.207206,3.349617,1.014405,0.997422,0.050405,22,701
treadmill,1.30 m/s,52.0,0.267904,0.054588,-1.168273,0.215391,3.759296,0.883691,0.997422,0.050405,22,701
treadmill,1.30 m/s,53.0,0.230968,0.060013,-1.01389,0.218756,3.906658,0.760348,0.997422,0.050405,22,701
treadmill,1.30 m/s,54.0,0.187436,0.065948,-0.844871,0.215239,3.758988,0.706391,0.997422,0.050405,22,701
treadmill,1.30 m/s,55.0,0.138159,0.071768,-0.67019,0.203552,3.319208,0.742284,0.997422,0.050405,22,701
treadmill,1.30 m/s,56.0,0.084839,0.076992,-0.500027,0.183616,2.650837,0.786629,0.997422,0.050405,22,701
treadmill,1.30 m/s,57.0,0.030027,0.081395,-0.344337,0.156856,1.871184,0.757033,0.997422,0.050405,22,701
treadmill,1.30 m/s,58.0,-0.022926,0.085206,-0.21113,0.126028,1.127481,0.632489,0.997422,0.050405,22,701
treadmill,1.30 m/s,59.0,-0.070582,0.088852,-0.105141,0.09469,0.541186,0.450944,0.997422,0.050405,22,701
treadmill,1.30 m/s,60.0,-0.109746,0.092695,-0.027417,0.066216,0.169562,0.269564,0.997422,0.050405,22,701
treadmill,1.30 m/s,61.0,-0.138021,0.096521,0.024165,0.043026,0.001247,0.137267,0.997422,0.050405,22,701
treadmill,1.30 m/s,62.0,-0.15426,0.099632,0.054013,0.02681,-0.024157,0.0766,0.997422,0.050405,22,701
treadmill,1.30 m/s,63.0,-0.158637,0.101235,0.067434,0.019203,0.019855,0.069778,0.997422,0.050405,22,701
treadmill,1.30 m/s,64.0,-0.152599,0.100909,0.069675,0.019148,0.075664,0.074937,0.997422,0.050405,22,701
treadmill,1.30 m/s,65.0,-0.138356,0.098691,0.065188,0.021594,0.113238,0.082071,0.997422,0.050405,22,701
treadmill,1.30 m/s,66.0,-0.118437,0.095063,0.057359,0.023651,0.126138,0.089147,0.997422,0.050405,22,701
treadmill,1.30 m/s,67.0,-0.095085,0.09067,0.048542,0.024865,0.120197,0.092812,0.997422,0.050405,22,701
treadmill,1.30 m/s,68.0,-0.070207,0.086201,0.040215,0.025397,0.104169,0.091539,0.997422,0.050405,22,701
treadmill,1.30 m/s,69.0,-0.045191,0.082291,0.033185,0.025443,0.085507,0.086065,0.997422,0.050405,22,701
treadmill,1.30 m/s,70.0,-0.020904,0.079047,0.027792,0.025197,0.068577,0.077909,0.997422,0.050405,22,701
treadmill,1.30 m/s,71.0,0.002062,0.076582,0.024075,0.024788,0.055125,0.068574,0.997422,0.050405,22,701
treadmill,1.30 m/s,72.0,0.023349,0.074751,0.021903,0.024306,0.045416,0.059267,0.997422,0.050405,22,701
treadmill,1.30 m/s,73.0,0.042807,0.073373,0.021086,0.023834,0.038982,0.05057,0.997422,0.050405,22,701
treadmill,1.30 m/s,74.0,0.060325,0.072103,0.021379,0.023375,0.034732,0.042706,0.997422,0.050405,22,701
treadmill,1.30 m/s,75.0,0.075806,0.070796,0.022504,0.022917,0.031625,0.035752,0.997422,0.050405,22,701
treadmill,1.30 m/s,76.0,0.089136,0.069326,0.024221,0.022532,0.028984,0.030126,0.997422,0.050405,22,701
treadmill,1.30 m/s,77.0,0.10033,0.067572,0.026318,0.022285,0.0261,0.025721,0.997422,0.050405,22,701
treadmill,1.30 m/s,78.0,0.109335,0.065507,0.028575,0.022133,0.022545,0.022543,0.997422,0.050405,22,701
treadmill,1.30 m/s,79.0,0.116275,0.063107,0.030763,0.021961,0.018286,0.02111,0.997422,0.050405,22,701
treadmill,1.30 m/s,80.0,0.12118,0.060361,0.0327,0.021779,0.013114,0.021435,0.997422,0.050405,22,701
treadmill,1.30 m/s,81.0,0.124083,0.057382,0.034267,0.021736,0.007445,0.023012,0.997422,0.050405,22,701
treadmill,1.30 m/s,82.0,0.125229,0.054251,0.03534,0.021897,0.001947,0.025408,0.997422,0.050405,22,701
treadmill,1.30 m/s,83.0,0.12477,0.05118,0.035748,0.02218,-0.003258,0.027231,0.997422,0.050405,22,701
treadmill,1.30 m/s,84.0,0.12291,0.048487,0.03531,0.022472,-0.00749,0.027211,0.997422,0.050405,22,701
treadmill,1.30 m/s,85.0,0.120034,0.046277,0.033893,0.022682,-0.010006,0.025751,0.997422,0.050405,22,701
treadmill,1.30 m/s,86.0,0.116449,0.044773,0.031452,0.022849,-0.010828,0.022956,0.997422,0.050405,22,701
treadmill,1.30 m/s,87.0,0.112522,0.04395,0.028056,0.02313,-0.010031,0.018742,0.997422,0.050405,22,701
treadmill,1.30 m/s,88.0,0.108697,0.043596,0.02385,0.023576,-0.007864,0.013873,0.997422,0.050405,22,701
treadmill,1.30 m/s,89.0,0.105377,0.043426,0.019013,0.023931,-0.005028,0.009055,0.997422,0.050405,22,701
treadmill,1.30 m/s,90.0,0.102976,0.043284,0.013835,0.023801,-0.002546,0.004837,0.997422,0.050405,22,701
treadmill,1.30 m/s,91.0,0.101613,0.043075,0.008896,0.023198,-0.001061,0.001731,0.997422,0.050405,22,701
treadmill,1.30 m/s,92.0,0.101142,0.042968,0.005086,0.022598,-0.000581,0.001211,0.997422,0.050405,22,701
treadmill,1.30 m/s,93.0,0.101418,0.042893,0.003427,0.022495,-0.000942,0.001895,0.997422,0.050405,22,701
treadmill,1.30 m/s,94.0,0.101569,0.042748,0.004928,0.023148,-0.001715,0.003619,0.997422,0.050405,22,701
treadmill,1.30 m/s,95.0,0.10068,0.042627,0.010428,0.024362,-0.003658,0.007942,0.997422,0.050405,22,701
treadmill,1.30 m/s,96.0,0.097504,0.042638,0.020431,0.025613,-0.011242,0.01612,0.997422,0.050405,22,701
treadmill,1.30 m/s,97.0,0.090756,0.042716,0.035026,0.02693,-0.03255,0.029089,0.997422,0.050405,22,701
treadmill,1.30 m/s,98.0,0.079402,0.042915,0.053731,0.029936,-0.075042,0.04617,0.997422,0.050405,22,701
treadmill,1.30 m/s,99.0,0.063074,0.043406,0.075012,0.036805,-0.139636,0.072859,0.997422,0.050405,22,701
treadmill,1.30 m/s,100.0,0.042761,0.04406,0.09537,0.047328,-0.199176,0.105864,0.997422,0.050405,22,701
treadmill,1.35 m/s,0.0,0.042933,0.047926,0.094248,0.064218,-0.228549,0.113262,0.991873,0.048388,22,707
treadmill,1.35 m/s,1.0,0.023188,0.047864,0.106127,0.084823,-0.251114,0.133033,0.991873,0.048388,22,707
treadmill,1.35 m/s,2.0,0.006763,0.048984,0.106478,0.104909,-0.217985,0.155807,0.991873,0.048388,22,707
treadmill,1.35 m/s,3.0,-0.003648,0.05104,0.093841,0.123312,-0.147575,0.195762,0.991873,0.048388,22,707
treadmill,1.35 m/s,4.0,-0.006857,0.053308,0.068575,0.139693,-0.081215,0.248801,0.991873,0.048388,22,707
treadmill,1.35 m/s,5.0,-0.002889,0.055271,0.032459,0.154241,-0.051183,0.302254,0.991873,0.048388,22,707
treadmill,1.35 m/s,6.0,0.007395,0.056687,-0.01175,0.167305,-0.073946,0.346719,0.991873,0.048388,22,707
treadmill,1.35 m/s,7.0,0.022461,0.057436,-0.060966,0.179297,-0.14349,0.375782,0.991873,0.048388,22,707
treadmill,1.35 m/s,8.0,0.040665,0.057595,-0.11212,0.190633,-0.239406,0.389184,0.991873,0.048388,22,707
treadmill,1.35 m/s,9.0,0.060554,0.057333,-0.162513,0.201558,-0.340159,0.392289,0.991873,0.048388,22,707
treadmill,1.35 m/s,10.0,0.080951,0.056835,-0.210224,0.212032,-0.427851,0.389179,0.991873,0.048388,22,707
treadmill,1.35 m/s,11.0,0.100854,0.0562,-0.254287,0.221785,-0.492266,0.379773,0.991873,0.048388,22,707
treadmill,1.35 m/s,12.0,0.119745,0.055568,-0.29457,0.230465,-0.530142,0.364232,0.991873,0.048388,22,707
treadmill,1.35 m/s,13.0,0.137207,0.054972,-0.331441,0.237814,-0.542726,0.341733,0.991873,0.048388,22,707
treadmill,1.35 m/s,14.0,0.153038,0.054274,-0.365411,0.243704,-0.536209,0.312561,0.991873,0.048388,22,707
treadmill,1.35 m/s,15.0,0.167282,0.053511,-0.396883,0.248089,-0.516379,0.280547,0.991873,0.048388,22,707
treadmill,1.35 m/s,16.0,0.179968,0.052682,-0.426066,0.250977,-0.487655,0.250172,0.991873,0.048388,22,707
treadmill,1.35 m/s,17.0,0.191245,0.05175,-0.453082,0.25243,-0.454482,0.222741,0.991873,0.048388,22,707
treadmill,1.35 m/s,18.0,0.20129,0.050747,-0.478061,0.252572,-0.41939,0.202703,0.991873,0.048388,22,707
treadmill,1.35 m/s,19.0,0.210232,0.049666,-0.501217,0.251556,-0.386008,0.195688,0.991873,0.048388,22,707
treadmill,1.35 m/s,20.0,0.218278,0.0486,-0.52289,0.249536,-0.354201,0.19884,0.991873,0.048388,22,707
treadmill,1.35 m/s,21.0,0.225455,0.047579,-0.543534,0.246637,-0.327909,0.208537,0.991873,0.048388,22,707
treadmill,1.35 m/s,22.0,0.232067,0.046686,-0.563695,0.242981,-0.310109,0.221539,0.991873,0.048388,22,707
treadmill,1.35 m/s,23.0,0.238196,0.045946,-0.58397,0.238691,-0.298166,0.233615,0.991873,0.048388,22,707
treadmill,1.35 m/s,24.0,0.243995,0.045401,-0.60496,0.233882,-0.29556,0.243173,0.991873,0.048388,22,707
treadmill,1.35 m/s,25.0,0.249635,0.045126,-0.62725,0.228674,-0.304324,0.249682,0.991873,0.048388,22,707
treadmill,1.35 m/s,26.0,0.255292,0.045071,-0.651425,0.223193,-0.325318,0.254099,0.991873,0.048388,22,707
treadmill,1.35 m/s,27.0,0.261113,0.045294,-0.678044,0.217579,-0.356866,0.25586,0.991873,0.048388,22,707
treadmill,1.35 m/s,28.0,0.267184,0.045712,-0.707655,0.211979,-0.397285,0.25643,0.991873,0.048388,22,707
treadmill,1.35 m/s,29.0,0.273568,0.046345,-0.740757,0.206526,-0.444845,0.260204,0.991873,0.048388,22,707
treadmill,1.35 m/s,30.0,0.280281,0.047108,-0.777788,0.201338,-0.497389,0.266883,0.991873,0.048388,22,707
treadmill,1.35 m/s,31.0,0.287316,0.047994,-0.819089,0.196493,-0.554393,0.273228,0.991873,0.048388,22,707
treadmill,1.35 m/s,32.0,0.294678,0.048858,-0.864881,0.192045,-0.614346,0.280006,0.991873,0.048388,22,707
treadmill,1.35 m/s,33.0,0.302304,0.049681,-0.915221,0.188077,-0.672338,0.291287,0.991873,0.048388,22,707
treadmill,1.35 m/s,34.0,0.310097,0.050502,-0.969978,0.184655,-0.729167,0.307402,0.991873,0.048388,22,707
treadmill,1.35 m/s,35.0,0.318019,0.051225,-1.028796,0.181791,-0.781839,0.322835,0.991873,0.048388,22,707
treadmill,1.35 m/s,36.0,0.325937,0.051881,-1.091097,0.179406,-0.821702,0.341957,0.991873,0.048388,22,707
treadmill,1.35 m/s,37.0,0.333687,0.0525,-1.156079,0.17736,-0.849829,0.360712,0.991873,0.048388,22,707
treadmill,1.35 m/s,38.0,0.341209,0.05298,-1.222718,0.17551,-0.854621,0.382172,0.991873,0.048388,22,707
treadmill,1.35 m/s,39.0,0.348203,0.053397,-1.289746,0.173698,-0.830014,0.406887,0.991873,0.048388,22,707
treadmill,1.35 m/s,40.0,0.354592,0.053685,-1.355636,0.171755,-0.769738,0.437746,0.991873,0.048388,22,707
treadmill,1.35 m/s,41.0,0.360063,0.053856,-1.418575,0.169542,-0.666327,0.482126,0.991873,0.048388,22,707
treadmill,1.35 m/s,42.0,0.364485,0.053824,-1.476493,0.167088,-0.50252,0.535489,0.991873,0.048388,22,707
treadmill,1.35 m/s,43.0,0.367362,0.053779,-1.527005,0.164693,-0.278974,0.606347,0.991873,0.048388,22,707
treadmill,1.35 m/s,44.0,0.368621,0.053642,-1.567388,0.162937,0.011723,0.686838,0.991873,0.048388,22,707
treadmill,1.35 m/s,45.0,0.367676,0.053513,-1.594588,0.16263,0.395481,0.770973,0.991873,0.048388,22,707
treadmill,1.35 m/s,46.0,0.364085,0.053687,-1.605252,0.164615,0.853409,0.859728,0.991873,0.048388,22,707
treadmill,1.35 m/s,47.0,0.357402,0.054161,-1.595946,0.16946,1.373375,0.950595,0.991873,0.048388,22,707
treadmill,1.35 m/s,48.0,0.347123,0.055066,-1.563348,0.177144,1.956796,1.006554,0.991873,0.048388,22,707
treadmill,1.35 m/s,49.0,0.332428,0.05652,-1.50469,0.186859,2.586316,1.018583,0.991873,0.048388,22,707
treadmill,1.35 m/s,50.0,0.312534,0.058476,-1.41823,0.197125,3.213497,1.006215,0.991873,0.048388,22,707
treadmill,1.35 m/s,51.0,0.286449,0.061667,-1.303504,0.206054,3.781099,0.922087,0.991873,0.048388,22,707
treadmill,1.35 m/s,52.0,0.253291,0.065525,-1.162907,0.211593,4.148724,0.831892,0.991873,0.048388,22,707
treadmill,1.35 m/s,53.0,0.21332,0.069813,-1.001235,0.211752,4.232107,0.777606,0.991873,0.048388,22,707
treadmill,1.35 m/s,54.0,0.166546,0.074,-0.825952,0.204954,3.997531,0.784128,0.991873,0.048388,22,707
treadmill,1.35 m/s,55.0,0.114208,0.078116,-0.646691,0.190469,3.446343,0.822694,0.991873,0.048388,22,707
treadmill,1.35 m/s,56.0,0.058216,0.081617,-0.474205,0.168672,2.669771,0.838892,0.991873,0.048388,22,707
treadmill,1.35 m/s,57.0,0.001549,0.084526,-0.318723,0.141331,1.80797,0.766683,0.991873,0.048388,22,707
treadmill,1.35 m/s,58.0,-0.052179,0.087075,-0.18809,0.11134,1.029249,0.614071,0.991873,0.048388,22,707
treadmill,1.35 m/s,59.0,-0.099414,0.089364,-0.08638,0.082036,0.450905,0.419165,0.991873,0.048388,22,707
treadmill,1.35 m/s,60.0,-0.136922,0.091628,-0.013688,0.056277,0.111742,0.232898,0.991873,0.048388,22,707
treadmill,1.35 m/s,61.0,-0.162569,0.093602,0.033036,0.035826,-0.019987,0.10102,0.991873,0.048388,22,707
treadmill,1.35 m/s,62.0,-0.175599,0.094819,0.058897,0.021822,-0.019669,0.048942,0.991873,0.048388,22,707
treadmill,1.35 m/s,63.0,-0.176632,0.094775,0.069445,0.015602,0.036402,0.056591,0.991873,0.048388,22,707
treadmill,1.35 m/s,64.0,-0.167395,0.093205,0.069821,0.01588,0.094119,0.065338,0.991873,0.048388,22,707
treadmill,1.35 m/s,65.0,-0.150389,0.090264,0.064215,0.017868,0.128498,0.072625,0.991873,0.048388,22,707
treadmill,1.35 m/s,66.0,-0.128156,0.086392,0.055785,0.019192,0.136542,0.078206,0.991873,0.048388,22,707
treadmill,1.35 m/s,67.0,-0.102993,0.082162,0.046724,0.019651,0.12604,0.079374,0.991873,0.048388,22,707
treadmill,1.35 m/s,68.0,-0.076688,0.078123,0.038389,0.019615,0.107009,0.076667,0.991873,0.048388,22,707
treadmill,1.35 m/s,69.0,-0.050534,0.074552,0.031501,0.019472,0.086646,0.071489,0.991873,0.048388,22,707
treadmill,1.35 m/s,70.0,-0.025369,0.07172,0.026344,0.01942,0.068996,0.065216,0.991873,0.048388,22,707
treadmill,1.35 m/s,71.0,-0.001704,0.069634,0.022914,0.019455,0.05555,0.058668,0.991873,0.048388,22,707
treadmill,1.35 m/s,72.0,0.020161,0.068121,0.021042,0.01952,0.046267,0.052379,0.991873,0.048388,22,707
treadmill,1.35 m/s,73.0,0.040093,0.067024,0.020481,0.019581,0.040072,0.046193,0.991873,0.048388,22,707
treadmill,1.35 m/s,74.0,0.05797,0.066154,0.020946,0.019582,0.035973,0.040175,0.991873,0.048388,22,707
treadmill,1.35 m/s,75.0,0.073777,0.065292,0.022153,0.019478,0.032961,0.034569,0.991873,0.048388,22,707
treadmill,1.35 m/s,76.0,0.087392,0.064339,0.023857,0.019281,0.030039,0.029272,0.991873,0.048388,22,707
treadmill,1.35 m/s,77.0,0.098777,0.063177,0.025855,0.019058,0.026829,0.024781,0.991873,0.048388,22,707
treadmill,1.35 m/s,78.0,0.107914,0.061735,0.027981,0.018869,0.023284,0.021566,0.991873,0.048388,22,707
treadmill,1.35 m/s,79.0,0.114972,0.05993,0.030062,0.018695,0.019017,0.020021,0.991873,0.048388,22,707
treadmill,1.35 m/s,80.0,0.119885,0.057772,0.031933,0.018505,0.013816,0.020044,0.991873,0.048388,22,707
treadmill,1.35 m/s,81.0,0.122795,0.055316,0.033422,0.018314,0.00848,0.021781,0.991873,0.048388,22,707
treadmill,1.35 m/s,82.0,0.123926,0.052619,0.034355,0.01817,0.003234,0.024158,0.991873,0.048388,22,707
treadmill,1.35 m/s,83.0,0.123402,0.049885,0.034572,0.018137,-0.001585,0.025924,0.991873,0.048388,22,707
treadmill,1.35 m/s,84.0,0.1215,0.047408,0.033937,0.018238,-0.005388,0.026331,0.991873,0.048388,22,707
treadmill,1.35 m/s,85.0,0.118482,0.045491,0.032339,0.018408,-0.007526,0.025178,0.991873,0.048388,22,707
treadmill,1.35 m/s,86.0,0.114833,0.044217,0.029745,0.018617,-0.008038,0.022097,0.991873,0.048388,22,707
treadmill,1.35 m/s,87.0,0.1108,0.04373,0.02621,0.018907,-0.007143,0.017253,0.991873,0.048388,22,707
treadmill,1.35 m/s,88.0,0.106945,0.043663,0.021882,0.019324,-0.005356,0.01173,0.991873,0.048388,22,707
treadmill,1.35 m/s,89.0,0.103449,0.044087,0.017013,0.019812,-0.003087,0.007343,0.991873,0.048388,22,707
treadmill,1.35 m/s,90.0,0.100879,0.044665,0.011982,0.020171,-0.000986,0.005303,0.991873,0.048388,22,707
treadmill,1.35 m/s,91.0,0.099459,0.045409,0.007349,0.020242,-0.000162,0.004836,0.991873,0.048388,22,707
treadmill,1.35 m/s,92.0,0.098852,0.046533,0.003904,0.020232,-0.000234,0.005159,0.991873,0.048388,22,707
treadmill,1.35 m/s,93.0,0.098932,0.047832,0.00262,0.020542,-0.000631,0.005056,0.991873,0.048388,22,707
treadmill,1.35 m/s,94.0,0.098962,0.049126,0.004478,0.021221,-0.001016,0.004261,0.991873,0.048388,22,707
treadmill,1.35 m/s,95.0,0.098116,0.05025,0.010294,0.021921,-0.00253,0.004831,0.991873,0.048388,22,707
treadmill,1.35 m/s,96.0,0.095043,0.050955,0.020581,0.022523,-0.009932,0.012592,0.991873,0.048388,22,707
treadmill,1.35 m/s,97.0,0.088663,0.050881,0.035421,0.024581,-0.031889,0.026694,0.991873,0.048388,22,707
treadmill,1.35 m/s,98.0,0.077852,0.050185,0.054255,0.031516,-0.078742,0.047622,0.991873,0.048388,22,707
treadmill,1.35 m/s,99.0,0.062224,0.049064,0.075288,0.045052,-0.152047,0.077332,0.991873,0.048388,22,707
treadmill,1.35 m/s,100.0,0.042756,0.047896,0.094681,0.063572,-0.220057,0.10812,0.991873,0.048388,22,707
treadmill,1.40 m/s,0.0,0.044447,0.045479,0.101956,0.058545,-0.236238,0.136003,0.969291,0.048998,22,723
treadmill,1.40 m/s,1.0,0.024901,0.045981,0.114821,0.074937,-0.253471,0.145669,0.969291,0.048998,22,723
treadmill,1.40 m/s,2.0,0.008876,0.047601,0.115599,0.091843,-0.211934,0.144011,0.969291,0.048998,22,723
treadmill,1.40 m/s,3.0,-0.001299,0.05001,0.102698,0.108273,-0.135841,0.153242,0.969291,0.048998,22,723
treadmill,1.40 m/s,4.0,-0.004409,0.05238,0.076372,0.123917,-0.065861,0.186079,0.969291,0.048998,22,723
treadmill,1.40 m/s,5.0,-0.000511,0.054534,0.038436,0.138853,-0.036641,0.234235,0.969291,0.048998,22,723
treadmill,1.40 m/s,6.0,0.00956,0.056044,-0.008193,0.15332,-0.064292,0.285975,0.969291,0.048998,22,723
treadmill,1.40 m/s,7.0,0.024332,0.056825,-0.060177,0.167515,-0.141169,0.331751,0.969291,0.048998,22,723
treadmill,1.40 m/s,8.0,0.042397,0.057047,-0.114108,0.181463,-0.246747,0.366849,0.969291,0.048998,22,723
treadmill,1.40 m/s,9.0,0.062094,0.056789,-0.166868,0.194865,-0.356642,0.389247,0.969291,0.048998,22,723
treadmill,1.40 m/s,10.0,0.082379,0.056226,-0.216184,0.207197,-0.451604,0.398809,0.969291,0.048998,22,723
treadmill,1.40 m/s,11.0,0.102392,0.055512,-0.260895,0.218034,-0.51914,0.396107,0.969291,0.048998,22,723
treadmill,1.40 m/s,12.0,0.121291,0.054763,-0.300923,0.227223,-0.556286,0.382232,0.969291,0.048998,22,723
treadmill,1.40 m/s,13.0,0.138853,0.053978,-0.336888,0.234878,-0.567462,0.359078,0.969291,0.048998,22,723
treadmill,1.40 m/s,14.0,0.154775,0.053186,-0.369642,0.241205,-0.558581,0.328686,0.969291,0.048998,22,723
treadmill,1.40 m/s,15.0,0.169149,0.052324,-0.39993,0.246328,-0.535813,0.295685,0.969291,0.048998,22,723
treadmill,1.40 m/s,16.0,0.181948,0.051431,-0.428206,0.250256,-0.503444,0.264653,0.969291,0.048998,22,723
treadmill,1.40 m/s,17.0,0.193303,0.050455,-0.45466,0.252949,-0.466408,0.236284,0.969291,0.048998,22,723
treadmill,1.40 m/s,18.0,0.203358,0.049398,-0.479399,0.254367,-0.42878,0.214817,0.969291,0.048998,22,723
treadmill,1.40 m/s,19.0,0.212316,0.048349,-0.502534,0.254512,-0.39192,0.204056,0.969291,0.048998,22,723
treadmill,1.40 m/s,20.0,0.220278,0.047302,-0.524269,0.253421,-0.357734,0.200672,0.969291,0.048998,22,723
treadmill,1.40 m/s,21.0,0.227439,0.046368,-0.544894,0.251128,-0.330026,0.204987,0.969291,0.048998,22,723
treadmill,1.40 m/s,22.0,0.233957,0.045584,-0.564801,0.247698,-0.308612,0.21532,0.969291,0.048998,22,723
treadmill,1.40 m/s,23.0,0.239986,0.044964,-0.58447,0.243235,-0.294828,0.223253,0.969291,0.048998,22,723
treadmill,1.40 m/s,24.0,0.245663,0.04457,-0.604466,0.237917,-0.293341,0.232312,0.969291,0.048998,22,723
treadmill,1.40 m/s,25.0,0.251262,0.044443,-0.625449,0.23201,-0.303982,0.242262,0.969291,0.048998,22,723
treadmill,1.40 m/s,26.0,0.25686,0.044564,-0.64817,0.225828,-0.323471,0.249445,0.969291,0.048998,22,723
treadmill,1.40 m/s,27.0,0.262593,0.044935,-0.673418,0.219679,-0.355851,0.256558,0.969291,0.048998,22,723
treadmill,1.40 m/s,28.0,0.268624,0.045577,-0.701991,0.213803,-0.397152,0.26452,0.969291,0.048998,22,723
treadmill,1.40 m/s,29.0,0.274934,0.046458,-0.734583,0.208361,-0.444521,0.273975,0.969291,0.048998,22,723
treadmill,1.40 m/s,30.0,0.281584,0.047468,-0.771751,0.203467,-0.498479,0.283912,0.969291,0.048998,22,723
treadmill,1.40 m/s,31.0,0.288563,0.048607,-0.813868,0.199206,-0.55519,0.293757,0.969291,0.048998,22,723
treadmill,1.40 m/s,32.0,0.295819,0.049746,-0.861074,0.195649,-0.61594,0.304802,0.969291,0.048998,22,723
treadmill,1.40 m/s,33.0,0.303357,0.050884,-0.913301,0.192834,-0.676254,0.317049,0.969291,0.048998,22,723
treadmill,1.40 m/s,34.0,0.311044,0.051923,-0.970288,0.190712,-0.730382,0.332694,0.969291,0.048998,22,723
treadmill,1.40 m/s,35.0,0.318794,0.052933,-1.031541,0.189147,-0.783925,0.350159,0.969291,0.048998,22,723
treadmill,1.40 m/s,36.0,0.326581,0.053835,-1.096374,0.187919,-0.824102,0.368038,0.969291,0.048998,22,723
treadmill,1.40 m/s,37.0,0.334122,0.054674,-1.163883,0.186774,-0.844641,0.388701,0.969291,0.048998,22,723
treadmill,1.40 m/s,38.0,0.341371,0.055347,-1.23294,0.185458,-0.846258,0.410994,0.969291,0.048998,22,723
treadmill,1.40 m/s,39.0,0.348106,0.055967,-1.302187,0.183744,-0.816228,0.438847,0.969291,0.048998,22,723
treadmill,1.40 m/s,40.0,0.35416,0.056398,-1.37,0.181463,-0.740197,0.467507,0.969291,0.048998,22,723
treadmill,1.40 m/s,41.0,0.359193,0.056688,-1.434447,0.178526,-0.616338,0.511393,0.969291,0.048998,22,723
treadmill,1.40 m/s,42.0,0.363081,0.056746,-1.493284,0.175019,-0.434011,0.578339,0.969291,0.048998,22,723
treadmill,1.40 m/s,43.0,0.365383,0.056718,-1.543925,0.17125,-0.176705,0.661067,0.969291,0.048998,22,723
treadmill,1.40 m/s,44.0,0.365804,0.056557,-1.583413,0.167826,0.15785,0.75,0.969291,0.048998,22,723
treadmill,1.40 m/s,45.0,0.363903,0.056375,-1.608498,0.165663,0.580118,0.851473,0.969291,0.048998,22,723
treadmill,1.40 m/s,46.0,0.35916,0.056456,-1.615645,0.165864,1.081086,0.94215,0.969291,0.048998,22,723
treadmill,1.40 m/s,47.0,0.35113,0.05666,-1.601283,0.169357,1.6352,1.041743,0.969291,0.048998,22,723
treadmill,1.40 m/s,48.0,0.339368,0.05755,-1.562165,0.176342,2.242715,1.134485,0.969291,0.048998,22,723
treadmill,1.40 m/s,49.0,0.322977,0.05915,-1.495787,0.186054,2.908322,1.135922,0.969291,0.048998,22,723
treadmill,1.40 m/s,50.0,0.300921,0.061651,-1.400918,0.196694,3.574103,1.069729,0.969291,0.048998,22,723
treadmill,1.40 m/s,51.0,0.272202,0.065202,-1.277735,0.205998,4.104366,0.979344,0.969291,0.048998,22,723
treadmill,1.40 m/s,52.0,0.236695,0.069395,-1.129532,0.211398,4.388181,0.887284,0.969291,0.048998,22,723
treadmill,1.40 m/s,53.0,0.194365,0.074036,-0.961975,0.210641,4.372069,0.833237,0.969291,0.048998,22,723
treadmill,1.40 m/s,54.0,0.145691,0.078739,-0.783318,0.20212,4.02434,0.847928,0.969291,0.048998,22,723
treadmill,1.40 m/s,55.0,0.091986,0.082983,-0.603737,0.185376,3.372149,0.887719,0.969291,0.048998,22,723
treadmill,1.40 m/s,56.0,0.035611,0.086551,-0.43399,0.16135,2.521607,0.872364,0.969291,0.048998,22,723
treadmill,1.40 m/s,57.0,-0.020244,0.089497,-0.283619,0.132386,1.637359,0.759541,0.969291,0.048998,22,723
treadmill,1.40 m/s,58.0,-0.071977,0.092048,-0.159353,0.101808,0.879097,0.566701,0.969291,0.048998,22,723
treadmill,1.40 m/s,59.0,-0.11608,0.094514,-0.064064,0.073057,0.347603,0.350644,0.969291,0.048998,22,723
treadmill,1.40 m/s,60.0,-0.14966,0.096903,0.003035,0.048756,0.062153,0.17012,0.969291,0.048998,22,723
treadmill,1.40 m/s,61.0,-0.170914,0.098894,0.045371,0.030757,-0.026573,0.072194,0.969291,0.048998,22,723
treadmill,1.40 m/s,62.0,-0.179531,0.100003,0.068096,0.020691,-0.000227,0.069738,0.969291,0.048998,22,723
treadmill,1.40 m/s,63.0,-0.176549,0.099886,0.076557,0.018888,0.065521,0.075218,0.969291,0.048998,22,723
treadmill,1.40 m/s,64.0,-0.164033,0.098368,0.075626,0.021104,0.122336,0.071066,0.969291,0.048998,22,723
treadmill,1.40 m/s,65.0,-0.144603,0.095692,0.06924,0.023425,0.15169,0.071014,0.969291,0.048998,22,723
treadmill,1.40 m/s,66.0,-0.120698,0.092249,0.060335,0.02473,0.15455,0.075808,0.969291,0.048998,22,723
treadmill,1.40 m/s,67.0,-0.09452,0.08855,0.050933,0.025019,0.140096,0.078925,0.969291,0.048998,22,723
treadmill,1.40 m/s,68.0,-0.067689,0.084931,0.042313,0.024603,0.118102,0.077354,0.969291,0.048998,22,723
treadmill,1.40 m/s,69.0,-0.041424,0.081802,0.035179,0.023871,0.095619,0.07197,0.969291,0.048998,22,723
treadmill,1.40 m/s,70.0,-0.01637,0.079115,0.02981,0.023123,0.076375,0.064557,0.969291,0.048998,22,723
treadmill,1.40 m/s,71.0,0.00695,0.076872,0.026203,0.022514,0.061476,0.056819,0.969291,0.048998,22,723
treadmill,1.40 m/s,72.0,0.028243,0.075016,0.024177,0.022092,0.050917,0.04971,0.969291,0.048998,22,723
treadmill,1.40 m/s,73.0,0.047465,0.073303,0.02348,0.021868,0.043632,0.043251,0.969291,0.048998,22,723
treadmill,1.40 m/s,74.0,0.064529,0.071591,0.023846,0.021866,0.038541,0.037936,0.969291,0.048998,22,723
treadmill,1.40 m/s,75.0,0.079412,0.069753,0.025,0.022079,0.03446,0.033397,0.969291,0.048998,22,723
treadmill,1.40 m/s,76.0,0.091968,0.067775,0.026685,0.022457,0.030611,0.029905,0.969291,0.048998,22,723
treadmill,1.40 m/s,77.0,0.10224,0.065577,0.02866,0.022918,0.027072,0.028761,0.969291,0.048998,22,723
treadmill,1.40 m/s,78.0,0.110345,0.063093,0.030725,0.023421,0.023125,0.028361,0.969291,0.048998,22,723
treadmill,1.40 m/s,79.0,0.116303,0.060355,0.032689,0.023931,0.01856,0.028314,0.969291,0.048998,22,723
treadmill,1.40 m/s,80.0,0.120246,0.057366,0.034351,0.024391,0.013822,0.029171,0.969291,0.048998,22,723
treadmill,1.40 m/s,81.0,0.122325,0.054158,0.035529,0.024816,0.009265,0.030922,0.969291,0.048998,22,723
treadmill,1.40 m/s,82.0,0.122782,0.050802,0.036056,0.025284,0.004833,0.03217,0.969291,0.048998,22,723
treadmill,1.40 m/s,83.0,0.121789,0.047566,0.035785,0.025903,0.000958,0.032653,0.969291,0.048998,22,723
treadmill,1.40 m/s,84.0,0.119676,0.044659,0.034589,0.026716,-0.001798,0.032597,0.969291,0.048998,22,723
treadmill,1.40 m/s,85.0,0.116729,0.042391,0.032391,0.027688,-0.003568,0.030419,0.969291,0.048998,22,723
treadmill,1.40 m/s,86.0,0.113308,0.040968,0.029199,0.028775,-0.004444,0.025588,0.969291,0.048998,22,723
treadmill,1.40 m/s,87.0,0.109728,0.040345,0.025089,0.029927,-0.00446,0.018965,0.969291,0.048998,22,723
treadmill,1.40 m/s,88.0,0.106323,0.040445,0.020243,0.031049,-0.003553,0.012623,0.969291,0.048998,22,723
treadmill,1.40 m/s,89.0,0.103498,0.040901,0.014958,0.031964,-0.002056,0.008955,0.969291,0.048998,22,723
treadmill,1.40 m/s,90.0,0.101507,0.04183,0.009673,0.032497,-0.00092,0.007936,0.969291,0.048998,22,723
treadmill,1.40 m/s,91.0,0.100649,0.042725,0.005018,0.03263,-0.000844,0.007513,0.969291,0.048998,22,723
treadmill,1.40 m/s,92.0,0.100482,0.043789,0.001809,0.032694,-0.001003,0.00711,0.969291,0.048998,22,723
treadmill,1.40 m/s,93.0,0.100888,0.045017,0.000985,0.033177,-0.001229,0.005398,0.969291,0.048998,22,723
treadmill,1.40 m/s,94.0,0.101135,0.046076,0.003502,0.034193,-0.001611,0.00349,0.969291,0.048998,22,723
treadmill,1.40 m/s,95.0,0.100204,0.046967,0.010204,0.035185,-0.003303,0.008674,0.969291,0.048998,22,723
treadmill,1.40 m/s,96.0,0.097035,0.047513,0.021659,0.035414,-0.011123,0.019955,0.969291,0.048998,22,723
treadmill,1.40 m/s,97.0,0.090446,0.047482,0.037966,0.035282,-0.035053,0.036942,0.969291,0.048998,22,723
treadmill,1.40 m/s,98.0,0.079419,0.047012,0.058439,0.037283,-0.085712,0.062283,0.969291,0.048998,22,723
treadmill,1.40 m/s,99.0,0.063517,0.046477,0.081085,0.044731,-0.161134,0.098176,0.969291,0.048998,22,723
treadmill,1.40 m/s,100.0,0.044309,0.045732,0.101871,0.057932,-0.227796,0.13133,0.969291,0.048998,22,723
treadmill,1.45 m/s,0.0,0.043589,0.047896,0.111893,0.052222,-0.261039,0.147249,0.961584,0.043324,22,758
treadmill,1.45 m/s,1.0,0.021964,0.047948,0.12736,0.063569,-0.274439,0.16464,0.961584,0.043324,22,758
treadmill,1.45 m/s,2.0,0.004008,0.047692,0.130246,0.074625,-0.219359,0.15896,0.961584,0.043324,22,758
treadmill,1.45 m/s,3.0,-0.00777,0.047227,0.118729,0.085079,-0.123443,0.121885,0.961584,0.043324,22,758
treadmill,1.45 m/s,4.0,-0.011973,0.046608,0.092994,0.095298,-0.034456,0.065001,0.961584,0.043324,22,758
treadmill,1.45 m/s,5.0,-0.008623,0.046119,0.054857,0.105851,0.005125,0.059863,0.961584,0.043324,22,758
treadmill,1.45 m/s,6.0,0.001249,0.045732,0.007367,0.117202,-0.021489,0.137488,0.961584,0.043324,22,758
treadmill,1.45 m/s,7.0,0.016412,0.04555,-0.045946,0.129452,-0.107513,0.21819,0.961584,0.043324,22,758
treadmill,1.45 m/s,8.0,0.034992,0.045492,-0.101449,0.142246,-0.22648,0.283651,0.961584,0.043324,22,758
treadmill,1.45 m/s,9.0,0.055468,0.04547,-0.155864,0.154882,-0.350916,0.328323,0.961584,0.043324,22,758
treadmill,1.45 m/s,10.0,0.07658,0.045503,-0.206853,0.16661,-0.458559,0.35142,0.961584,0.043324,22,758
treadmill,1.45 m/s,11.0,0.097272,0.045532,-0.2533,0.177026,-0.53599,0.356851,0.961584,0.043324,22,758
treadmill,1.45 m/s,12.0,0.116907,0.045619,-0.295163,0.186113,-0.58174,0.348078,0.961584,0.043324,22,758
treadmill,1.45 m/s,13.0,0.135112,0.045709,-0.33306,0.194061,-0.598266,0.328856,0.961584,0.043324,22,758
treadmill,1.45 m/s,14.0,0.151609,0.045746,-0.367763,0.201047,-0.591134,0.303325,0.961584,0.043324,22,758
treadmill,1.45 m/s,15.0,0.166376,0.045677,-0.39987,0.207081,-0.568692,0.273921,0.961584,0.043324,22,758
treadmill,1.45 m/s,16.0,0.179504,0.045514,-0.429692,0.212083,-0.53785,0.244153,0.961584,0.043324,22,758
treadmill,1.45 m/s,17.0,0.191173,0.045224,-0.457341,0.215942,-0.502201,0.216135,0.961584,0.043324,22,758
treadmill,1.45 m/s,18.0,0.2015,0.044888,-0.482911,0.218604,-0.463543,0.190048,0.961584,0.043324,22,758
treadmill,1.45 m/s,19.0,0.21065,0.04449,-0.50655,0.220055,-0.426197,0.170171,0.961584,0.043324,22,758
treadmill,1.45 m/s,20.0,0.218795,0.044121,-0.52852,0.220282,-0.391776,0.157953,0.961584,0.043324,22,758
treadmill,1.45 m/s,21.0,0.226098,0.043808,-0.549176,0.21928,-0.361616,0.151953,0.961584,0.043324,22,758
treadmill,1.45 m/s,22.0,0.23271,0.043585,-0.56896,0.217097,-0.338045,0.15264,0.961584,0.043324,22,758
treadmill,1.45 m/s,23.0,0.238798,0.043439,-0.588406,0.213881,-0.323293,0.158244,0.961584,0.043324,22,758
treadmill,1.45 m/s,24.0,0.244542,0.043434,-0.608163,0.209909,-0.318108,0.167936,0.961584,0.043324,22,758
treadmill,1.45 m/s,25.0,0.250103,0.043566,-0.628983,0.205512,-0.325323,0.181747,0.961584,0.043324,22,758
treadmill,1.45 m/s,26.0,0.255698,0.04383,-0.65172,0.20099,-0.343881,0.197715,0.961584,0.043324,22,758
treadmill,1.45 m/s,27.0,0.261394,0.044219,-0.677226,0.196559,-0.371567,0.212165,0.961584,0.043324,22,758
treadmill,1.45 m/s,28.0,0.267303,0.044752,-0.706287,0.192362,-0.409417,0.224873,0.961584,0.043324,22,758
treadmill,1.45 m/s,29.0,0.273509,0.045396,-0.739538,0.188567,-0.453427,0.241261,0.961584,0.043324,22,758
treadmill,1.45 m/s,30.0,0.279968,0.046114,-0.777445,0.185383,-0.500513,0.258771,0.961584,0.043324,22,758
treadmill,1.45 m/s,31.0,0.286663,0.046935,-0.820319,0.183006,-0.553949,0.275385,0.961584,0.043324,22,758
treadmill,1.45 m/s,32.0,0.293653,0.047773,-0.868321,0.181544,-0.613329,0.288429,0.961584,0.043324,22,758
treadmill,1.45 m/s,33.0,0.300899,0.048564,-0.921456,0.180987,-0.671318,0.305433,0.961584,0.043324,22,758
treadmill,1.45 m/s,34.0,0.308295,0.049363,-0.979575,0.181204,-0.725154,0.324299,0.961584,0.043324,22,758
treadmill,1.45 m/s,35.0,0.315749,0.050093,-1.042281,0.181977,-0.775995,0.336987,0.961584,0.043324,22,758
treadmill,1.45 m/s,36.0,0.323201,0.050742,-1.108945,0.183011,-0.814273,0.353528,0.961584,0.043324,22,758
treadmill,1.45 m/s,37.0,0.330453,0.051324,-1.178689,0.183962,-0.832786,0.370269,0.961584,0.043324,22,758
treadmill,1.45 m/s,38.0,0.337375,0.051739,-1.250352,0.184481,-0.830059,0.385757,0.961584,0.043324,22,758
treadmill,1.45 m/s,39.0,0.343795,0.05202,-1.322489,0.184242,-0.79101,0.410062,0.961584,0.043324,22,758
treadmill,1.45 m/s,40.0,0.349455,0.052108,-1.393347,0.18299,-0.706165,0.453657,0.961584,0.043324,22,758
treadmill,1.45 m/s,41.0,0.354125,0.052095,-1.46083,0.180607,-0.567171,0.512179,0.961584,0.043324,22,758
treadmill,1.45 m/s,42.0,0.357495,0.051891,-1.522491,0.177231,-0.358815,0.586774,0.961584,0.043324,22,758
treadmill,1.45 m/s,43.0,0.359203,0.051572,-1.575528,0.173315,-0.079653,0.69307,0.961584,0.043324,22,758
treadmill,1.45 m/s,44.0,0.358973,0.051207,-1.616771,0.169731,0.287199,0.810703,0.961584,0.043324,22,758
treadmill,1.45 m/s,45.0,0.356214,0.050983,-1.642739,0.16772,0.763545,0.91215,0.961584,0.043324,22,758
treadmill,1.45 m/s,46.0,0.350327,0.051078,-1.649753,0.168629,1.304471,1.022617,0.961584,0.043324,22,758
treadmill,1.45 m/s,47.0,0.341108,0.051699,-1.634133,0.173396,1.890031,1.143201,0.961584,0.043324,22,758
treadmill,1.45 m/s,48.0,0.32792,0.052895,-1.592554,0.181967,2.555517,1.20893,0.961584,0.043324,22,758
treadmill,1.45 m/s,49.0,0.309728,0.054942,-1.522511,0.193167,3.249164,1.203481,0.961584,0.043324,22,758
treadmill,1.45 m/s,50.0,0.285836,0.058321,-1.422847,0.204744,3.910535,1.125927,0.961584,0.043324,22,758
treadmill,1.45 m/s,51.0,0.255164,0.062603,-1.293909,0.214184,4.433221,0.992936,0.961584,0.043324,22,758
treadmill,1.45 m/s,52.0,0.217535,0.067716,-1.139409,0.218891,4.67638,0.862106,0.961584,0.043324,22,758
treadmill,1.45 m/s,53.0,0.173188,0.073097,-0.96554,0.216816,4.5931,0.805345,0.961584,0.043324,22,758
treadmill,1.45 m/s,54.0,0.122631,0.078316,-0.781235,0.206639,4.166197,0.847324,0.961584,0.043324,22,758
treadmill,1.45 m/s,55.0,0.067399,0.082768,-0.597315,0.188172,3.433343,0.921927,0.961584,0.043324,22,758
treadmill,1.45 m/s,56.0,0.010099,0.085987,-0.424955,0.162574,2.522289,0.927911,0.961584,0.043324,22,758
treadmill,1.45 m/s,57.0,-0.045989,0.087828,-0.273785,0.132363,1.606732,0.818761,0.961584,0.043324,22,758
treadmill,1.45 m/s,58.0,-0.097133,0.088394,-0.150166,0.100908,0.844457,0.611624,0.961584,0.043324,22,758
treadmill,1.45 m/s,59.0,-0.139836,0.088088,-0.056436,0.071554,0.326272,0.370495,0.961584,0.043324,22,758
treadmill,1.45 m/s,60.0,-0.17136,0.087366,0.008717,0.046857,0.058817,0.164251,0.961584,0.043324,22,758
treadmill,1.45 m/s,61.0,-0.19012,0.086469,0.049195,0.028743,-0.015992,0.056978,0.961584,0.043324,22,758
treadmill,1.45 m/s,62.0,-0.19611,0.085482,0.070298,0.019132,0.016715,0.078359,0.961584,0.043324,22,758
treadmill,1.45 m/s,63.0,-0.190603,0.084281,0.077469,0.018164,0.08283,0.087616,0.961584,0.043324,22,758
treadmill,1.45 m/s,64.0,-0.175831,0.082787,0.075614,0.020738,0.13687,0.077508,0.961584,0.043324,22,758
treadmill,1.45 m/s,65.0,-0.154433,0.08095,0.068663,0.023051,0.162771,0.070548,0.961584,0.043324,22,758
treadmill,1.45 m/s,66.0,-0.12883,0.078862,0.059504,0.024331,0.162346,0.072428,0.961584,0.043324,22,758
treadmill,1.45 m/s,67.0,-0.101196,0.076802,0.050103,0.024785,0.145343,0.075172,0.961584,0.043324,22,758
treadmill,1.45 m/s,68.0,-0.073073,0.074937,0.041663,0.024761,0.12168,0.074971,0.961584,0.043324,22,758
treadmill,1.45 m/s,69.0,-0.045697,0.073403,0.034783,0.024527,0.098492,0.072148,0.961584,0.043324,22,758
treadmill,1.45 m/s,70.0,-0.019641,0.072115,0.029642,0.024208,0.078899,0.066815,0.961584,0.043324,22,758
treadmill,1.45 m/s,71.0,0.004521,0.071153,0.02616,0.02379,0.063412,0.059376,0.961584,0.043324,22,758
treadmill,1.45 m/s,72.0,0.026461,0.070361,0.024126,0.023235,0.052275,0.052172,0.961584,0.043324,22,758
treadmill,1.45 m/s,73.0,0.046156,0.069527,0.023293,0.022555,0.044556,0.045304,0.961584,0.043324,22,758
treadmill,1.45 m/s,74.0,0.063619,0.068542,0.023422,0.021826,0.038916,0.038869,0.961584,0.043324,22,758
treadmill,1.45 m/s,75.0,0.078708,0.067343,0.024292,0.021157,0.034468,0.033608,0.961584,0.043324,22,758
treadmill,1.45 m/s,76.0,0.091448,0.065847,0.025725,0.020668,0.030486,0.029665,0.961584,0.043324,22,758
treadmill,1.45 m/s,77.0,0.101835,0.064073,0.027545,0.020445,0.026627,0.027363,0.961584,0.043324,22,758
treadmill,1.45 m/s,78.0,0.11001,0.061914,0.029576,0.020529,0.022585,0.026389,0.961584,0.043324,22,758
treadmill,1.45 m/s,79.0,0.116023,0.059448,0.031636,0.020944,0.018205,0.026572,0.961584,0.043324,22,758
treadmill,1.45 m/s,80.0,0.120054,0.056631,0.033532,0.021683,0.013859,0.028003,0.961584,0.043324,22,758
treadmill,1.45 m/s,81.0,0.122294,0.053545,0.035063,0.022716,0.009238,0.029467,0.961584,0.043324,22,758
treadmill,1.45 m/s,82.0,0.122822,0.050367,0.036036,0.024002,0.004894,0.031155,0.961584,0.043324,22,758
treadmill,1.45 m/s,83.0,0.121952,0.047312,0.036264,0.025492,0.001266,0.032622,0.961584,0.043324,22,758
treadmill,1.45 m/s,84.0,0.119876,0.044751,0.035586,0.027141,-0.001122,0.033428,0.961584,0.043324,22,758
treadmill,1.45 m/s,85.0,0.117103,0.042871,0.033886,0.028904,-0.002349,0.032547,0.961584,0.043324,22,758
treadmill,1.45 m/s,86.0,0.113804,0.04194,0.031107,0.030708,-0.002787,0.028254,0.961584,0.043324,22,758
treadmill,1.45 m/s,87.0,0.110508,0.041719,0.027273,0.032409,-0.002249,0.022349,0.961584,0.043324,22,758
treadmill,1.45 m/s,88.0,0.107443,0.042176,0.022509,0.03379,-0.001159,0.015885,0.961584,0.043324,22,758
treadmill,1.45 m/s,89.0,0.105145,0.042747,0.017089,0.034668,-9.5e-05,0.010716,0.961584,0.043324,22,758
treadmill,1.45 m/s,90.0,0.103676,0.043473,0.011498,0.034994,0.00037,0.007806,0.961584,0.043324,22,758
treadmill,1.45 m/s,91.0,0.103358,0.044049,0.006458,0.034936,0.00017,0.007226,0.961584,0.043324,22,758
treadmill,1.45 m/s,92.0,0.103952,0.044634,0.002886,0.034895,-0.000339,0.006991,0.961584,0.043324,22,758
treadmill,1.45 m/s,93.0,0.104815,0.045405,0.001816,0.035293,-0.00106,0.00467,0.961584,0.043324,22,758
treadmill,1.45 m/s,94.0,0.105454,0.045892,0.004305,0.036175,-0.001197,0.002455,0.961584,0.043324,22,758
treadmill,1.45 m/s,95.0,0.104706,0.046457,0.011307,0.036984,-0.003334,0.009845,0.961584,0.043324,22,758
treadmill,1.45 m/s,96.0,0.101334,0.046907,0.023502,0.037018,-0.013187,0.022702,0.961584,0.043324,22,758
treadmill,1.45 m/s,97.0,0.094134,0.047164,0.041099,0.036542,-0.040564,0.038801,0.961584,0.043324,22,758
treadmill,1.45 m/s,98.0,0.082112,0.047462,0.063455,0.037565,-0.09797,0.063768,0.961584,0.043324,22,758
treadmill,1.45 m/s,99.0,0.064651,0.047939,0.088503,0.042772,-0.1825,0.103706,0.961584,0.043324,22,758
treadmill,1.45 m/s,100.0,0.043474,0.047936,0.111988,0.052359,-0.254691,0.141901,0.961584,0.043324,22,758
treadmill,1.50 m/s,0.0,0.045295,0.046604,0.114627,0.054968,-0.265317,0.142024,0.950024,0.046964,22,738
treadmill,1.50 m/s,1.0,0.023728,0.047256,0.129379,0.067037,-0.276866,0.161908,0.950024,0.046964,22,738
treadmill,1.50 m/s,2.0,0.005854,0.047628,0.13129,0.079102,-0.218304,0.155561,0.950024,0.046964,22,738
treadmill,1.50 m/s,3.0,-0.005755,0.047673,0.118718,0.090563,-0.120902,0.117019,0.950024,0.046964,22,738
treadmill,1.50 m/s,4.0,-0.009872,0.047404,0.091926,0.101576,-0.032825,0.061151,0.950024,0.046964,22,738
treadmill,1.50 m/s,5.0,-0.006355,0.047091,0.052731,0.112526,0.004458,0.068346,0.950024,0.046964,22,738
treadmill,1.50 m/s,6.0,0.003784,0.046738,0.004097,0.123742,-0.027898,0.150188,0.950024,0.046964,22,738
treadmill,1.50 m/s,7.0,0.01907,0.04646,-0.050559,0.135432,-0.121106,0.232723,0.950024,0.046964,22,738
treadmill,1.50 m/s,8.0,0.037869,0.046223,-0.107683,0.147626,-0.249564,0.300649,0.950024,0.046964,22,738
treadmill,1.50 m/s,9.0,0.05877,0.046118,-0.16393,0.160032,-0.384341,0.349375,0.950024,0.046964,22,738
treadmill,1.50 m/s,10.0,0.080225,0.046038,-0.216748,0.172047,-0.500336,0.379434,0.950024,0.046964,22,738
treadmill,1.50 m/s,11.0,0.101328,0.046022,-0.264756,0.183132,-0.584385,0.38958,0.950024,0.046964,22,738
treadmill,1.50 m/s,12.0,0.121452,0.046048,-0.307669,0.19304,-0.631837,0.383665,0.950024,0.046964,22,738
treadmill,1.50 m/s,13.0,0.140024,0.046089,-0.34598,0.201793,-0.645214,0.364063,0.950024,0.046964,22,738
treadmill,1.50 m/s,14.0,0.156848,0.046089,-0.380508,0.209483,-0.633304,0.332329,0.950024,0.046964,22,738
treadmill,1.50 m/s,15.0,0.171937,0.045967,-0.412006,0.216074,-0.60458,0.296781,0.950024,0.046964,22,738
treadmill,1.50 m/s,16.0,0.18531,0.045734,-0.440987,0.221425,-0.564851,0.261084,0.950024,0.046964,22,738
treadmill,1.50 m/s,17.0,0.197077,0.045388,-0.46773,0.225369,-0.518918,0.222819,0.950024,0.046964,22,738
treadmill,1.50 m/s,18.0,0.207422,0.044959,-0.492427,0.227853,-0.472435,0.189333,0.950024,0.046964,22,738
treadmill,1.50 m/s,19.0,0.216535,0.044532,-0.515255,0.228912,-0.426172,0.164368,0.950024,0.046964,22,738
treadmill,1.50 m/s,20.0,0.224505,0.044122,-0.536448,0.228625,-0.38287,0.148822,0.950024,0.046964,22,738
treadmill,1.50 m/s,21.0,0.23157,0.043809,-0.556316,0.227061,-0.348683,0.146191,0.950024,0.046964,22,738
treadmill,1.50 m/s,22.0,0.23794,0.043622,-0.575274,0.2243,-0.32135,0.151381,0.950024,0.046964,22,738
treadmill,1.50 m/s,23.0,0.243724,0.04359,-0.593846,0.220473,-0.301125,0.159971,0.950024,0.046964,22,738
treadmill,1.50 m/s,24.0,0.249096,0.043697,-0.612709,0.215785,-0.293627,0.170374,0.950024,0.046964,22,738
treadmill,1.50 m/s,25.0,0.254309,0.043995,-0.632671,0.210488,-0.296752,0.187056,0.950024,0.046964,22,738
treadmill,1.50 m/s,26.0,0.259432,0.044462,-0.654657,0.204826,-0.313079,0.204683,0.950024,0.046964,22,738
treadmill,1.50 m/s,27.0,0.264736,0.045068,-0.679584,0.199,-0.341147,0.218735,0.950024,0.046964,22,738
treadmill,1.50 m/s,28.0,0.270198,0.045817,-0.708298,0.193177,-0.377597,0.235472,0.950024,0.046964,22,738
treadmill,1.50 m/s,29.0,0.275985,0.046712,-0.74148,0.187575,-0.423004,0.253891,0.950024,0.046964,22,738
treadmill,1.50 m/s,30.0,0.282038,0.047753,-0.779633,0.182469,-0.47285,0.270353,0.950024,0.046964,22,738
treadmill,1.50 m/s,31.0,0.288398,0.048794,-0.823085,0.178149,-0.52679,0.285142,0.950024,0.046964,22,738
treadmill,1.50 m/s,32.0,0.295003,0.049867,-0.871993,0.174822,-0.585967,0.302004,0.950024,0.046964,22,738
treadmill,1.50 m/s,33.0,0.301887,0.050954,-0.926349,0.172573,-0.642321,0.316559,0.950024,0.046964,22,738
treadmill,1.50 m/s,34.0,0.308853,0.051991,-0.986009,0.17132,-0.697087,0.327389,0.950024,0.046964,22,738
treadmill,1.50 m/s,35.0,0.315959,0.052903,-1.05056,0.170853,-0.746509,0.338857,0.950024,0.046964,22,738
treadmill,1.50 m/s,36.0,0.322961,0.053715,-1.119339,0.170853,-0.774968,0.358766,0.950024,0.046964,22,738
treadmill,1.50 m/s,37.0,0.329705,0.054454,-1.191371,0.170973,-0.788677,0.379703,0.950024,0.046964,22,738
treadmill,1.50 m/s,38.0,0.336116,0.05499,-1.265349,0.170873,-0.776964,0.404774,0.950024,0.046964,22,738
treadmill,1.50 m/s,39.0,0.341937,0.055381,-1.339647,0.170279,-0.725872,0.449186,0.950024,0.046964,22,738
treadmill,1.50 m/s,40.0,0.346967,0.055651,-1.412309,0.169054,-0.62659,0.506598,0.950024,0.046964,22,738
treadmill,1.50 m/s,41.0,0.35091,0.055776,-1.481014,0.167277,-0.469394,0.573055,0.950024,0.046964,22,738
treadmill,1.50 m/s,42.0,0.353501,0.05577,-1.543111,0.165364,-0.24143,0.668773,0.950024,0.046964,22,738
treadmill,1.50 m/s,43.0,0.354358,0.055723,-1.595582,0.16413,0.06767,0.771137,0.950024,0.046964,22,738
treadmill,1.50 m/s,44.0,0.353101,0.055628,-1.635096,0.164843,0.471061,0.868113,0.950024,0.046964,22,738
treadmill,1.50 m/s,45.0,0.349178,0.05579,-1.658101,0.1689,0.971539,0.963544,0.950024,0.046964,22,738
treadmill,1.50 m/s,46.0,0.3421,0.056142,-1.660886,0.177299,1.540806,1.051073,0.950024,0.046964,22,738
treadmill,1.50 m/s,47.0,0.331454,0.056999,-1.639817,0.190052,2.163233,1.127858,0.950024,0.046964,22,738
treadmill,1.50 m/s,48.0,0.316629,0.058344,-1.591737,0.20591,2.856684,1.155776,0.950024,0.046964,22,738
treadmill,1.50 m/s,49.0,0.296485,0.060976,-1.514518,0.222618,3.578248,1.092733,0.950024,0.046964,22,738
treadmill,1.50 m/s,50.0,0.270252,0.06457,-1.407622,0.237311,4.21637,0.968951,0.950024,0.046964,22,738
treadmill,1.50 m/s,51.0,0.237432,0.068777,-1.272075,0.247202,4.665231,0.842559,0.950024,0.046964,22,738
treadmill,1.50 m/s,52.0,0.197756,0.073661,-1.112293,0.249766,4.831268,0.796074,0.950024,0.046964,22,738
treadmill,1.50 m/s,53.0,0.151511,0.078586,-0.935077,0.24326,4.665291,0.878488,0.950024,0.046964,22,738
treadmill,1.50 m/s,54.0,0.09941,0.08286,-0.749859,0.22698,4.147956,1.010317,0.950024,0.046964,22,738
treadmill,1.50 m/s,55.0,0.043407,0.086119,-0.567522,0.201745,3.336466,1.074815,0.950024,0.046964,22,738
treadmill,1.50 m/s,56.0,-0.01369,0.08801,-0.398841,0.169915,2.382405,1.006366,0.950024,0.046964,22,738
treadmill,1.50 m/s,57.0,-0.068423,0.088635,-0.252691,0.135031,1.464765,0.811347,0.950024,0.046964,22,738
treadmill,1.50 m/s,58.0,-0.117098,0.0883,-0.134509,0.100921,0.733352,0.550832,0.950024,0.046964,22,738
treadmill,1.50 m/s,59.0,-0.156418,0.087526,-0.045709,0.070827,0.261174,0.299596,0.950024,0.046964,22,738
treadmill,1.50 m/s,60.0,-0.183974,0.086659,0.015609,0.047066,0.037189,0.117376,0.950024,0.046964,22,738
treadmill,1.50 m/s,61.0,-0.198684,0.085797,0.053437,0.031346,-0.007827,0.054916,0.950024,0.046964,22,738
treadmill,1.50 m/s,62.0,-0.200873,0.08482,0.072947,0.024638,0.039487,0.070191,0.950024,0.046964,22,738
treadmill,1.50 m/s,63.0,-0.1921,0.083515,0.079301,0.024554,0.10819,0.068978,0.950024,0.046964,22,738
treadmill,1.50 m/s,64.0,-0.174798,0.081781,0.077114,0.02654,0.158972,0.065204,0.950024,0.046964,22,738
treadmill,1.50 m/s,65.0,-0.151427,0.079659,0.070105,0.028237,0.179632,0.071517,0.950024,0.046964,22,738
treadmill,1.50 m/s,66.0,-0.124452,0.077467,0.061022,0.029143,0.174399,0.080219,0.950024,0.046964,22,738
treadmill,1.50 m/s,67.0,-0.095836,0.075407,0.05172,0.029393,0.153831,0.084865,0.950024,0.046964,22,738
treadmill,1.50 m/s,68.0,-0.067199,0.073678,0.043324,0.02921,0.127575,0.084139,0.950024,0.046964,22,738
treadmill,1.50 m/s,69.0,-0.039552,0.072256,0.036406,0.028749,0.102805,0.080178,0.950024,0.046964,22,738
treadmill,1.50 m/s,70.0,-0.013467,0.071099,0.031169,0.028108,0.081999,0.07383,0.950024,0.046964,22,738
treadmill,1.50 m/s,71.0,0.010437,0.070156,0.027578,0.02732,0.065756,0.065676,0.950024,0.046964,22,738
treadmill,1.50 m/s,72.0,0.03202,0.069268,0.025449,0.026398,0.054132,0.057231,0.950024,0.046964,22,738
treadmill,1.50 m/s,73.0,0.051244,0.068298,0.024559,0.025409,0.045781,0.048785,0.950024,0.046964,22,738
treadmill,1.50 m/s,74.0,0.068005,0.067194,0.024673,0.024437,0.039749,0.041258,0.950024,0.046964,22,738
treadmill,1.50 m/s,75.0,0.082439,0.065861,0.025555,0.023557,0.035029,0.035296,0.950024,0.046964,22,738
treadmill,1.50 m/s,76.0,0.094454,0.064291,0.026989,0.022851,0.030628,0.030528,0.950024,0.046964,22,738
treadmill,1.50 m/s,77.0,0.104176,0.062477,0.028778,0.022397,0.026556,0.027861,0.950024,0.046964,22,738
treadmill,1.50 m/s,78.0,0.111775,0.060353,0.030744,0.022269,0.022612,0.027287,0.950024,0.046964,22,738
treadmill,1.50 m/s,79.0,0.11739,0.057904,0.032717,0.022542,0.018148,0.027267,0.950024,0.046964,22,738
treadmill,1.50 m/s,80.0,0.121082,0.055203,0.03452,0.023261,0.013681,0.028221,0.950024,0.046964,22,738
treadmill,1.50 m/s,81.0,0.123105,0.05226,0.035956,0.024428,0.00961,0.030485,0.950024,0.046964,22,738
treadmill,1.50 m/s,82.0,0.1236,0.049186,0.036823,0.025995,0.005525,0.032242,0.950024,0.046964,22,738
treadmill,1.50 m/s,83.0,0.122761,0.046262,0.036931,0.027886,0.001927,0.033859,0.950024,0.046964,22,738
treadmill,1.50 m/s,84.0,0.120815,0.043788,0.036121,0.030012,-0.000531,0.035174,0.950024,0.046964,22,738
treadmill,1.50 m/s,85.0,0.118148,0.042096,0.034285,0.032279,-0.001976,0.034396,0.950024,0.046964,22,738
treadmill,1.50 m/s,86.0,0.115053,0.041329,0.031378,0.034564,-0.00255,0.030461,0.950024,0.046964,22,738
treadmill,1.50 m/s,87.0,0.11195,0.04141,0.027444,0.0367,-0.002381,0.023995,0.950024,0.046964,22,738
treadmill,1.50 m/s,88.0,0.109187,0.042088,0.02263,0.038458,-0.001671,0.017158,0.950024,0.046964,22,738
treadmill,1.50 m/s,89.0,0.107049,0.043072,0.017246,0.039667,-0.000825,0.011612,0.950024,0.046964,22,738
treadmill,1.50 m/s,90.0,0.105824,0.044032,0.011799,0.040338,-0.000253,0.009185,0.950024,0.046964,22,738
treadmill,1.50 m/s,91.0,0.105619,0.044891,0.007004,0.040716,-0.000454,0.008026,0.950024,0.046964,22,738
treadmill,1.50 m/s,92.0,0.106289,0.045479,0.003753,0.041225,-0.001175,0.006391,0.950024,0.046964,22,738
treadmill,1.50 m/s,93.0,0.107386,0.045818,0.003047,0.042132,-0.001491,0.004194,0.950024,0.046964,22,738
treadmill,1.50 m/s,94.0,0.108095,0.045978,0.005925,0.043168,-0.002124,0.007655,0.950024,0.046964,22,738
treadmill,1.50 m/s,95.0,0.107343,0.046044,0.013342,0.043547,-0.00453,0.016443,0.950024,0.046964,22,738
treadmill,1.50 m/s,96.0,0.103936,0.046024,0.02595,0.042617,-0.014309,0.025628,0.950024,0.046964,22,738
treadmill,1.50 m/s,97.0,0.096641,0.045941,0.043899,0.040873,-0.044024,0.039809,0.950024,0.046964,22,738
treadmill,1.50 m/s,98.0,0.084259,0.046121,0.066474,0.040707,-0.104919,0.06628,0.950024,0.046964,22,738
treadmill,1.50 m/s,99.0,0.066671,0.046275,0.0915,0.045262,-0.190546,0.104986,0.950024,0.046964,22,738
treadmill,1.50 m/s,100.0,0.045374,0.046603,0.114649,0.054993,-0.262726,0.140737,0.950024,0.046964,22,738
treadmill,1.55 m/s,0.0,0.044278,0.045681,0.103964,0.067642,-0.256579,0.13454,0.930875,0.044741,22,775
treadmill,1.55 m/s,1.0,0.025594,0.043915,0.114125,0.089906,-0.272895,0.165993,0.930875,0.044741,22,775
treadmill,1.55 m/s,2.0,0.010987,0.043706,0.110656,0.111187,-0.2227,0.197576,0.930875,0.044741,22,775
treadmill,1.55 m/s,3.0,0.002989,0.044977,0.092435,0.130419,-0.14102,0.254868,0.930875,0.044741,22,775
treadmill,1.55 m/s,4.0,0.002329,0.047117,0.06017,0.147105,-0.079079,0.33016,0.930875,0.044741,22,775
treadmill,1.55 m/s,5.0,0.00862,0.049439,0.01604,0.161257,-0.070206,0.400592,0.930875,0.044741,22,775
treadmill,1.55 m/s,6.0,0.020985,0.051391,-0.036959,0.17317,-0.125843,0.452075,0.930875,0.044741,22,775
treadmill,1.55 m/s,7.0,0.037926,0.052828,-0.095593,0.183344,-0.236087,0.476534,0.930875,0.044741,22,775
treadmill,1.55 m/s,8.0,0.057964,0.053718,-0.156653,0.192394,-0.377073,0.479061,0.930875,0.044741,22,775
treadmill,1.55 m/s,9.0,0.079534,0.054144,-0.217126,0.200835,-0.520112,0.468882,0.930875,0.044741,22,775
treadmill,1.55 m/s,10.0,0.101521,0.05418,-0.27462,0.20885,-0.642718,0.453755,0.930875,0.044741,22,775
treadmill,1.55 m/s,11.0,0.12297,0.054013,-0.327623,0.21623,-0.730154,0.43677,0.930875,0.044741,22,775
treadmill,1.55 m/s,12.0,0.143234,0.0538,-0.375544,0.222601,-0.77736,0.413915,0.930875,0.044741,22,775
treadmill,1.55 m/s,13.0,0.161882,0.053524,-0.41851,0.227655,-0.786368,0.383547,0.930875,0.044741,22,775
treadmill,1.55 m/s,14.0,0.178706,0.053146,-0.456993,0.231254,-0.764129,0.346695,0.930875,0.044741,22,775
treadmill,1.55 m/s,15.0,0.1936,0.052688,-0.491529,0.233417,-0.720451,0.305651,0.930875,0.044741,22,775
treadmill,1.55 m/s,16.0,0.206694,0.052091,-0.522549,0.234282,-0.663167,0.263333,0.930875,0.044741,22,775
treadmill,1.55 m/s,17.0,0.218064,0.051372,-0.550322,0.234013,-0.596799,0.223749,0.930875,0.044741,22,775
treadmill,1.55 m/s,18.0,0.22788,0.050529,-0.575064,0.232734,-0.52649,0.19433,0.930875,0.044741,22,775
treadmill,1.55 m/s,19.0,0.236271,0.04961,-0.597023,0.230551,-0.457925,0.181317,0.930875,0.044741,22,775
treadmill,1.55 m/s,20.0,0.243452,0.048652,-0.616554,0.227522,-0.394571,0.18708,0.930875,0.044741,22,775
treadmill,1.55 m/s,21.0,0.249587,0.047718,-0.634125,0.223652,-0.339315,0.20422,0.930875,0.044741,22,775
treadmill,1.55 m/s,22.0,0.254886,0.046835,-0.650317,0.218965,-0.292767,0.224532,0.930875,0.044741,22,775
treadmill,1.55 m/s,23.0,0.259479,0.046096,-0.66577,0.213502,-0.254398,0.247624,0.930875,0.044741,22,775
treadmill,1.55 m/s,24.0,0.263516,0.04552,-0.681161,0.207362,-0.228974,0.270468,0.930875,0.044741,22,775
treadmill,1.55 m/s,25.0,0.267226,0.045141,-0.697185,0.200745,-0.218549,0.291048,0.930875,0.044741,22,775
treadmill,1.55 m/s,26.0,0.27077,0.045034,-0.714567,0.193928,-0.219692,0.310467,0.930875,0.044741,22,775
treadmill,1.55 m/s,27.0,0.274267,0.045197,-0.734032,0.187285,-0.233064,0.325379,0.930875,0.044741,22,775
treadmill,1.55 m/s,28.0,0.277872,0.045629,-0.756336,0.181205,-0.25428,0.335562,0.930875,0.044741,22,775
treadmill,1.55 m/s,29.0,0.281584,0.04629,-0.782244,0.176034,-0.282365,0.348128,0.930875,0.044741,22,775
treadmill,1.55 m/s,30.0,0.285488,0.047221,-0.8125,0.172035,-0.319366,0.356991,0.930875,0.044741,22,775
treadmill,1.55 m/s,31.0,0.289638,0.048262,-0.847775,0.169353,-0.361908,0.362223,0.930875,0.044741,22,775
treadmill,1.55 m/s,32.0,0.294051,0.049406,-0.8886,0.167982,-0.404786,0.366146,0.930875,0.044741,22,775
treadmill,1.55 m/s,33.0,0.298651,0.050614,-0.935293,0.167819,-0.446829,0.370613,0.930875,0.044741,22,775
treadmill,1.55 m/s,34.0,0.303421,0.051802,-0.987932,0.168684,-0.491799,0.371002,0.930875,0.044741,22,775
treadmill,1.55 m/s,35.0,0.308338,0.052878,-1.046268,0.170327,-0.527729,0.375751,0.930875,0.044741,22,775
treadmill,1.55 m/s,36.0,0.313202,0.053906,-1.109732,0.172435,-0.548271,0.389828,0.930875,0.044741,22,775
treadmill,1.55 m/s,37.0,0.317894,0.054879,-1.177389,0.174688,-0.552208,0.405152,0.930875,0.044741,22,775
treadmill,1.55 m/s,38.0,0.32228,0.05566,-1.247941,0.176738,-0.528974,0.427791,0.930875,0.044741,22,775
treadmill,1.55 m/s,39.0,0.326126,0.056317,-1.319708,0.17829,-0.468133,0.465175,0.930875,0.044741,22,775
treadmill,1.55 m/s,40.0,0.32921,0.056867,-1.390627,0.179179,-0.360167,0.516482,0.930875,0.044741,22,775
treadmill,1.55 m/s,41.0,0.331261,0.057264,-1.458209,0.17941,-0.193983,0.582711,0.930875,0.044741,22,775
treadmill,1.55 m/s,42.0,0.331978,0.057584,-1.519552,0.179295,0.046039,0.660527,0.930875,0.044741,22,775
treadmill,1.55 m/s,43.0,0.330939,0.057805,-1.571342,0.179473,0.37352,0.744087,0.930875,0.044741,22,775
treadmill,1.55 m/s,44.0,0.327729,0.05796,-1.609903,0.180826,0.796006,0.831431,0.930875,0.044741,22,775
treadmill,1.55 m/s,45.0,0.32182,0.058221,-1.631331,0.184301,1.31711,0.908016,0.930875,0.044741,22,775
treadmill,1.55 m/s,46.0,0.31265,0.058563,-1.631649,0.19056,1.920393,0.988129,0.930875,0.044741,22,775
treadmill,1.55 m/s,47.0,0.299658,0.059387,-1.60722,0.199644,2.578278,1.058335,0.930875,0.044741,22,775
treadmill,1.55 m/s,48.0,0.282257,0.060378,-1.555042,0.210617,3.268945,1.110042,0.930875,0.044741,22,775
treadmill,1.55 m/s,49.0,0.259622,0.062232,-1.473388,0.221727,3.955037,1.092144,0.930875,0.044741,22,775
treadmill,1.55 m/s,50.0,0.230854,0.064941,-1.362273,0.230649,4.532195,1.006468,0.930875,0.044741,22,775
treadmill,1.55 m/s,51.0,0.195688,0.068132,-1.223264,0.234962,4.872682,0.937727,0.930875,0.044741,22,775
treadmill,1.55 m/s,52.0,0.15422,0.071635,-1.061528,0.232507,4.894601,0.941638,0.930875,0.044741,22,775
treadmill,1.55 m/s,53.0,0.107081,0.075153,-0.884409,0.221919,4.567955,0.99686,0.930875,0.044741,22,775
treadmill,1.55 m/s,54.0,0.055449,0.078471,-0.701703,0.202991,3.918878,1.042671,0.930875,0.044741,22,775
treadmill,1.55 m/s,55.0,0.001407,0.081339,-0.52429,0.176871,3.040282,1.014033,0.930875,0.044741,22,775
treadmill,1.55 m/s,56.0,-0.052189,0.083694,-0.362407,0.14596,2.088455,0.878288,0.930875,0.044741,22,775
treadmill,1.55 m/s,57.0,-0.102134,0.085716,-0.223908,0.113451,1.228925,0.661823,0.930875,0.044741,22,775
treadmill,1.55 m/s,58.0,-0.14519,0.087635,-0.113175,0.082579,0.580774,0.421987,0.930875,0.044741,22,775
treadmill,1.55 m/s,59.0,-0.178501,0.089519,-0.031003,0.056003,0.189927,0.21888,0.930875,0.044741,22,775
treadmill,1.55 m/s,60.0,-0.20027,0.091153,0.024724,0.035496,0.027665,0.09364,0.930875,0.044741,22,775
treadmill,1.55 m/s,61.0,-0.20978,0.092179,0.05804,0.022416,0.018489,0.067538,0.930875,0.044741,22,775
treadmill,1.55 m/s,62.0,-0.20762,0.092253,0.074048,0.017436,0.078382,0.075976,0.930875,0.044741,22,775
treadmill,1.55 m/s,63.0,-0.195435,0.091102,0.077833,0.017835,0.144792,0.076151,0.930875,0.044741,22,775
treadmill,1.55 m/s,64.0,-0.175502,0.088878,0.073857,0.019293,0.186299,0.075931,0.930875,0.044741,22,775
treadmill,1.55 m/s,65.0,-0.15016,0.085768,0.065639,0.019935,0.195943,0.079329,0.930875,0.044741,22,775
treadmill,1.55 m/s,66.0,-0.121707,0.082297,0.055715,0.019452,0.181162,0.080484,0.930875,0.044741,22,775
treadmill,1.55 m/s,67.0,-0.09182,0.078661,0.045779,0.018048,0.153478,0.076269,0.930875,0.044741,22,775
treadmill,1.55 m/s,68.0,-0.061889,0.075136,0.036855,0.016059,0.122037,0.066712,0.930875,0.044741,22,775
treadmill,1.55 m/s,69.0,-0.032929,0.072013,0.029455,0.013772,0.093139,0.054471,0.930875,0.044741,22,775
treadmill,1.55 m/s,70.0,-0.005617,0.069344,0.023767,0.011424,0.069605,0.041813,0.930875,0.044741,22,775
treadmill,1.55 m/s,71.0,0.019538,0.067144,0.019783,0.009263,0.052369,0.030654,0.930875,0.044741,22,775
treadmill,1.55 m/s,72.0,0.042409,0.065214,0.017381,0.0075,0.040759,0.022451,0.930875,0.044741,22,775
treadmill,1.55 m/s,73.0,0.062692,0.063624,0.016373,0.006258,0.033285,0.016398,0.930875,0.044741,22,775
treadmill,1.55 m/s,74.0,0.080397,0.062245,0.016523,0.005534,0.028712,0.012495,0.930875,0.044741,22,775
treadmill,1.55 m/s,75.0,0.095573,0.060917,0.017579,0.005221,0.025703,0.010647,0.930875,0.044741,22,775
treadmill,1.55 m/s,76.0,0.108229,0.059635,0.019286,0.005183,0.02322,0.009974,0.930875,0.044741,22,775
treadmill,1.55 m/s,77.0,0.118527,0.058293,0.021392,0.005328,0.020615,0.010016,0.930875,0.044741,22,775
treadmill,1.55 m/s,78.0,0.126586,0.056826,0.023667,0.005639,0.017546,0.010722,0.930875,0.044741,22,775
treadmill,1.55 m/s,79.0,0.132568,0.055203,0.025889,0.006106,0.013859,0.01196,0.930875,0.044741,22,775
treadmill,1.55 m/s,80.0,0.13661,0.053391,0.027832,0.006675,0.009612,0.01361,0.930875,0.044741,22,775
treadmill,1.55 m/s,81.0,0.13888,0.051376,0.029266,0.007242,0.005066,0.015523,0.930875,0.044741,22,775
treadmill,1.55 m/s,82.0,0.139537,0.049196,0.029977,0.007694,0.000471,0.017452,0.930875,0.044741,22,775
treadmill,1.55 m/s,83.0,0.138752,0.047087,0.029798,0.007978,-0.0035,0.018996,0.930875,0.044741,22,775
treadmill,1.55 m/s,84.0,0.136822,0.045236,0.028619,0.008097,-0.006404,0.019326,0.930875,0.044741,22,775
treadmill,1.55 m/s,85.0,0.13399,0.043828,0.026393,0.008078,-0.008018,0.018075,0.930875,0.044741,22,775
treadmill,1.55 m/s,86.0,0.130501,0.043203,0.023146,0.007926,-0.008106,0.015212,0.930875,0.044741,22,775
treadmill,1.55 m/s,87.0,0.126707,0.043263,0.018981,0.007608,-0.006821,0.01142,0.930875,0.044741,22,775
treadmill,1.55 m/s,88.0,0.122963,0.044056,0.014116,0.007101,-0.004802,0.007626,0.930875,0.044741,22,775
treadmill,1.55 m/s,89.0,0.119593,0.045269,0.008901,0.006443,-0.002761,0.004908,0.930875,0.044741,22,775
treadmill,1.55 m/s,90.0,0.116859,0.046744,0.003845,0.005809,-0.001451,0.003612,0.930875,0.044741,22,775
treadmill,1.55 m/s,91.0,0.114804,0.04827,-0.000375,0.005498,-0.001092,0.003452,0.930875,0.044741,22,775
treadmill,1.55 m/s,92.0,0.113499,0.049743,-0.002931,0.005651,-0.001238,0.003939,0.930875,0.044741,22,775
treadmill,1.55 m/s,93.0,0.112345,0.051142,-0.002882,0.005967,-0.001362,0.004413,0.930875,0.044741,22,775
treadmill,1.55 m/s,94.0,0.110643,0.052276,0.000724,0.005909,-0.001577,0.004134,0.930875,0.044741,22,775
treadmill,1.55 m/s,95.0,0.107682,0.053112,0.008726,0.005646,-0.00431,0.004178,0.930875,0.044741,22,775
treadmill,1.55 m/s,96.0,0.102363,0.05329,0.021646,0.00799,-0.016175,0.00877,0.930875,0.044741,22,775
treadmill,1.55 m/s,97.0,0.093528,0.052476,0.039438,0.015756,-0.04723,0.021733,0.930875,0.044741,22,775
treadmill,1.55 m/s,98.0,0.080598,0.050762,0.061083,0.028797,-0.106244,0.047787,0.930875,0.044741,22,775
treadmill,1.55 m/s,99.0,0.063511,0.048326,0.084039,0.046577,-0.188042,0.088044,0.930875,0.044741,22,775
treadmill,1.55 m/s,100.0,0.043909,0.045633,0.103856,0.067839,-0.259448,0.1309,0.930875,0.044741,22,775
treadmill,1.60 m/s,0.0,0.043102,0.047718,0.106251,0.051312,-0.235902,0.132323,0.914663,0.045909,22,794
treadmill,1.60 m/s,1.0,0.02376,0.047913,0.116457,0.066897,-0.237794,0.153745,0.914663,0.045909,22,794
treadmill,1.60 m/s,2.0,0.008711,0.048283,0.11326,0.081853,-0.176628,0.13954,0.914663,0.045909,22,794
treadmill,1.60 m/s,3.0,0.000172,0.048673,0.095479,0.095866,-0.091989,0.096783,0.914663,0.045909,22,794
treadmill,1.60 m/s,4.0,-0.000901,0.049395,0.063711,0.108971,-0.031,0.090494,0.914663,0.045909,22,794
treadmill,1.60 m/s,5.0,0.005228,0.050287,0.020053,0.121309,-0.029022,0.165496,0.914663,0.045909,22,794
treadmill,1.60 m/s,6.0,0.017541,0.051282,-0.032426,0.133057,-0.095562,0.252317,0.914663,0.045909,22,794
treadmill,1.60 m/s,7.0,0.034512,0.052191,-0.090457,0.144615,-0.217676,0.323608,0.914663,0.045909,22,794
treadmill,1.60 m/s,8.0,0.054597,0.052905,-0.15092,0.156373,-0.36956,0.374481,0.914663,0.045909,22,794
treadmill,1.60 m/s,9.0,0.07636,0.053384,-0.210868,0.168488,-0.521731,0.407734,0.914663,0.045909,22,794
treadmill,1.60 m/s,10.0,0.098518,0.053644,-0.267973,0.180697,-0.650189,0.426747,0.914663,0.045909,22,794
treadmill,1.60 m/s,11.0,0.120127,0.053783,-0.320735,0.192433,-0.739064,0.429784,0.914663,0.045909,22,794
treadmill,1.60 m/s,12.0,0.140476,0.053796,-0.368484,0.203087,-0.785969,0.416911,0.914663,0.045909,22,794
treadmill,1.60 m/s,13.0,0.159227,0.053731,-0.411205,0.212205,-0.795668,0.389964,0.914663,0.045909,22,794
treadmill,1.60 m/s,14.0,0.176131,0.053558,-0.449223,0.219557,-0.772136,0.353539,0.914663,0.045909,22,794
treadmill,1.60 m/s,15.0,0.191102,0.053254,-0.482955,0.225072,-0.723683,0.312267,0.914663,0.045909,22,794
treadmill,1.60 m/s,16.0,0.204126,0.052843,-0.512769,0.228808,-0.662307,0.269272,0.914663,0.045909,22,794
treadmill,1.60 m/s,17.0,0.215474,0.052284,-0.538941,0.230883,-0.594718,0.228208,0.914663,0.045909,22,794
treadmill,1.60 m/s,18.0,0.22524,0.051606,-0.561734,0.23142,-0.52286,0.194419,0.914663,0.045909,22,794
treadmill,1.60 m/s,19.0,0.233598,0.050845,-0.581498,0.230549,-0.45416,0.174374,0.914663,0.045909,22,794
treadmill,1.60 m/s,20.0,0.240768,0.050048,-0.598693,0.2284,-0.391643,0.171609,0.914663,0.045909,22,794
treadmill,1.60 m/s,21.0,0.246916,0.049233,-0.613895,0.22507,-0.335228,0.181701,0.914663,0.045909,22,794
treadmill,1.60 m/s,22.0,0.252183,0.048484,-0.627786,0.220645,-0.286529,0.200817,0.914663,0.045909,22,794
treadmill,1.60 m/s,23.0,0.25675,0.047827,-0.641108,0.21523,-0.247783,0.228323,0.914663,0.045909,22,794
treadmill,1.60 m/s,24.0,0.260758,0.047345,-0.65464,0.209007,-0.22143,0.255786,0.914663,0.045909,22,794
treadmill,1.60 m/s,25.0,0.264388,0.047086,-0.669194,0.202251,-0.207685,0.280753,0.914663,0.045909,22,794
treadmill,1.60 m/s,26.0,0.26782,0.047035,-0.685596,0.195309,-0.209087,0.303083,0.914663,0.045909,22,794
treadmill,1.60 m/s,27.0,0.271256,0.047297,-0.704676,0.188641,-0.225973,0.320328,0.914663,0.045909,22,794
treadmill,1.60 m/s,28.0,0.27482,0.047804,-0.727273,0.182738,-0.251296,0.3354,0.914663,0.045909,22,794
treadmill,1.60 m/s,29.0,0.278548,0.048585,-0.754204,0.178081,-0.283117,0.346511,0.914663,0.045909,22,794
treadmill,1.60 m/s,30.0,0.282496,0.049625,-0.78622,0.175052,-0.322844,0.355501,0.914663,0.045909,22,794
treadmill,1.60 m/s,31.0,0.286709,0.050767,-0.823969,0.173853,-0.370702,0.361397,0.914663,0.045909,22,794
treadmill,1.60 m/s,32.0,0.291237,0.052031,-0.867919,0.174485,-0.420895,0.366272,0.914663,0.045909,22,794
treadmill,1.60 m/s,33.0,0.295991,0.053343,-0.918334,0.17674,-0.472614,0.36883,0.914663,0.045909,22,794
treadmill,1.60 m/s,34.0,0.301006,0.054522,-0.975193,0.180249,-0.516946,0.372847,0.914663,0.045909,22,794
treadmill,1.60 m/s,35.0,0.306022,0.055626,-1.03811,0.184512,-0.554049,0.380772,0.914663,0.045909,22,794
treadmill,1.60 m/s,36.0,0.311096,0.056553,-1.106368,0.188959,-0.580001,0.394448,0.914663,0.045909,22,794
treadmill,1.60 m/s,37.0,0.315959,0.057246,-1.17887,0.193003,-0.582057,0.42104,0.914663,0.045909,22,794
treadmill,1.60 m/s,38.0,0.320521,0.057724,-1.254117,0.196101,-0.555478,0.466869,0.914663,0.045909,22,794
treadmill,1.60 m/s,39.0,0.324503,0.058037,-1.330215,0.197813,-0.487151,0.533874,0.914663,0.045909,22,794
treadmill,1.60 m/s,40.0,0.327698,0.058194,-1.404878,0.197891,-0.366479,0.626745,0.914663,0.045909,22,794
treadmill,1.60 m/s,41.0,0.32979,0.058223,-1.475368,0.196378,-0.177019,0.742534,0.914663,0.045909,22,794
treadmill,1.60 m/s,42.0,0.330416,0.058242,-1.538622,0.193772,0.087991,0.863792,0.914663,0.045909,22,794
treadmill,1.60 m/s,43.0,0.32922,0.058331,-1.591163,0.19107,0.443408,0.994611,0.914663,0.045909,22,794
treadmill,1.60 m/s,44.0,0.325712,0.058617,-1.629191,0.189787,0.892204,1.132875,0.914663,0.045909,22,794
treadmill,1.60 m/s,45.0,0.319454,0.059363,-1.648809,0.191635,1.449128,1.239136,0.914663,0.045909,22,794
treadmill,1.60 m/s,46.0,0.309652,0.060717,-1.646173,0.197956,2.082331,1.315058,0.914663,0.045909,22,794
treadmill,1.60 m/s,47.0,0.296013,0.06275,-1.617847,0.209013,2.762693,1.371316,0.914663,0.045909,22,794
treadmill,1.60 m/s,48.0,0.277682,0.065668,-1.561255,0.223586,3.463919,1.385452,0.914663,0.045909,22,794
treadmill,1.60 m/s,49.0,0.254118,0.069761,-1.475026,0.239286,4.115077,1.318586,0.914663,0.045909,22,794
treadmill,1.60 m/s,50.0,0.224629,0.074911,-1.359811,0.253085,4.656479,1.170754,0.914663,0.045909,22,794
treadmill,1.60 m/s,51.0,0.188708,0.080646,-1.21756,0.261983,4.952252,1.026171,0.914663,0.045909,22,794
treadmill,1.60 m/s,52.0,0.146875,0.086323,-1.053975,0.263458,4.922213,0.988807,0.914663,0.045909,22,794
treadmill,1.60 m/s,53.0,0.099683,0.091511,-0.876514,0.255774,4.55195,1.06362,0.914663,0.045909,22,794
treadmill,1.60 m/s,54.0,0.048627,0.095638,-0.694898,0.238368,3.872988,1.152287,0.914663,0.045909,22,794
treadmill,1.60 m/s,55.0,-0.004201,0.098243,-0.519497,0.212104,2.988021,1.160314,0.914663,0.045909,22,794
treadmill,1.60 m/s,56.0,-0.05583,0.09913,-0.359886,0.179333,2.045276,1.037386,0.914663,0.045909,22,794
treadmill,1.60 m/s,57.0,-0.103039,0.098566,-0.223281,0.143488,1.206277,0.812586,0.914663,0.045909,22,794
treadmill,1.60 m/s,58.0,-0.14276,0.096954,-0.113693,0.108132,0.581851,0.547408,0.914663,0.045909,22,794
treadmill,1.60 m/s,59.0,-0.172511,0.094789,-0.031832,0.076387,0.208047,0.304671,0.914663,0.045909,22,794
treadmill,1.60 m/s,60.0,-0.190745,0.092346,0.024297,0.050239,0.052545,0.131399,0.914663,0.045909,22,794
treadmill,1.60 m/s,61.0,-0.197205,0.089818,0.058452,0.030806,0.040763,0.066962,0.914663,0.045909,22,794
treadmill,1.60 m/s,62.0,-0.19284,0.087237,0.075509,0.019127,0.093041,0.080289,0.914663,0.045909,22,794
treadmill,1.60 m/s,63.0,-0.179471,0.084629,0.080301,0.015786,0.15172,0.085357,0.914663,0.045909,22,794
treadmill,1.60 m/s,64.0,-0.159295,0.082029,0.077122,0.017313,0.188022,0.08277,0.914663,0.045909,22,794
treadmill,1.60 m/s,65.0,-0.134551,0.079551,0.069464,0.019409,0.196058,0.082234,0.914663,0.045909,22,794
treadmill,1.60 m/s,66.0,-0.10718,0.077332,0.059902,0.020732,0.182729,0.083289,0.914663,0.045909,22,794
treadmill,1.60 m/s,67.0,-0.078658,0.075355,0.050171,0.021201,0.157239,0.082126,0.914663,0.045909,22,794
treadmill,1.60 m/s,68.0,-0.050317,0.0737,0.041312,0.020942,0.127937,0.077224,0.914663,0.045909,22,794
treadmill,1.60 m/s,69.0,-0.022924,0.072217,0.03385,0.020082,0.100522,0.069122,0.914663,0.045909,22,794
treadmill,1.60 m/s,70.0,0.002845,0.070906,0.027984,0.018731,0.077332,0.058391,0.914663,0.045909,22,794
treadmill,1.60 m/s,71.0,0.026587,0.069731,0.023721,0.016992,0.059218,0.046938,0.914663,0.045909,22,794
treadmill,1.60 m/s,72.0,0.047834,0.068712,0.020957,0.015025,0.046227,0.036228,0.914663,0.045909,22,794
treadmill,1.60 m/s,73.0,0.066663,0.067702,0.019553,0.013078,0.037368,0.026964,0.914663,0.045909,22,794
treadmill,1.60 m/s,74.0,0.082975,0.066649,0.019336,0.011392,0.031243,0.019506,0.914663,0.045909,22,794
treadmill,1.60 m/s,75.0,0.096784,0.065527,0.020096,0.010119,0.026851,0.014072,0.914663,0.045909,22,794
treadmill,1.60 m/s,76.0,0.1082,0.064236,0.0216,0.009318,0.023257,0.010536,0.914663,0.045909,22,794
treadmill,1.60 m/s,77.0,0.117316,0.06274,0.0236,0.008966,0.01974,0.008786,0.914663,0.045909,22,794
treadmill,1.60 m/s,78.0,0.124311,0.061023,0.025837,0.008987,0.016134,0.008941,0.914663,0.045909,22,794
treadmill,1.60 m/s,79.0,0.1294,0.059029,0.028036,0.009242,0.012026,0.010496,0.914663,0.045909,22,794
treadmill,1.60 m/s,80.0,0.132639,0.056839,0.02993,0.009574,0.007598,0.012889,0.914663,0.045909,22,794
treadmill,1.60 m/s,81.0,0.134368,0.054441,0.031276,0.009863,0.003227,0.015796,0.914663,0.045909,22,794
treadmill,1.60 m/s,82.0,0.134689,0.052013,0.031864,0.010048,-0.000968,0.018121,0.914663,0.045909,22,794
treadmill,1.60 m/s,83.0,0.133856,0.049738,0.031523,0.010128,-0.004372,0.019638,0.914663,0.045909,22,794
treadmill,1.60 m/s,84.0,0.132104,0.047798,0.030141,0.010141,-0.00676,0.019611,0.914663,0.045909,22,794
treadmill,1.60 m/s,85.0,0.129636,0.046446,0.027674,0.010112,-0.00774,0.017621,0.914663,0.045909,22,794
treadmill,1.60 m/s,86.0,0.12684,0.045611,0.02415,0.010011,-0.007383,0.014171,0.914663,0.045909,22,794
treadmill,1.60 m/s,87.0,0.123855,0.045377,0.019692,0.009792,-0.005963,0.010035,0.914663,0.045909,22,794
treadmill,1.60 m/s,88.0,0.121028,0.045477,0.014543,0.009411,-0.003903,0.006102,0.914663,0.045909,22,794
treadmill,1.60 m/s,89.0,0.118637,0.045793,0.009091,0.008866,-0.00196,0.003259,0.914663,0.045909,22,794
treadmill,1.60 m/s,90.0,0.116702,0.046285,0.003886,0.008257,-0.000698,0.002055,0.914663,0.045909,22,794
treadmill,1.60 m/s,91.0,0.115475,0.046615,-0.000359,0.007797,-0.000273,0.001996,0.914663,0.045909,22,794
treadmill,1.60 m/s,92.0,0.114676,0.046837,-0.002792,0.007681,-0.000328,0.002316,0.914663,0.045909,22,794
treadmill,1.60 m/s,93.0,0.113925,0.047046,-0.002475,0.007884,-0.000517,0.002586,0.914663,0.045909,22,794
treadmill,1.60 m/s,94.0,0.112426,0.047141,0.001504,0.008217,-0.001287,0.003385,0.914663,0.045909,22,794
treadmill,1.60 m/s,95.0,0.1096,0.047345,0.009941,0.008751,-0.005228,0.00652,0.914663,0.045909,22,794
treadmill,1.60 m/s,96.0,0.104074,0.047427,0.023328,0.01051,-0.01884,0.012208,0.914663,0.045909,22,794
treadmill,1.60 m/s,97.0,0.094955,0.047515,0.041548,0.015246,-0.050931,0.022466,0.914663,0.045909,22,794
treadmill,1.60 m/s,98.0,0.081478,0.047608,0.063478,0.02393,-0.108339,0.045508,0.914663,0.045909,22,794
treadmill,1.60 m/s,99.0,0.063746,0.047674,0.086565,0.036224,-0.183811,0.087331,0.914663,0.045909,22,794
treadmill,1.60 m/s,100.0,0.04331,0.047757,0.10647,0.051036,-0.245955,0.132699,0.914663,0.045909,22,794
treadmill,1.65 m/s,0.0,0.044841,0.048677,0.112131,0.048456,-0.250331,0.13237,0.904567,0.047678,22,802
treadmill,1.65 m/s,1.0,0.025429,0.048956,0.122817,0.06429,-0.252863,0.156202,0.904567,0.047678,22,802
treadmill,1.65 m/s,2.0,0.010168,0.049009,0.119971,0.079971,-0.191285,0.14601,0.904567,0.047678,22,802
treadmill,1.65 m/s,3.0,0.001278,0.048852,0.102488,0.094972,-0.105638,0.102918,0.904567,0.047678,22,802
treadmill,1.65 m/s,4.0,-0.000468,0.048872,0.070943,0.109107,-0.040306,0.083538,0.904567,0.047678,22,802
treadmill,1.65 m/s,5.0,0.005177,0.049231,0.027415,0.122482,-0.033086,0.160582,0.904567,0.047678,22,802
treadmill,1.65 m/s,6.0,0.016864,0.04985,-0.025041,0.135303,-0.096389,0.259546,0.904567,0.047678,22,802
treadmill,1.65 m/s,7.0,0.033412,0.050641,-0.08335,0.148032,-0.216361,0.34621,0.904567,0.047678,22,802
treadmill,1.65 m/s,8.0,0.053118,0.051329,-0.144447,0.161229,-0.368533,0.411181,0.904567,0.047678,22,802
treadmill,1.65 m/s,9.0,0.074733,0.051859,-0.205355,0.175234,-0.525397,0.454804,0.904567,0.047678,22,802
treadmill,1.65 m/s,10.0,0.096918,0.052215,-0.263652,0.189827,-0.659004,0.479845,0.904567,0.047678,22,802
treadmill,1.65 m/s,11.0,0.11864,0.052429,-0.317678,0.204222,-0.755629,0.485589,0.904567,0.047678,22,802
treadmill,1.65 m/s,12.0,0.139317,0.052554,-0.36658,0.217389,-0.80926,0.471178,0.904567,0.047678,22,802
treadmill,1.65 m/s,13.0,0.158397,0.052541,-0.41018,0.228386,-0.819135,0.439043,0.904567,0.047678,22,802
treadmill,1.65 m/s,14.0,0.175584,0.052429,-0.448723,0.236616,-0.796881,0.393748,0.904567,0.047678,22,802
treadmill,1.65 m/s,15.0,0.190938,0.052163,-0.482615,0.241906,-0.750877,0.338751,0.904567,0.047678,22,802
treadmill,1.65 m/s,16.0,0.204418,0.051729,-0.51228,0.244474,-0.687163,0.280147,0.904567,0.047678,22,802
treadmill,1.65 m/s,17.0,0.21614,0.051134,-0.538091,0.244688,-0.613884,0.224834,0.904567,0.047678,22,802
treadmill,1.65 m/s,18.0,0.226215,0.050412,-0.560385,0.242932,-0.53827,0.180638,0.904567,0.047678,22,802
treadmill,1.65 m/s,19.0,0.23487,0.049588,-0.579538,0.239548,-0.46414,0.154912,0.904567,0.047678,22,802
treadmill,1.65 m/s,20.0,0.242211,0.048739,-0.596036,0.234791,-0.395251,0.15293,0.904567,0.047678,22,802
treadmill,1.65 m/s,21.0,0.248482,0.047948,-0.610439,0.22884,-0.334753,0.17126,0.904567,0.047678,22,802
treadmill,1.65 m/s,22.0,0.253798,0.047255,-0.623412,0.221833,-0.281754,0.197634,0.904567,0.047678,22,802
treadmill,1.65 m/s,23.0,0.258347,0.046703,-0.635689,0.213923,-0.240799,0.225848,0.904567,0.047678,22,802
treadmill,1.65 m/s,24.0,0.262314,0.046368,-0.648053,0.205354,-0.210532,0.252862,0.904567,0.047678,22,802
treadmill,1.65 m/s,25.0,0.265813,0.046291,-0.661343,0.196492,-0.19198,0.279285,0.904567,0.047678,22,802
treadmill,1.65 m/s,26.0,0.269056,0.046497,-0.676454,0.187825,-0.192732,0.297462,0.904567,0.047678,22,802
treadmill,1.65 m/s,27.0,0.272312,0.04694,-0.694314,0.17992,-0.202654,0.312253,0.904567,0.047678,22,802
treadmill,1.65 m/s,28.0,0.275503,0.047764,-0.715864,0.17335,-0.222673,0.328111,0.904567,0.047678,22,802
treadmill,1.65 m/s,29.0,0.278908,0.048795,-0.742056,0.16861,-0.253102,0.340521,0.904567,0.047678,22,802
treadmill,1.65 m/s,30.0,0.282452,0.05007,-0.773762,0.166003,-0.28666,0.353084,0.904567,0.047678,22,802
treadmill,1.65 m/s,31.0,0.286239,0.051431,-0.811731,0.165573,-0.332533,0.365109,0.904567,0.047678,22,802
treadmill,1.65 m/s,32.0,0.290346,0.052933,-0.856508,0.167112,-0.386155,0.37588,0.904567,0.047678,22,802
treadmill,1.65 m/s,33.0,0.294763,0.054381,-0.908394,0.170185,-0.43526,0.389744,0.904567,0.047678,22,802
treadmill,1.65 m/s,34.0,0.299337,0.055834,-0.967379,0.174205,-0.483331,0.404811,0.904567,0.047678,22,802
treadmill,1.65 m/s,35.0,0.304101,0.057127,-1.033034,0.178546,-0.526307,0.418146,0.904567,0.047678,22,802
treadmill,1.65 m/s,36.0,0.308835,0.058229,-1.104567,0.18259,-0.555098,0.438785,0.904567,0.047678,22,802
treadmill,1.65 m/s,37.0,0.313488,0.059069,-1.180764,0.185814,-0.557713,0.471859,0.904567,0.047678,22,802
treadmill,1.65 m/s,38.0,0.317703,0.059805,-1.259966,0.187843,-0.51938,0.514801,0.904567,0.047678,22,802
treadmill,1.65 m/s,39.0,0.321291,0.060304,-1.340082,0.188492,-0.440529,0.568006,0.904567,0.047678,22,802
treadmill,1.65 m/s,40.0,0.324032,0.060564,-1.418574,0.187853,-0.302403,0.637822,0.904567,0.047678,22,802
treadmill,1.65 m/s,41.0,0.325541,0.060721,-1.492446,0.186383,-0.095112,0.721874,0.904567,0.047678,22,802
treadmill,1.65 m/s,42.0,0.325563,0.060732,-1.558283,0.185006,0.202036,0.822696,0.904567,0.047678,22,802
treadmill,1.65 m/s,43.0,0.323538,0.060723,-1.612331,0.185089,0.592423,0.910305,0.904567,0.047678,22,802
treadmill,1.65 m/s,44.0,0.319176,0.060669,-1.650635,0.18829,1.086043,1.018599,0.904567,0.047678,22,802
treadmill,1.65 m/s,45.0,0.311768,0.060928,-1.669127,0.195967,1.686463,1.12014,0.904567,0.047678,22,802
treadmill,1.65 m/s,46.0,0.300832,0.061638,-1.663981,0.208411,2.367526,1.173543,0.904567,0.047678,22,802
treadmill,1.65 m/s,47.0,0.285677,0.062825,-1.631822,0.224575,3.080711,1.234532,0.904567,0.047678,22,802
treadmill,1.65 m/s,48.0,0.265938,0.064602,-1.570335,0.242179,3.808525,1.260004,0.904567,0.047678,22,802
treadmill,1.65 m/s,49.0,0.240558,0.067527,-1.47826,0.258275,4.503195,1.183792,0.904567,0.047678,22,802
treadmill,1.65 m/s,50.0,0.208987,0.071265,-1.3567,0.269715,5.030555,1.081562,0.904567,0.047678,22,802
treadmill,1.65 m/s,51.0,0.171025,0.075603,-1.208009,0.273817,5.271565,1.023318,0.904567,0.047678,22,802
treadmill,1.65 m/s,52.0,0.127063,0.080235,-1.038349,0.268848,5.158937,1.060386,0.904567,0.047678,22,802
treadmill,1.65 m/s,53.0,0.077999,0.084425,-0.855791,0.254077,4.684857,1.157249,0.904567,0.047678,22,802
treadmill,1.65 m/s,54.0,0.025328,0.087787,-0.670744,0.230104,3.895278,1.221541,0.904567,0.047678,22,802
treadmill,1.65 m/s,55.0,-0.028389,0.089862,-0.494064,0.198824,2.915986,1.182485,0.904567,0.047678,22,802
treadmill,1.65 m/s,56.0,-0.080066,0.090497,-0.335388,0.163287,1.924282,1.01375,0.904567,0.047678,22,802
treadmill,1.65 m/s,57.0,-0.126427,0.089897,-0.201628,0.127121,1.082658,0.757515,0.904567,0.047678,22,802
treadmill,1.65 m/s,58.0,-0.16446,0.08848,-0.096028,0.09361,0.488463,0.48057,0.904567,0.047678,22,802
treadmill,1.65 m/s,59.0,-0.191872,0.086776,-0.018532,0.065064,0.158434,0.248337,0.904567,0.047678,22,802
treadmill,1.65 m/s,60.0,-0.20748,0.085167,0.033497,0.042828,0.04107,0.103433,0.904567,0.047678,22,802
treadmill,1.65 m/s,61.0,-0.211301,0.083819,0.064179,0.027483,0.052498,0.071264,0.904567,0.047678,22,802
treadmill,1.65 m/s,62.0,-0.204595,0.082631,0.078464,0.018919,0.113967,0.079233,0.904567,0.047678,22,802
treadmill,1.65 m/s,63.0,-0.189163,0.081414,0.081122,0.015866,0.171672,0.076312,0.904567,0.047678,22,802
treadmill,1.65 m/s,64.0,-0.167371,0.080149,0.076353,0.015428,0.20224,0.069808,0.904567,0.047678,22,802
treadmill,1.65 m/s,65.0,-0.141194,0.078767,0.067551,0.015316,0.203762,0.06522,0.904567,0.047678,22,802
treadmill,1.65 m/s,66.0,-0.112587,0.077376,0.057219,0.014801,0.184034,0.061313,0.904567,0.047678,22,802
treadmill,1.65 m/s,67.0,-0.083054,0.076033,0.04705,0.013919,0.154068,0.055902,0.904567,0.047678,22,802
treadmill,1.65 m/s,68.0,-0.053779,0.074775,0.038102,0.01298,0.122413,0.049361,0.904567,0.047678,22,802
treadmill,1.65 m/s,69.0,-0.025664,0.073621,0.030903,0.012325,0.0942,0.042948,0.904567,0.047678,22,802
treadmill,1.65 m/s,70.0,0.00055,0.072612,0.025606,0.012139,0.072068,0.037544,0.904567,0.047678,22,802
treadmill,1.65 m/s,71.0,0.024626,0.071631,0.022142,0.012394,0.056077,0.033144,0.904567,0.047678,22,802
treadmill,1.65 m/s,72.0,0.046133,0.070782,0.02032,0.012897,0.045143,0.029217,0.904567,0.047678,22,802
treadmill,1.65 m/s,73.0,0.065042,0.069949,0.019891,0.013405,0.038161,0.02564,0.904567,0.047678,22,802
treadmill,1.65 m/s,74.0,0.081417,0.069075,0.020567,0.013755,0.033415,0.02221,0.904567,0.047678,22,802
treadmill,1.65 m/s,75.0,0.09517,0.068146,0.022078,0.013946,0.02979,0.019203,0.904567,0.047678,22,802
treadmill,1.65 m/s,76.0,0.106498,0.067063,0.024178,0.014057,0.026544,0.017087,0.904567,0.047678,22,802
treadmill,1.65 m/s,77.0,0.115525,0.065742,0.026616,0.014166,0.022935,0.015853,0.904567,0.047678,22,802
treadmill,1.65 m/s,78.0,0.122386,0.064159,0.029141,0.014332,0.01895,0.015842,0.904567,0.047678,22,802
treadmill,1.65 m/s,79.0,0.127371,0.062211,0.031485,0.014531,0.014511,0.017055,0.904567,0.047678,22,802
treadmill,1.65 m/s,80.0,0.130624,0.059922,0.033385,0.01468,0.009584,0.01905,0.904567,0.047678,22,802
treadmill,1.65 m/s,81.0,0.132336,0.057327,0.034599,0.01471,0.004803,0.021551,0.904567,0.047678,22,802
treadmill,1.65 m/s,82.0,0.132767,0.054513,0.03492,0.014581,0.000398,0.023675,0.904567,0.047678,22,802
treadmill,1.65 m/s,83.0,0.132088,0.051671,0.034197,0.014302,-0.003293,0.024716,0.904567,0.047678,22,802
treadmill,1.65 m/s,84.0,0.130559,0.049011,0.032352,0.013898,-0.005995,0.02387,0.904567,0.047678,22,802
treadmill,1.65 m/s,85.0,0.128368,0.046774,0.029367,0.013392,-0.007337,0.021726,0.904567,0.047678,22,802
treadmill,1.65 m/s,86.0,0.125784,0.045177,0.025319,0.012833,-0.007161,0.018026,0.904567,0.047678,22,802
treadmill,1.65 m/s,87.0,0.123158,0.0442,0.020384,0.012274,-0.005902,0.013279,0.904567,0.047678,22,802
treadmill,1.65 m/s,88.0,0.12063,0.043875,0.014843,0.011744,-0.003986,0.008541,0.904567,0.047678,22,802
treadmill,1.65 m/s,89.0,0.11855,0.043915,0.009105,0.011254,-0.002141,0.004622,0.904567,0.047678,22,802
treadmill,1.65 m/s,90.0,0.116993,0.044272,0.00374,0.010843,-0.000876,0.002563,0.904567,0.047678,22,802
treadmill,1.65 m/s,91.0,0.116144,0.044679,-0.00053,0.010551,-0.000429,0.002063,0.904567,0.047678,22,802
treadmill,1.65 m/s,92.0,0.115711,0.045073,-0.002834,0.010451,-0.000485,0.002011,0.904567,0.047678,22,802
treadmill,1.65 m/s,93.0,0.115282,0.045477,-0.002182,0.010526,-0.000585,0.002175,0.904567,0.047678,22,802
treadmill,1.65 m/s,94.0,0.1141,0.045834,0.00237,0.010601,-0.001246,0.002705,0.904567,0.047678,22,802
treadmill,1.65 m/s,95.0,0.111321,0.046332,0.011582,0.010547,-0.005717,0.005559,0.904567,0.047678,22,802
treadmill,1.65 m/s,96.0,0.105942,0.046755,0.025846,0.011075,-0.020643,0.010769,0.904567,0.047678,22,802
treadmill,1.65 m/s,97.0,0.096882,0.047315,0.04498,0.014338,-0.055853,0.021495,0.904567,0.047678,22,802
treadmill,1.65 m/s,98.0,0.083335,0.047893,0.067784,0.022099,-0.118261,0.045518,0.904567,0.047678,22,802
treadmill,1.65 m/s,99.0,0.065399,0.048417,0.091652,0.033935,-0.19637,0.0837,0.904567,0.047678,22,802
treadmill,1.65 m/s,100.0,0.045045,0.048967,0.112253,0.04862,-0.257897,0.125005,0.904567,0.047678,22,802
treadmill,1.70 m/s,0.0,0.047918,0.049908,0.101554,0.077357,-0.26156,0.131118,0.89173,0.044749,22,816
treadmill,1.70 m/s,1.0,0.030078,0.049963,0.108331,0.104461,-0.27734,0.175208,0.89173,0.044749,22,816
treadmill,1.70 m/s,2.0,0.016279,0.051071,0.101338,0.132029,-0.236539,0.246613,0.89173,0.044749,22,816
treadmill,1.70 m/s,3.0,0.008538,0.052957,0.079486,0.158708,-0.171165,0.346098,0.89173,0.044749,22,816
treadmill,1.70 m/s,4.0,0.007783,0.055175,0.04339,0.183601,-0.124877,0.453933,0.89173,0.044749,22,816
treadmill,1.70 m/s,5.0,0.014019,0.057312,-0.004761,0.206362,-0.132977,0.549825,0.89173,0.044749,22,816
treadmill,1.70 m/s,6.0,0.026248,0.059099,-0.0618,0.227103,-0.208217,0.624918,0.89173,0.044749,22,816
treadmill,1.70 m/s,7.0,0.043007,0.06038,-0.124303,0.245942,-0.337072,0.674736,0.89173,0.044749,22,816
treadmill,1.70 m/s,8.0,0.063021,0.061082,-0.188702,0.262929,-0.493536,0.697994,0.89173,0.044749,22,816
treadmill,1.70 m/s,9.0,0.084728,0.061313,-0.251621,0.278083,-0.647448,0.700575,0.89173,0.044749,22,816
treadmill,1.70 m/s,10.0,0.107003,0.061188,-0.310416,0.291142,-0.774354,0.684463,0.89173,0.044749,22,816
treadmill,1.70 m/s,11.0,0.128774,0.060881,-0.36332,0.301555,-0.858983,0.648075,0.89173,0.044749,22,816
treadmill,1.70 m/s,12.0,0.149495,0.06042,-0.409626,0.30892,-0.895687,0.592996,0.89173,0.044749,22,816
treadmill,1.70 m/s,13.0,0.168567,0.059871,-0.449541,0.313153,-0.888138,0.525756,0.89173,0.044749,22,816
treadmill,1.70 m/s,14.0,0.18578,0.059271,-0.483784,0.31437,-0.850473,0.44934,0.89173,0.044749,22,816
treadmill,1.70 m/s,15.0,0.201149,0.058518,-0.513188,0.312872,-0.788987,0.368831,0.89173,0.044749,22,816
treadmill,1.70 m/s,16.0,0.214628,0.057656,-0.538514,0.308976,-0.711403,0.291357,0.89173,0.044749,22,816
treadmill,1.70 m/s,17.0,0.226316,0.05665,-0.56033,0.303024,-0.62633,0.224932,0.89173,0.044749,22,816
treadmill,1.70 m/s,18.0,0.236344,0.055521,-0.579022,0.295295,-0.538943,0.18507,0.89173,0.044749,22,816
treadmill,1.70 m/s,19.0,0.244879,0.054269,-0.594948,0.28601,-0.454432,0.184441,0.89173,0.044749,22,816
treadmill,1.70 m/s,20.0,0.252084,0.052933,-0.608489,0.275345,-0.376663,0.2157,0.89173,0.044749,22,816
treadmill,1.70 m/s,21.0,0.258146,0.051606,-0.620095,0.263436,-0.307757,0.25987,0.89173,0.044749,22,816
treadmill,1.70 m/s,22.0,0.26322,0.050319,-0.63033,0.250472,-0.249327,0.300854,0.89173,0.044749,22,816
treadmill,1.70 m/s,23.0,0.267481,0.049161,-0.639847,0.236742,-0.202412,0.337964,0.89173,0.044749,22,816
treadmill,1.70 m/s,24.0,0.271069,0.048227,-0.649405,0.222709,-0.168032,0.365376,0.89173,0.044749,22,816
treadmill,1.70 m/s,25.0,0.274201,0.047538,-0.659877,0.209043,-0.149893,0.388578,0.89173,0.044749,22,816
treadmill,1.70 m/s,26.0,0.277057,0.047212,-0.672283,0.196577,-0.146982,0.407775,0.89173,0.044749,22,816
treadmill,1.70 m/s,27.0,0.279795,0.047263,-0.687714,0.186146,-0.156885,0.420338,0.89173,0.044749,22,816
treadmill,1.70 m/s,28.0,0.282561,0.047753,-0.7073,0.178382,-0.177674,0.43141,0.89173,0.044749,22,816
treadmill,1.70 m/s,29.0,0.285438,0.048605,-0.732151,0.17354,-0.203592,0.438308,0.89173,0.044749,22,816
treadmill,1.70 m/s,30.0,0.288432,0.049793,-0.763215,0.171506,-0.239898,0.442695,0.89173,0.044749,22,816
treadmill,1.70 m/s,31.0,0.291749,0.051148,-0.801243,0.171872,-0.285027,0.444647,0.89173,0.044749,22,816
treadmill,1.70 m/s,32.0,0.295317,0.052619,-0.846704,0.174033,-0.328933,0.448011,0.89173,0.044749,22,816
treadmill,1.70 m/s,33.0,0.299107,0.054126,-0.899765,0.177389,-0.371397,0.45329,0.89173,0.044749,22,816
treadmill,1.70 m/s,34.0,0.303069,0.055576,-0.960285,0.181345,-0.415568,0.453283,0.89173,0.044749,22,816
treadmill,1.70 m/s,35.0,0.307213,0.056804,-1.027728,0.185361,-0.451268,0.459834,0.89173,0.044749,22,816
treadmill,1.70 m/s,36.0,0.311311,0.057877,-1.10122,0.188964,-0.466967,0.483426,0.89173,0.044749,22,816
treadmill,1.70 m/s,37.0,0.315218,0.058802,-1.179462,0.191709,-0.459708,0.516463,0.89173,0.044749,22,816
treadmill,1.70 m/s,38.0,0.318729,0.059503,-1.260722,0.193302,-0.418751,0.570871,0.89173,0.044749,22,816
treadmill,1.70 m/s,39.0,0.32163,0.060115,-1.342793,0.193649,-0.327494,0.650053,0.89173,0.044749,22,816
treadmill,1.70 m/s,40.0,0.323583,0.060634,-1.422983,0.192952,-0.175625,0.743122,0.89173,0.044749,22,816
treadmill,1.70 m/s,41.0,0.324326,0.061122,-1.498097,0.191774,0.056852,0.843909,0.89173,0.044749,22,816
treadmill,1.70 m/s,42.0,0.323356,0.061703,-1.564505,0.191088,0.378784,0.959141,0.89173,0.044749,22,816
treadmill,1.70 m/s,43.0,0.320389,0.062372,-1.618273,0.19216,0.799431,1.073822,0.89173,0.044749,22,816
treadmill,1.70 m/s,44.0,0.314808,0.06326,-1.655182,0.19632,1.328252,1.162,0.89173,0.044749,22,816
treadmill,1.70 m/s,45.0,0.30616,0.064397,-1.671128,0.204485,1.95537,1.240279,0.89173,0.044749,22,816
treadmill,1.70 m/s,46.0,0.293764,0.066041,-1.662241,0.216662,2.64877,1.297263,0.89173,0.044749,22,816
treadmill,1.70 m/s,47.0,0.277209,0.068143,-1.625405,0.231776,3.367857,1.328487,0.89173,0.044749,22,816
treadmill,1.70 m/s,48.0,0.255831,0.071006,-1.558499,0.247751,4.106954,1.274619,0.89173,0.044749,22,816
treadmill,1.70 m/s,49.0,0.228677,0.07436,-1.46088,0.262103,4.760698,1.151186,0.89173,0.044749,22,816
treadmill,1.70 m/s,50.0,0.195577,0.078169,-1.334271,0.272118,5.216684,1.036226,0.89173,0.044749,22,816
treadmill,1.70 m/s,51.0,0.156229,0.082302,-1.181604,0.275333,5.387198,1.008733,0.89173,0.044749,22,816
treadmill,1.70 m/s,52.0,0.111176,0.086052,-1.00966,0.270037,5.195035,1.105088,0.89173,0.044749,22,816
treadmill,1.70 m/s,53.0,0.061418,0.089327,-0.826731,0.255271,4.642,1.238048,0.89173,0.044749,22,816
treadmill,1.70 m/s,54.0,0.008678,0.091689,-0.643163,0.231448,3.792624,1.298241,0.89173,0.044749,22,816
treadmill,1.70 m/s,55.0,-0.044403,0.092921,-0.469487,0.20045,2.788144,1.226727,0.89173,0.044749,22,816
treadmill,1.70 m/s,56.0,-0.094842,0.09293,-0.314819,0.165268,1.80139,1.022374,0.89173,0.044749,22,816
treadmill,1.70 m/s,57.0,-0.139297,0.092026,-0.185436,0.129542,0.985031,0.736355,0.89173,0.044749,22,816
treadmill,1.70 m/s,58.0,-0.174951,0.090521,-0.084198,0.096371,0.428404,0.447461,0.89173,0.044749,22,816
treadmill,1.70 m/s,59.0,-0.199795,0.088751,-0.01062,0.068059,0.13312,0.216095,0.89173,0.044749,22,816
treadmill,1.70 m/s,60.0,-0.212891,0.086881,0.03813,0.045747,0.039255,0.084248,0.89173,0.044749,22,816
treadmill,1.70 m/s,61.0,-0.214507,0.085026,0.066396,0.030136,0.06163,0.069142,0.89173,0.044749,22,816
treadmill,1.70 m/s,62.0,-0.20601,0.083096,0.079253,0.021396,0.124839,0.071123,0.89173,0.044749,22,816
treadmill,1.70 m/s,63.0,-0.189237,0.081004,0.081348,0.018572,0.181048,0.058996,0.89173,0.044749,22,816
treadmill,1.70 m/s,64.0,-0.166356,0.078788,0.076663,0.018766,0.209707,0.050776,0.89173,0.044749,22,816
treadmill,1.70 m/s,65.0,-0.139422,0.076489,0.068333,0.019443,0.210532,0.054118,0.89173,0.044749,22,816
treadmill,1.70 m/s,66.0,-0.11014,0.07423,0.058604,0.019618,0.191521,0.059695,0.89173,0.044749,22,816
treadmill,1.70 m/s,67.0,-0.080012,0.072136,0.048962,0.019102,0.162658,0.061343,0.89173,0.044749,22,816
treadmill,1.70 m/s,68.0,-0.050104,0.070263,0.040333,0.018007,0.131435,0.057685,0.89173,0.044749,22,816
treadmill,1.70 m/s,69.0,-0.021389,0.068726,0.033195,0.016543,0.102911,0.050981,0.89173,0.044749,22,816
treadmill,1.70 m/s,70.0,0.005517,0.067562,0.027735,0.014922,0.079764,0.042862,0.89173,0.044749,22,816
treadmill,1.70 m/s,71.0,0.030167,0.066719,0.023966,0.013402,0.062122,0.034483,0.89173,0.044749,22,816
treadmill,1.70 m/s,72.0,0.052195,0.066202,0.021797,0.012287,0.0496,0.027394,0.89173,0.044749,22,816
treadmill,1.70 m/s,73.0,0.071521,0.065883,0.021058,0.011773,0.040971,0.021798,0.89173,0.044749,22,816
treadmill,1.70 m/s,74.0,0.087997,0.065719,0.021521,0.011896,0.035182,0.018472,0.89173,0.044749,22,816
treadmill,1.70 m/s,75.0,0.101838,0.065469,0.02294,0.012596,0.030924,0.016913,0.89173,0.044749,22,816
treadmill,1.70 m/s,76.0,0.113037,0.065109,0.025041,0.013754,0.027065,0.016155,0.89173,0.044749,22,816
treadmill,1.70 m/s,77.0,0.121837,0.064538,0.027507,0.015203,0.023172,0.016317,0.89173,0.044749,22,816
treadmill,1.70 m/s,78.0,0.128422,0.06371,0.030014,0.016739,0.019,0.017602,0.89173,0.044749,22,816
treadmill,1.70 m/s,79.0,0.133046,0.062522,0.032254,0.018151,0.014624,0.01997,0.89173,0.044749,22,816
treadmill,1.70 m/s,80.0,0.13592,0.060977,0.033942,0.019272,0.010313,0.023454,0.89173,0.044749,22,816
treadmill,1.70 m/s,81.0,0.137314,0.059035,0.03485,0.020081,0.00609,0.026837,0.89173,0.044749,22,816
treadmill,1.70 m/s,82.0,0.137335,0.056872,0.034821,0.020684,0.002373,0.029331,0.89173,0.044749,22,816
treadmill,1.70 m/s,83.0,0.136327,0.054547,0.033754,0.021228,-0.000109,0.031576,0.89173,0.044749,22,816
treadmill,1.70 m/s,84.0,0.134494,0.052302,0.031608,0.021835,-0.00206,0.030433,0.89173,0.044749,22,816
treadmill,1.70 m/s,85.0,0.132037,0.050303,0.028408,0.022562,-0.003107,0.026975,0.89173,0.044749,22,816
treadmill,1.70 m/s,86.0,0.129237,0.048742,0.02424,0.023369,-0.003352,0.021687,0.89173,0.044749,22,816
treadmill,1.70 m/s,87.0,0.126296,0.047613,0.019271,0.02413,-0.002908,0.015607,0.89173,0.044749,22,816
treadmill,1.70 m/s,88.0,0.123524,0.046969,0.013759,0.024664,-0.002015,0.010438,0.89173,0.044749,22,816
treadmill,1.70 m/s,89.0,0.121113,0.046765,0.008105,0.024797,-0.001457,0.006905,0.89173,0.044749,22,816
treadmill,1.70 m/s,90.0,0.119169,0.046946,0.002863,0.024476,-0.001321,0.006457,0.89173,0.044749,22,816
treadmill,1.70 m/s,91.0,0.117828,0.047519,-0.001253,0.023846,-0.001596,0.007389,0.89173,0.044749,22,816
treadmill,1.70 m/s,92.0,0.116805,0.048404,-0.003403,0.023177,-0.002022,0.008419,0.89173,0.044749,22,816
treadmill,1.70 m/s,93.0,0.115697,0.049565,-0.002688,0.022503,-0.002019,0.009703,0.89173,0.044749,22,816
treadmill,1.70 m/s,94.0,0.113903,0.050836,0.00181,0.021467,-0.002098,0.010929,0.89173,0.044749,22,816
treadmill,1.70 m/s,95.0,0.110706,0.052078,0.01074,0.019728,-0.005402,0.012072,0.89173,0.044749,22,816
treadmill,1.70 m/s,96.0,0.105158,0.052896,0.024353,0.018429,-0.018306,0.015546,0.89173,0.044749,22,816
treadmill,1.70 m/s,97.0,0.096392,0.053088,0.042278,0.021865,-0.052033,0.029391,0.89173,0.044749,22,816
treadmill,1.70 m/s,98.0,0.08343,0.052258,0.063161,0.033777,-0.113682,0.054522,0.89173,0.044749,22,816
treadmill,1.70 m/s,99.0,0.066733,0.050925,0.084305,0.052994,-0.193113,0.087866,0.89173,0.044749,22,816
treadmill,1.70 m/s,100.0,0.048015,0.049858,0.101476,0.077246,-0.259932,0.125748,0.89173,0.044749,22,816
treadmill,1.75 m/s,0.0,0.047887,0.047823,0.110298,0.073847,-0.274629,0.150546,0.878867,0.047013,22,831
treadmill,1.75 m/s,1.0,0.029986,0.047653,0.116987,0.097184,-0.284234,0.176932,0.878867,0.047013,22,831
treadmill,1.75 m/s,2.0,0.016151,0.048728,0.108864,0.120707,-0.229603,0.204836,0.878867,0.047013,22,831
treadmill,1.75 m/s,3.0,0.008539,0.050921,0.084957,0.143255,-0.152061,0.263414,0.878867,0.047013,22,831
treadmill,1.75 m/s,4.0,0.007914,0.053554,0.046114,0.164396,-0.102267,0.348127,0.878867,0.047013,22,831
treadmill,1.75 m/s,5.0,0.014259,0.056037,-0.004934,0.18408,-0.114801,0.440639,0.878867,0.047013,22,831
treadmill,1.75 m/s,6.0,0.026608,0.05807,-0.064709,0.20246,-0.199881,0.522996,0.878867,0.047013,22,831
treadmill,1.75 m/s,7.0,0.043655,0.059412,-0.129406,0.219537,-0.342975,0.585286,0.878867,0.047013,22,831
treadmill,1.75 m/s,8.0,0.063726,0.060068,-0.195264,0.235218,-0.514215,0.62734,0.878867,0.047013,22,831
treadmill,1.75 m/s,9.0,0.085697,0.060161,-0.258838,0.249127,-0.680269,0.644667,0.878867,0.047013,22,831
treadmill,1.75 m/s,10.0,0.108162,0.059822,-0.317393,0.260783,-0.813698,0.639251,0.878867,0.047013,22,831
treadmill,1.75 m/s,11.0,0.130248,0.059271,-0.369391,0.269996,-0.900794,0.612844,0.878867,0.047013,22,831
treadmill,1.75 m/s,12.0,0.151204,0.058623,-0.414341,0.276685,-0.93668,0.565684,0.878867,0.047013,22,831
treadmill,1.75 m/s,13.0,0.170567,0.0579,-0.452683,0.280941,-0.927904,0.504325,0.878867,0.047013,22,831
treadmill,1.75 m/s,14.0,0.188092,0.057169,-0.485388,0.282993,-0.884506,0.434306,0.878867,0.047013,22,831
treadmill,1.75 m/s,15.0,0.203684,0.056331,-0.513494,0.283012,-0.817089,0.36048,0.878867,0.047013,22,831
treadmill,1.75 m/s,16.0,0.217348,0.055427,-0.537845,0.281142,-0.734887,0.289507,0.878867,0.047013,22,831
treadmill,1.75 m/s,17.0,0.229181,0.054435,-0.558984,0.277501,-0.6448,0.229185,0.878867,0.047013,22,831
treadmill,1.75 m/s,18.0,0.239285,0.053393,-0.577189,0.272174,-0.552387,0.191173,0.878867,0.047013,22,831
treadmill,1.75 m/s,19.0,0.247831,0.052275,-0.592635,0.265172,-0.463525,0.18551,0.878867,0.047013,22,831
treadmill,1.75 m/s,20.0,0.254991,0.051201,-0.605532,0.256488,-0.381815,0.207753,0.878867,0.047013,22,831
treadmill,1.75 m/s,21.0,0.26096,0.050194,-0.616175,0.246166,-0.308667,0.241863,0.878867,0.047013,22,831
treadmill,1.75 m/s,22.0,0.265892,0.049308,-0.625116,0.234507,-0.245895,0.27631,0.878867,0.047013,22,831
treadmill,1.75 m/s,23.0,0.269967,0.048568,-0.633117,0.22212,-0.19599,0.311679,0.878867,0.047013,22,831
treadmill,1.75 m/s,24.0,0.273374,0.048063,-0.641179,0.209915,-0.161808,0.34127,0.878867,0.047013,22,831
treadmill,1.75 m/s,25.0,0.276344,0.04783,-0.650506,0.198824,-0.143486,0.364686,0.878867,0.047013,22,831
treadmill,1.75 m/s,26.0,0.279057,0.047899,-0.662404,0.189486,-0.137735,0.383585,0.878867,0.047013,22,831
treadmill,1.75 m/s,27.0,0.281612,0.048296,-0.67815,0.18209,-0.145734,0.398488,0.878867,0.047013,22,831
treadmill,1.75 m/s,28.0,0.284226,0.049093,-0.698909,0.17655,-0.163193,0.409586,0.878867,0.047013,22,831
treadmill,1.75 m/s,29.0,0.286893,0.050141,-0.725616,0.172808,-0.185291,0.417151,0.878867,0.047013,22,831
treadmill,1.75 m/s,30.0,0.289671,0.051487,-0.758954,0.17084,-0.211697,0.422903,0.878867,0.047013,22,831
treadmill,1.75 m/s,31.0,0.292561,0.053015,-0.799412,0.170604,-0.243143,0.426034,0.878867,0.047013,22,831
treadmill,1.75 m/s,32.0,0.295644,0.054554,-0.847248,0.171905,-0.281236,0.425958,0.878867,0.047013,22,831
treadmill,1.75 m/s,33.0,0.298921,0.056083,-0.90253,0.174389,-0.314959,0.429388,0.878867,0.047013,22,831
treadmill,1.75 m/s,34.0,0.302242,0.057589,-0.965081,0.177533,-0.341703,0.437951,0.878867,0.047013,22,831
treadmill,1.75 m/s,35.0,0.305593,0.058893,-1.034375,0.180847,-0.359045,0.450597,0.878867,0.047013,22,831
treadmill,1.75 m/s,36.0,0.308797,0.060041,-1.109545,0.183881,-0.357553,0.47903,0.878867,0.047013,22,831
treadmill,1.75 m/s,37.0,0.311723,0.061048,-1.189255,0.186318,-0.325702,0.522304,0.878867,0.047013,22,831
treadmill,1.75 m/s,38.0,0.314104,0.06188,-1.271658,0.187927,-0.259057,0.581278,0.878867,0.047013,22,831
treadmill,1.75 m/s,39.0,0.315812,0.062574,-1.354433,0.188751,-0.149468,0.650439,0.878867,0.047013,22,831
treadmill,1.75 m/s,40.0,0.316547,0.063166,-1.434748,0.189117,0.030331,0.735953,0.878867,0.047013,22,831
treadmill,1.75 m/s,41.0,0.315925,0.063738,-1.5093,0.189662,0.2858,0.835311,0.878867,0.047013,22,831
treadmill,1.75 m/s,42.0,0.313649,0.064284,-1.574399,0.19137,0.631906,0.933883,0.878867,0.047013,22,831
treadmill,1.75 m/s,43.0,0.309196,0.064851,-1.62602,0.195381,1.078187,1.031113,0.878867,0.047013,22,831
treadmill,1.75 m/s,44.0,0.302176,0.065511,-1.659884,0.202721,1.631413,1.120216,0.878867,0.047013,22,831
treadmill,1.75 m/s,45.0,0.291897,0.066438,-1.671892,0.21375,2.282041,1.188015,0.878867,0.047013,22,831
treadmill,1.75 m/s,46.0,0.277886,0.067714,-1.658322,0.228019,2.989056,1.248272,0.878867,0.047013,22,831
treadmill,1.75 m/s,47.0,0.259566,0.06953,-1.61609,0.244116,3.730939,1.26315,0.878867,0.047013,22,831
treadmill,1.75 m/s,48.0,0.236218,0.071823,-1.543457,0.259914,4.466648,1.221495,0.878867,0.047013,22,831
treadmill,1.75 m/s,49.0,0.207104,0.074801,-1.440085,0.272848,5.076849,1.144319,0.878867,0.047013,22,831
treadmill,1.75 m/s,50.0,0.172129,0.078221,-1.308208,0.280678,5.468724,1.080356,0.878867,0.047013,22,831
treadmill,1.75 m/s,51.0,0.131068,0.081819,-1.151376,0.281168,5.536042,1.104734,0.878867,0.047013,22,831
treadmill,1.75 m/s,52.0,0.084826,0.085298,-0.976844,0.273108,5.232821,1.211951,0.878867,0.047013,22,831
treadmill,1.75 m/s,53.0,0.034336,0.088223,-0.793337,0.25584,4.585596,1.329974,0.878867,0.047013,22,831
treadmill,1.75 m/s,54.0,-0.018386,0.090309,-0.611345,0.230262,3.661343,1.361619,0.878867,0.047013,22,831
treadmill,1.75 m/s,55.0,-0.070545,0.091296,-0.441114,0.198355,2.62519,1.260525,0.878867,0.047013,22,831
treadmill,1.75 m/s,56.0,-0.119262,0.091285,-0.290975,0.163193,1.64836,1.036784,0.878867,0.047013,22,831
treadmill,1.75 m/s,57.0,-0.161285,0.09056,-0.166431,0.128133,0.869761,0.738977,0.878867,0.047013,22,831
treadmill,1.75 m/s,58.0,-0.193976,0.089424,-0.069656,0.095993,0.360327,0.441729,0.878867,0.047013,22,831
treadmill,1.75 m/s,59.0,-0.21562,0.088243,0.000273,0.068759,0.106866,0.205811,0.878867,0.047013,22,831
treadmill,1.75 m/s,60.0,-0.225578,0.087207,0.046344,0.047746,0.042344,0.080125,0.878867,0.047013,22,831
treadmill,1.75 m/s,61.0,-0.224261,0.086297,0.072765,0.033799,0.081427,0.080449,0.878867,0.047013,22,831
treadmill,1.75 m/s,62.0,-0.213192,0.085432,0.084482,0.026775,0.151503,0.085381,0.878867,0.047013,22,831
treadmill,1.75 m/s,63.0,-0.194245,0.084445,0.085942,0.024915,0.208878,0.075084,0.878867,0.047013,22,831
treadmill,1.75 m/s,64.0,-0.169588,0.083333,0.080961,0.025336,0.236393,0.070051,0.878867,0.047013,22,831
treadmill,1.75 m/s,65.0,-0.141186,0.08214,0.072531,0.026153,0.235424,0.075201,0.878867,0.047013,22,831
treadmill,1.75 m/s,66.0,-0.110715,0.080929,0.062807,0.026688,0.214387,0.082246,0.878867,0.047013,22,831
treadmill,1.75 m/s,67.0,-0.079575,0.079698,0.053215,0.026805,0.183165,0.08571,0.878867,0.047013,22,831
treadmill,1.75 m/s,68.0,-0.04892,0.078554,0.044618,0.026489,0.149753,0.08415,0.878867,0.047013,22,831
treadmill,1.75 m/s,69.0,-0.019574,0.07746,0.037451,0.025748,0.119145,0.07876,0.878867,0.047013,22,831
treadmill,1.75 m/s,70.0,0.007799,0.076452,0.031875,0.024578,0.093685,0.070554,0.878867,0.047013,22,831
treadmill,1.75 m/s,71.0,0.032751,0.075526,0.027895,0.023059,0.073638,0.060275,0.878867,0.047013,22,831
treadmill,1.75 m/s,72.0,0.05493,0.074666,0.025437,0.021431,0.058748,0.049758,0.878867,0.047013,22,831
treadmill,1.75 m/s,73.0,0.074198,0.07382,0.024344,0.019902,0.048109,0.039938,0.878867,0.047013,22,831
treadmill,1.75 m/s,74.0,0.090615,0.072942,0.024401,0.018654,0.04051,0.032162,0.878867,0.047013,22,831
treadmill,1.75 m/s,75.0,0.104255,0.071921,0.02538,0.01791,0.034853,0.027477,0.878867,0.047013,22,831
treadmill,1.75 m/s,76.0,0.115309,0.070725,0.027029,0.017769,0.029759,0.024405,0.878867,0.047013,22,831
treadmill,1.75 m/s,77.0,0.123852,0.069352,0.029059,0.018174,0.024824,0.023036,0.878867,0.047013,22,831
treadmill,1.75 m/s,78.0,0.130186,0.06771,0.031174,0.018966,0.020125,0.023761,0.878867,0.047013,22,831
treadmill,1.75 m/s,79.0,0.134548,0.065772,0.033084,0.01995,0.015423,0.02545,0.878867,0.047013,22,831
treadmill,1.75 m/s,80.0,0.137169,0.063517,0.034524,0.020975,0.011102,0.028317,0.878867,0.047013,22,831
treadmill,1.75 m/s,81.0,0.138326,0.060914,0.035272,0.022007,0.007231,0.03155,0.878867,0.047013,22,831
treadmill,1.75 m/s,82.0,0.138192,0.058119,0.035147,0.02309,0.003931,0.034142,0.878867,0.047013,22,831
treadmill,1.75 m/s,83.0,0.137029,0.05523,0.03401,0.024228,0.001413,0.035053,0.878867,0.047013,22,831
treadmill,1.75 m/s,84.0,0.135061,0.052491,0.031765,0.025376,-2.7e-05,0.034132,0.878867,0.047013,22,831
treadmill,1.75 m/s,85.0,0.132632,0.050067,0.028385,0.026413,-0.000666,0.03075,0.878867,0.047013,22,831
treadmill,1.75 m/s,86.0,0.129903,0.048177,0.023948,0.02719,-0.000809,0.024972,0.878867,0.047013,22,831
treadmill,1.75 m/s,87.0,0.127172,0.046877,0.018656,0.027613,-0.000371,0.019148,0.878867,0.047013,22,831
treadmill,1.75 m/s,88.0,0.12469,0.046181,0.012835,0.027613,-0.000217,0.012774,0.878867,0.047013,22,831
treadmill,1.75 m/s,89.0,0.122622,0.045994,0.006942,0.027161,-0.00023,0.008492,0.878867,0.047013,22,831
treadmill,1.75 m/s,90.0,0.121079,0.046337,0.001572,0.026362,-0.000886,0.006392,0.878867,0.047013,22,831
treadmill,1.75 m/s,91.0,0.120091,0.046847,-0.002542,0.025555,-0.001842,0.006173,0.878867,0.047013,22,831
treadmill,1.75 m/s,92.0,0.11939,0.047641,-0.00452,0.025188,-0.002124,0.006472,0.878867,0.047013,22,831
treadmill,1.75 m/s,93.0,0.11848,0.048625,-0.003422,0.025352,-0.001924,0.007487,0.878867,0.047013,22,831
treadmill,1.75 m/s,94.0,0.116726,0.049724,0.001702,0.025623,-0.002113,0.010532,0.878867,0.047013,22,831
treadmill,1.75 m/s,95.0,0.113334,0.050733,0.011615,0.02554,-0.006344,0.016098,0.878867,0.047013,22,831
treadmill,1.75 m/s,96.0,0.107417,0.051318,0.026608,0.025658,-0.022105,0.024788,0.878867,0.047013,22,831
treadmill,1.75 m/s,97.0,0.098045,0.051282,0.046251,0.028459,-0.060501,0.040206,0.878867,0.047013,22,831
treadmill,1.75 m/s,98.0,0.084554,0.050581,0.068962,0.037366,-0.128508,0.06912,0.878867,0.047013,22,831
treadmill,1.75 m/s,99.0,0.067282,0.049202,0.091725,0.053016,-0.213358,0.109731,0.878867,0.047013,22,831
treadmill,1.75 m/s,100.0,0.048083,0.04808,0.109986,0.073611,-0.281287,0.148775,0.878867,0.047013,22,831
treadmill,1.80 m/s,0.0,0.04335,0.047053,0.109965,0.070891,-0.270422,0.163063,0.868996,0.042927,22,837
treadmill,1.80 m/s,1.0,0.025214,0.046996,0.11624,0.091044,-0.274321,0.18309,0.868996,0.042927,22,837
treadmill,1.80 m/s,2.0,0.011128,0.047617,0.108201,0.110983,-0.213587,0.176685,0.868996,0.042927,22,837
treadmill,1.80 m/s,3.0,0.003364,0.0488,0.084959,0.129753,-0.130984,0.180823,0.868996,0.042927,22,837
treadmill,1.80 m/s,4.0,0.002759,0.050348,0.04734,0.147069,-0.078397,0.232118,0.868996,0.042927,22,837
treadmill,1.80 m/s,5.0,0.009293,0.051836,-0.002006,0.163195,-0.091884,0.316285,0.868996,0.042927,22,837
treadmill,1.80 m/s,6.0,0.021784,0.053036,-0.059657,0.17846,-0.179006,0.404368,0.868996,0.042927,22,837
treadmill,1.80 m/s,7.0,0.038964,0.053883,-0.122097,0.193259,-0.323906,0.481113,0.868996,0.042927,22,837
treadmill,1.80 m/s,8.0,0.059336,0.05434,-0.185898,0.207865,-0.496487,0.538992,0.868996,0.042927,22,837
treadmill,1.80 m/s,9.0,0.081451,0.054449,-0.247892,0.222175,-0.663631,0.574125,0.868996,0.042927,22,837
treadmill,1.80 m/s,10.0,0.104139,0.054312,-0.305529,0.235891,-0.799709,0.587147,0.868996,0.042927,22,837
treadmill,1.80 m/s,11.0,0.126391,0.054005,-0.357155,0.24849,-0.889757,0.57712,0.868996,0.042927,22,837
treadmill,1.80 m/s,12.0,0.147545,0.053627,-0.402013,0.259332,-0.928732,0.544041,0.868996,0.042927,22,837
treadmill,1.80 m/s,13.0,0.167084,0.05316,-0.440276,0.267715,-0.92218,0.495365,0.868996,0.042927,22,837
treadmill,1.80 m/s,14.0,0.184758,0.052625,-0.472678,0.273206,-0.879026,0.434391,0.868996,0.042927,22,837
treadmill,1.80 m/s,15.0,0.200433,0.051964,-0.500182,0.275746,-0.80997,0.364739,0.868996,0.042927,22,837
treadmill,1.80 m/s,16.0,0.214151,0.051208,-0.523651,0.27552,-0.726103,0.293371,0.868996,0.042927,22,837
treadmill,1.80 m/s,17.0,0.225982,0.050284,-0.543722,0.272848,-0.633134,0.228475,0.868996,0.042927,22,837
treadmill,1.80 m/s,18.0,0.236039,0.049291,-0.560744,0.268051,-0.537199,0.180946,0.868996,0.042927,22,837
treadmill,1.80 m/s,19.0,0.244457,0.048268,-0.574944,0.261341,-0.445678,0.163156,0.868996,0.042927,22,837
treadmill,1.80 m/s,20.0,0.251454,0.047269,-0.586607,0.252877,-0.361262,0.177261,0.868996,0.042927,22,837
treadmill,1.80 m/s,21.0,0.257185,0.046356,-0.596132,0.242854,-0.286354,0.210398,0.868996,0.042927,22,837
treadmill,1.80 m/s,22.0,0.261859,0.045605,-0.604196,0.231671,-0.222205,0.247296,0.868996,0.042927,22,837
treadmill,1.80 m/s,23.0,0.265621,0.045042,-0.611751,0.219936,-0.171662,0.282617,0.868996,0.042927,22,837
treadmill,1.80 m/s,24.0,0.268719,0.044755,-0.619929,0.208313,-0.134219,0.314389,0.868996,0.042927,22,837
treadmill,1.80 m/s,25.0,0.271258,0.044692,-0.629973,0.19733,-0.112781,0.341454,0.868996,0.042927,22,837
treadmill,1.80 m/s,26.0,0.273561,0.044957,-0.643156,0.18732,-0.106564,0.363816,0.868996,0.042927,22,837
treadmill,1.80 m/s,27.0,0.275698,0.045551,-0.660596,0.178556,-0.112852,0.381467,0.868996,0.042927,22,837
treadmill,1.80 m/s,28.0,0.277884,0.046439,-0.683268,0.171446,-0.127808,0.392745,0.868996,0.042927,22,837
treadmill,1.80 m/s,29.0,0.28009,0.047583,-0.711988,0.166508,-0.143902,0.403004,0.868996,0.042927,22,837
treadmill,1.80 m/s,30.0,0.282346,0.048929,-0.747424,0.164089,-0.174967,0.410146,0.868996,0.042927,22,837
treadmill,1.80 m/s,31.0,0.28491,0.050354,-0.790095,0.164149,-0.207169,0.418488,0.868996,0.042927,22,837
treadmill,1.80 m/s,32.0,0.287508,0.051907,-0.840351,0.166249,-0.238538,0.42542,0.868996,0.042927,22,837
treadmill,1.80 m/s,33.0,0.290369,0.053358,-0.898334,0.169696,-0.269888,0.435533,0.868996,0.042927,22,837
treadmill,1.80 m/s,34.0,0.293175,0.054824,-0.963858,0.173675,-0.293241,0.447271,0.868996,0.042927,22,837
treadmill,1.80 m/s,35.0,0.296058,0.056012,-1.036335,0.177475,-0.30912,0.463885,0.868996,0.042927,22,837
treadmill,1.80 m/s,36.0,0.298772,0.057125,-1.114768,0.180519,-0.30199,0.499857,0.868996,0.042927,22,837
treadmill,1.80 m/s,37.0,0.3012,0.058045,-1.19761,0.182423,-0.2644,0.550401,0.868996,0.042927,22,837
treadmill,1.80 m/s,38.0,0.303065,0.058846,-1.282871,0.183062,-0.182368,0.618246,0.868996,0.042927,22,837
treadmill,1.80 m/s,39.0,0.304142,0.059571,-1.36804,0.182655,-0.053435,0.70066,0.868996,0.042927,22,837
treadmill,1.80 m/s,40.0,0.304224,0.060247,-1.450113,0.18181,0.136447,0.794378,0.868996,0.042927,22,837
treadmill,1.80 m/s,41.0,0.30296,0.060892,-1.525586,0.181647,0.414839,0.897439,0.868996,0.042927,22,837
treadmill,1.80 m/s,42.0,0.299879,0.061703,-1.590595,0.183691,0.792128,1.005695,0.868996,0.042927,22,837
treadmill,1.80 m/s,43.0,0.294571,0.062666,-1.640929,0.189579,1.266542,1.110515,0.868996,0.042927,22,837
treadmill,1.80 m/s,44.0,0.286569,0.063877,-1.672336,0.200452,1.847388,1.188511,0.868996,0.042927,22,837
treadmill,1.80 m/s,45.0,0.275244,0.065454,-1.680729,0.216363,2.519562,1.243396,0.868996,0.042927,22,837
treadmill,1.80 m/s,46.0,0.260076,0.06755,-1.662539,0.236158,3.253255,1.277557,0.868996,0.042927,22,837
treadmill,1.80 m/s,47.0,0.240394,0.070238,-1.615045,0.257496,4.012516,1.258579,0.868996,0.042927,22,837
treadmill,1.80 m/s,48.0,0.215548,0.073646,-1.536915,0.27748,4.721279,1.191241,0.868996,0.042927,22,837
treadmill,1.80 m/s,49.0,0.185102,0.07744,-1.428255,0.292924,5.277136,1.10614,0.868996,0.042927,22,837
treadmill,1.80 m/s,50.0,0.148898,0.081555,-1.291816,0.301303,5.598837,1.078625,0.868996,0.042927,22,837
treadmill,1.80 m/s,51.0,0.106945,0.085567,-1.131572,0.300165,5.585563,1.179398,0.868996,0.042927,22,837
treadmill,1.80 m/s,52.0,0.060194,0.08913,-0.955191,0.288629,5.197754,1.353096,0.868996,0.042927,22,837
treadmill,1.80 m/s,53.0,0.009929,0.091924,-0.77157,0.266579,4.478127,1.490247,0.868996,0.042927,22,837
treadmill,1.80 m/s,54.0,-0.041735,0.093516,-0.591156,0.235664,3.520744,1.498149,0.868996,0.042927,22,837
treadmill,1.80 m/s,55.0,-0.092109,0.093911,-0.423821,0.198811,2.488412,1.351885,0.868996,0.042927,22,837
treadmill,1.80 m/s,56.0,-0.138311,0.093215,-0.277443,0.15986,1.542037,1.072728,0.868996,0.042927,22,837
treadmill,1.80 m/s,57.0,-0.177282,0.091971,-0.156911,0.122657,0.806841,0.733187,0.868996,0.042927,22,837
treadmill,1.80 m/s,58.0,-0.206715,0.090617,-0.063877,0.090143,0.339939,0.422605,0.868996,0.042927,22,837
treadmill,1.80 m/s,59.0,-0.225148,0.089579,0.002792,0.064114,0.117211,0.198266,0.868996,0.042927,22,837
treadmill,1.80 m/s,60.0,-0.232251,0.088951,0.046387,0.045435,0.067461,0.098834,0.868996,0.042927,22,837
treadmill,1.80 m/s,61.0,-0.228579,0.088621,0.071147,0.034205,0.108094,0.093405,0.868996,0.042927,22,837
treadmill,1.80 m/s,62.0,-0.215738,0.088353,0.081819,0.029121,0.172241,0.088465,0.868996,0.042927,22,837
treadmill,1.80 m/s,63.0,-0.195556,0.088002,0.082781,0.027522,0.221564,0.077253,0.868996,0.042927,22,837
treadmill,1.80 m/s,64.0,-0.170049,0.087496,0.077718,0.027051,0.24207,0.072565,0.868996,0.042927,22,837
treadmill,1.80 m/s,65.0,-0.141041,0.086853,0.069506,0.026611,0.236062,0.07518,0.868996,0.042927,22,837
treadmill,1.80 m/s,66.0,-0.110159,0.086116,0.060213,0.025968,0.212436,0.077735,0.868996,0.042927,22,837
treadmill,1.80 m/s,67.0,-0.078691,0.085336,0.0512,0.025223,0.180439,0.077362,0.868996,0.042927,22,837
treadmill,1.80 m/s,68.0,-0.04775,0.08445,0.043278,0.02451,0.146922,0.073907,0.868996,0.042927,22,837
treadmill,1.80 m/s,69.0,-0.018281,0.08347,0.036847,0.023893,0.11674,0.068604,0.868996,0.042927,22,837
treadmill,1.80 m/s,70.0,0.009062,0.082372,0.031997,0.023345,0.092372,0.063074,0.868996,0.042927,22,837
treadmill,1.80 m/s,71.0,0.033834,0.081133,0.028671,0.02277,0.073307,0.056044,0.868996,0.042927,22,837
treadmill,1.80 m/s,72.0,0.055676,0.079785,0.02673,0.022104,0.059237,0.048479,0.868996,0.042927,22,837
treadmill,1.80 m/s,73.0,0.074562,0.078288,0.025978,0.02131,0.049179,0.041604,0.868996,0.042927,22,837
treadmill,1.80 m/s,74.0,0.090459,0.076661,0.026202,0.020391,0.041407,0.034792,0.868996,0.042927,22,837
treadmill,1.80 m/s,75.0,0.103493,0.074903,0.027175,0.019431,0.035206,0.029611,0.868996,0.042927,22,837
treadmill,1.80 m/s,76.0,0.113879,0.072967,0.028652,0.018564,0.029663,0.026116,0.868996,0.042927,22,837
treadmill,1.80 m/s,77.0,0.121772,0.070897,0.030374,0.017896,0.024319,0.023982,0.868996,0.042927,22,837
treadmill,1.80 m/s,78.0,0.127493,0.068626,0.032096,0.017535,0.019191,0.023465,0.868996,0.042927,22,837
treadmill,1.80 m/s,79.0,0.131253,0.066169,0.033587,0.017602,0.014199,0.023962,0.868996,0.042927,22,837
treadmill,1.80 m/s,80.0,0.133363,0.06347,0.034645,0.018203,0.009757,0.025959,0.868996,0.042927,22,837
treadmill,1.80 m/s,81.0,0.134029,0.060588,0.0351,0.019405,0.005934,0.028124,0.868996,0.042927,22,837
treadmill,1.80 m/s,82.0,0.133519,0.057648,0.034809,0.021185,0.003408,0.031744,0.868996,0.042927,22,837
treadmill,1.80 m/s,83.0,0.132166,0.054764,0.033658,0.023456,0.002074,0.035234,0.868996,0.042927,22,837
treadmill,1.80 m/s,84.0,0.130131,0.052191,0.03156,0.026048,0.001239,0.035702,0.868996,0.042927,22,837
treadmill,1.80 m/s,85.0,0.127692,0.050108,0.028472,0.028707,0.001368,0.03448,0.868996,0.042927,22,837
treadmill,1.80 m/s,86.0,0.125089,0.048588,0.024416,0.031085,0.001902,0.030963,0.868996,0.042927,22,837
treadmill,1.80 m/s,87.0,0.122594,0.047615,0.019504,0.032801,0.002584,0.02574,0.868996,0.042927,22,837
treadmill,1.80 m/s,88.0,0.120481,0.046987,0.014001,0.033636,0.002728,0.019497,0.868996,0.042927,22,837
treadmill,1.80 m/s,89.0,0.118764,0.046831,0.008353,0.033633,0.002222,0.013596,0.868996,0.042927,22,837
treadmill,1.80 m/s,90.0,0.117639,0.046866,0.003204,0.033135,0.001334,0.009671,0.868996,0.042927,22,837
treadmill,1.80 m/s,91.0,0.117015,0.047113,-0.000673,0.032651,-1e-06,0.006948,0.868996,0.042927,22,837
treadmill,1.80 m/s,92.0,0.116474,0.047637,-0.002411,0.032616,-0.00099,0.007035,0.868996,0.042927,22,837
treadmill,1.80 m/s,93.0,0.11571,0.048256,-0.001098,0.033011,-0.001134,0.009558,0.868996,0.042927,22,837
treadmill,1.80 m/s,94.0,0.114053,0.048918,0.004148,0.033323,-0.00212,0.015205,0.868996,0.042927,22,837
treadmill,1.80 m/s,95.0,0.110636,0.049559,0.01402,0.033029,-0.00784,0.024053,0.868996,0.042927,22,837
treadmill,1.80 m/s,96.0,0.104599,0.049894,0.028746,0.032516,-0.024879,0.032392,0.868996,0.042927,22,837
treadmill,1.80 m/s,97.0,0.095078,0.049859,0.047903,0.033833,-0.065449,0.047985,0.868996,0.042927,22,837
treadmill,1.80 m/s,98.0,0.081105,0.049209,0.069948,0.040306,-0.135192,0.08059,0.868996,0.042927,22,837
treadmill,1.80 m/s,99.0,0.063441,0.048309,0.091906,0.053411,-0.217757,0.124676,0.868996,0.042927,22,837
treadmill,1.80 m/s,100.0,0.043848,0.04763,0.109409,0.071518,-0.281837,0.167662,0.868996,0.042927,22,837
treadmill,1.85 m/s,0.0,0.049563,0.047876,0.111337,0.079736,-0.282131,0.167459,0.854258,0.045688,22,889
treadmill,1.85 m/s,1.0,0.031208,0.047345,0.116976,0.100162,-0.285617,0.186933,0.854258,0.045688,22,889
treadmill,1.85 m/s,2.0,0.016785,0.047397,0.108595,0.119412,-0.225617,0.186141,0.854258,0.045688,22,889
treadmill,1.85 m/s,3.0,0.008376,0.048285,0.085261,0.136532,-0.14159,0.204512,0.854258,0.045688,22,889
treadmill,1.85 m/s,4.0,0.007171,0.049453,0.047777,0.151568,-0.085843,0.263099,0.854258,0.045688,22,889
treadmill,1.85 m/s,5.0,0.012883,0.050792,-0.001288,0.164993,-0.094826,0.341254,0.854258,0.045688,22,889
treadmill,1.85 m/s,6.0,0.024685,0.052031,-0.058917,0.177433,-0.179666,0.417428,0.854258,0.045688,22,889
treadmill,1.85 m/s,7.0,0.041211,0.053028,-0.121777,0.1895,-0.324786,0.481658,0.854258,0.045688,22,889
treadmill,1.85 m/s,8.0,0.061047,0.053612,-0.186589,0.201438,-0.502374,0.531529,0.854258,0.045688,22,889
treadmill,1.85 m/s,9.0,0.082864,0.053872,-0.250168,0.213099,-0.681059,0.563467,0.854258,0.045688,22,889
treadmill,1.85 m/s,10.0,0.105503,0.053842,-0.309781,0.223975,-0.829322,0.575818,0.854258,0.045688,22,889
treadmill,1.85 m/s,11.0,0.127766,0.053525,-0.363481,0.233409,-0.932184,0.566152,0.854258,0.045688,22,889
treadmill,1.85 m/s,12.0,0.149165,0.053157,-0.41028,0.240737,-0.983753,0.534389,0.854258,0.045688,22,889
treadmill,1.85 m/s,13.0,0.16902,0.052664,-0.450174,0.245576,-0.98302,0.484272,0.854258,0.045688,22,889
treadmill,1.85 m/s,14.0,0.187055,0.052069,-0.483813,0.247818,-0.943495,0.422057,0.854258,0.045688,22,889
treadmill,1.85 m/s,15.0,0.203178,0.051354,-0.512205,0.247639,-0.875559,0.356723,0.854258,0.045688,22,889
treadmill,1.85 m/s,16.0,0.217295,0.050573,-0.536263,0.24538,-0.788609,0.291031,0.854258,0.045688,22,889
treadmill,1.85 m/s,17.0,0.229511,0.049687,-0.556746,0.241386,-0.692042,0.235725,0.854258,0.045688,22,889
treadmill,1.85 m/s,18.0,0.239906,0.048799,-0.574088,0.235955,-0.590617,0.201759,0.854258,0.045688,22,889
treadmill,1.85 m/s,19.0,0.2486,0.047859,-0.588566,0.229286,-0.491146,0.194998,0.854258,0.045688,22,889
treadmill,1.85 m/s,20.0,0.255786,0.047012,-0.60046,0.221504,-0.398798,0.212712,0.854258,0.045688,22,889
treadmill,1.85 m/s,21.0,0.261625,0.04626,-0.610159,0.212769,-0.313078,0.245374,0.854258,0.045688,22,889
treadmill,1.85 m/s,22.0,0.266249,0.045684,-0.618277,0.203431,-0.239018,0.279824,0.854258,0.045688,22,889
treadmill,1.85 m/s,23.0,0.269887,0.045342,-0.625694,0.194075,-0.179211,0.310254,0.854258,0.045688,22,889
treadmill,1.85 m/s,24.0,0.272712,0.045216,-0.63353,0.18544,-0.132796,0.335713,0.854258,0.045688,22,889
treadmill,1.85 m/s,25.0,0.274908,0.045414,-0.643011,0.178152,-0.10303,0.35738,0.854258,0.045688,22,889
treadmill,1.85 m/s,26.0,0.276748,0.045946,-0.655464,0.172549,-0.090998,0.372224,0.854258,0.045688,22,889
treadmill,1.85 m/s,27.0,0.278417,0.046771,-0.672086,0.168688,-0.089197,0.382257,0.854258,0.045688,22,889
treadmill,1.85 m/s,28.0,0.279966,0.047887,-0.693958,0.166545,-0.09073,0.389669,0.854258,0.045688,22,889
treadmill,1.85 m/s,29.0,0.28147,0.049271,-0.721995,0.166113,-0.099308,0.392137,0.854258,0.045688,22,889
treadmill,1.85 m/s,30.0,0.283031,0.050784,-0.756866,0.167298,-0.11675,0.391362,0.854258,0.045688,22,889
treadmill,1.85 m/s,31.0,0.284709,0.05233,-0.79913,0.169743,-0.13222,0.395717,0.854258,0.045688,22,889
treadmill,1.85 m/s,32.0,0.286406,0.053881,-0.849072,0.172909,-0.14894,0.402491,0.854258,0.045688,22,889
treadmill,1.85 m/s,33.0,0.288222,0.055326,-0.906783,0.176124,-0.167944,0.404184,0.854258,0.045688,22,889
treadmill,1.85 m/s,34.0,0.290076,0.056608,-0.972055,0.178766,-0.171516,0.420744,0.854258,0.045688,22,889
treadmill,1.85 m/s,35.0,0.291754,0.057751,-1.044246,0.180424,-0.163652,0.450956,0.854258,0.045688,22,889
treadmill,1.85 m/s,36.0,0.293295,0.058708,-1.122317,0.180846,-0.140372,0.491438,0.854258,0.045688,22,889
treadmill,1.85 m/s,37.0,0.294465,0.059441,-1.204713,0.179998,-0.078462,0.556755,0.854258,0.045688,22,889
treadmill,1.85 m/s,38.0,0.294989,0.060129,-1.289346,0.178181,0.020939,0.639727,0.854258,0.045688,22,889
treadmill,1.85 m/s,39.0,0.294766,0.060732,-1.373607,0.176043,0.168973,0.734389,0.854258,0.045688,22,889
treadmill,1.85 m/s,40.0,0.293431,0.061339,-1.454367,0.17462,0.389561,0.840777,0.854258,0.045688,22,889
treadmill,1.85 m/s,41.0,0.290667,0.061996,-1.528001,0.175393,0.689259,0.95386,0.854258,0.045688,22,889
treadmill,1.85 m/s,42.0,0.286096,0.062846,-1.590501,0.180012,1.079138,1.063896,0.854258,0.045688,22,889
treadmill,1.85 m/s,43.0,0.279286,0.063856,-1.637616,0.189765,1.567978,1.154606,0.854258,0.045688,22,889
treadmill,1.85 m/s,44.0,0.269733,0.065211,-1.665134,0.205007,2.163513,1.21656,0.854258,0.045688,22,889
treadmill,1.85 m/s,45.0,0.256789,0.066942,-1.669021,0.224929,2.846489,1.247137,0.854258,0.045688,22,889
treadmill,1.85 m/s,46.0,0.23994,0.069139,-1.645938,0.24756,3.584419,1.237481,0.854258,0.045688,22,889
treadmill,1.85 m/s,47.0,0.2185,0.071856,-1.593544,0.270276,4.323954,1.180086,0.854258,0.045688,22,889
treadmill,1.85 m/s,48.0,0.192007,0.074985,-1.510821,0.290145,4.995902,1.087355,0.854258,0.045688,22,889
treadmill,1.85 m/s,49.0,0.159924,0.078295,-1.398404,0.304216,5.501005,1.013938,0.854258,0.045688,22,889
treadmill,1.85 m/s,50.0,0.12229,0.08155,-1.259412,0.310173,5.737267,1.060242,0.854258,0.045688,22,889
treadmill,1.85 m/s,51.0,0.079334,0.084513,-1.098096,0.305898,5.626591,1.223726,0.854258,0.045688,22,889
treadmill,1.85 m/s,52.0,0.032096,0.086738,-0.922333,0.291046,5.151682,1.409463,0.854258,0.045688,22,889
treadmill,1.85 m/s,53.0,-0.018032,0.087921,-0.741072,0.266005,4.355541,1.521512,0.854258,0.045688,22,889
treadmill,1.85 m/s,54.0,-0.068695,0.087891,-0.56445,0.23289,3.348688,1.483335,0.854258,0.045688,22,889
treadmill,1.85 m/s,55.0,-0.117131,0.086705,-0.401853,0.194908,2.303785,1.289201,0.854258,0.045688,22,889
treadmill,1.85 m/s,56.0,-0.160451,0.084668,-0.260516,0.155925,1.382986,0.986949,0.854258,0.045688,22,889
treadmill,1.85 m/s,57.0,-0.195987,0.08234,-0.144641,0.119394,0.697015,0.648004,0.854258,0.045688,22,889
treadmill,1.85 m/s,58.0,-0.221735,0.080238,-0.055346,0.087915,0.278516,0.343582,0.854258,0.045688,22,889
treadmill,1.85 m/s,59.0,-0.236627,0.078802,0.008691,0.063062,0.092102,0.130773,0.854258,0.045688,22,889
treadmill,1.85 m/s,60.0,-0.240597,0.078076,0.050636,0.045743,0.064217,0.073845,0.854258,0.045688,22,889
treadmill,1.85 m/s,61.0,-0.234558,0.077835,0.074603,0.036011,0.115054,0.101266,0.854258,0.045688,22,889
treadmill,1.85 m/s,62.0,-0.21998,0.07777,0.08502,0.032192,0.183263,0.106108,0.854258,0.045688,22,889
treadmill,1.85 m/s,63.0,-0.198706,0.077638,0.086035,0.031404,0.234365,0.102731,0.854258,0.045688,22,889
treadmill,1.85 m/s,64.0,-0.172488,0.077433,0.081139,0.031389,0.256778,0.103871,0.854258,0.045688,22,889
treadmill,1.85 m/s,65.0,-0.143011,0.077122,0.073079,0.031144,0.252328,0.107378,0.854258,0.045688,22,889
treadmill,1.85 m/s,66.0,-0.111777,0.076801,0.063875,0.030453,0.230141,0.108196,0.854258,0.045688,22,889
treadmill,1.85 m/s,67.0,-0.079929,0.076449,0.054857,0.029403,0.199193,0.104669,0.854258,0.045688,22,889
treadmill,1.85 m/s,68.0,-0.04855,0.076038,0.046827,0.02816,0.165177,0.09687,0.854258,0.045688,22,889
treadmill,1.85 m/s,69.0,-0.018695,0.075546,0.040202,0.026885,0.13349,0.086574,0.854258,0.045688,22,889
treadmill,1.85 m/s,70.0,0.009106,0.075022,0.035119,0.025679,0.106966,0.076031,0.854258,0.045688,22,889
treadmill,1.85 m/s,71.0,0.034292,0.074339,0.031546,0.02458,0.085469,0.065433,0.854258,0.045688,22,889
treadmill,1.85 m/s,72.0,0.056506,0.073584,0.029355,0.023601,0.069118,0.055649,0.854258,0.045688,22,889
treadmill,1.85 m/s,73.0,0.075724,0.072614,0.028368,0.022736,0.056901,0.047357,0.854258,0.045688,22,889
treadmill,1.85 m/s,74.0,0.091875,0.071503,0.02838,0.021994,0.047247,0.039942,0.854258,0.045688,22,889
treadmill,1.85 m/s,75.0,0.105091,0.070201,0.029183,0.021437,0.039566,0.034836,0.854258,0.045688,22,889
treadmill,1.85 m/s,76.0,0.115564,0.068712,0.030546,0.021132,0.03308,0.031692,0.854258,0.045688,22,889
treadmill,1.85 m/s,77.0,0.12358,0.067014,0.032212,0.021122,0.027149,0.029611,0.854258,0.045688,22,889
treadmill,1.85 m/s,78.0,0.129391,0.065108,0.033912,0.021468,0.021768,0.029347,0.854258,0.045688,22,889
treadmill,1.85 m/s,79.0,0.133348,0.062935,0.035384,0.022243,0.016683,0.029439,0.854258,0.045688,22,889
treadmill,1.85 m/s,80.0,0.135659,0.060627,0.036396,0.023501,0.012294,0.030186,0.854258,0.045688,22,889
treadmill,1.85 m/s,81.0,0.136678,0.058061,0.036737,0.02526,0.008842,0.032613,0.854258,0.045688,22,889
treadmill,1.85 m/s,82.0,0.136598,0.055407,0.036259,0.027484,0.006143,0.035291,0.854258,0.045688,22,889
treadmill,1.85 m/s,83.0,0.135715,0.05279,0.034842,0.030083,0.004306,0.037758,0.854258,0.045688,22,889
treadmill,1.85 m/s,84.0,0.134227,0.050363,0.032428,0.032899,0.002781,0.037271,0.854258,0.045688,22,889
treadmill,1.85 m/s,85.0,0.132313,0.048379,0.029018,0.035695,0.001946,0.034768,0.854258,0.045688,22,889
treadmill,1.85 m/s,86.0,0.130297,0.046919,0.024686,0.038157,0.001774,0.031307,0.854258,0.045688,22,889
treadmill,1.85 m/s,87.0,0.128384,0.046049,0.019611,0.039963,0.001314,0.025594,0.854258,0.045688,22,889
treadmill,1.85 m/s,88.0,0.126734,0.04575,0.01409,0.040887,0.000487,0.019574,0.854258,0.045688,22,889
treadmill,1.85 m/s,89.0,0.125515,0.045894,0.008593,0.040988,-0.000708,0.01419,0.854258,0.045688,22,889
treadmill,1.85 m/s,90.0,0.124754,0.046329,0.003738,0.040625,-0.001842,0.01092,0.854258,0.045688,22,889
treadmill,1.85 m/s,91.0,0.12431,0.047012,0.000262,0.040371,-0.002596,0.008576,0.854258,0.045688,22,889
treadmill,1.85 m/s,92.0,0.123967,0.047837,-0.00103,0.040652,-0.002993,0.006205,0.854258,0.045688,22,889
treadmill,1.85 m/s,93.0,0.123198,0.048677,0.000768,0.041417,-0.003028,0.009068,0.854258,0.045688,22,889
treadmill,1.85 m/s,94.0,0.121357,0.049504,0.006476,0.041978,-0.003823,0.017962,0.854258,0.045688,22,889
treadmill,1.85 m/s,95.0,0.117714,0.050245,0.016744,0.04157,-0.009497,0.029437,0.854258,0.045688,22,889
treadmill,1.85 m/s,96.0,0.111409,0.050645,0.031705,0.040592,-0.028072,0.042446,0.854258,0.045688,22,889
treadmill,1.85 m/s,97.0,0.101528,0.050633,0.050847,0.041332,-0.071522,0.061282,0.854258,0.045688,22,889
treadmill,1.85 m/s,98.0,0.087305,0.04988,0.072596,0.047668,-0.143506,0.092282,0.854258,0.045688,22,889
treadmill,1.85 m/s,99.0,0.069535,0.048773,0.094011,0.061407,-0.226871,0.131808,0.854258,0.045688,22,889
treadmill,1.85 m/s,100.0,0.049904,0.047891,0.110894,0.080386,-0.290738,0.171867,0.854258,0.045688,22,889
treadmill,1.90 m/s,0.0,0.063652,0.099094,0.056452,0.118463,-0.150346,0.287287,0.881622,0.011084,2,74
treadmill,1.90 m/s,1.0,0.043963,0.102891,0.04334,0.147537,-0.111345,0.310978,0.881622,0.011084,2,74
treadmill,1.90 m/s,2.0,0.028173,0.105158,0.01432,0.169797,-0.03198,0.248886,0.881622,0.011084,2,74
treadmill,1.90 m/s,3.0,0.018393,0.10523,-0.03118,0.184072,0.031935,0.135437,0.881622,0.011084,2,74
treadmill,1.90 m/s,4.0,0.015819,0.102787,-0.092617,0.191569,0.018549,0.010387,0.881622,0.011084,2,74
treadmill,1.90 m/s,5.0,0.020988,0.098335,-0.169205,0.195845,-0.113277,0.088131,0.881622,0.011084,2,74
treadmill,1.90 m/s,6.0,0.032945,0.092166,-0.258333,0.201765,-0.366344,0.149699,0.881622,0.011084,2,74
treadmill,1.90 m/s,7.0,0.050449,0.085257,-0.356803,0.214489,-0.71685,0.202443,0.881622,0.011084,2,74
treadmill,1.90 m/s,8.0,0.072091,0.078123,-0.460725,0.237737,-1.116742,0.268909,0.881622,0.011084,2,74
treadmill,1.90 m/s,9.0,0.096458,0.071163,-0.564626,0.27225,-1.50101,0.356777,0.881622,0.011084,2,74
treadmill,1.90 m/s,10.0,0.121983,0.064518,-0.662502,0.316043,-1.806838,0.457799,0.881622,0.011084,2,74
treadmill,1.90 m/s,11.0,0.147411,0.058358,-0.749278,0.364802,-1.997773,0.556486,0.881622,0.011084,2,74
treadmill,1.90 m/s,12.0,0.171723,0.052761,-0.820928,0.412889,-2.058121,0.621872,0.881622,0.011084,2,74
treadmill,1.90 m/s,13.0,0.194232,0.047612,-0.875304,0.455541,-1.998978,0.637394,0.881622,0.011084,2,74
treadmill,1.90 m/s,14.0,0.214516,0.042858,-0.912948,0.490112,-1.853344,0.612529,0.881622,0.011084,2,74
treadmill,1.90 m/s,15.0,0.232446,0.038545,-0.935834,0.515551,-1.653933,0.552363,0.881622,0.011084,2,74
treadmill,1.90 m/s,16.0,0.247994,0.034531,-0.946856,0.532548,-1.427655,0.456518,0.881622,0.011084,2,74
treadmill,1.90 m/s,17.0,0.261315,0.030585,-0.949155,0.542765,-1.199176,0.338874,0.881622,0.011084,2,74
treadmill,1.90 m/s,18.0,0.272615,0.026586,-0.945381,0.547743,-0.982997,0.213889,0.881622,0.011084,2,74
treadmill,1.90 m/s,19.0,0.282114,0.022417,-0.937489,0.548417,-0.792166,0.086838,0.881622,0.011084,2,74
treadmill,1.90 m/s,20.0,0.290185,0.017872,-0.927082,0.545259,-0.622739,0.033213,0.881622,0.011084,2,74
treadmill,1.90 m/s,21.0,0.296848,0.013083,-0.915365,0.538117,-0.473429,0.147805,0.881622,0.011084,2,74
treadmill,1.90 m/s,22.0,0.302426,0.007808,-0.90333,0.526534,-0.34969,0.261847,0.881622,0.011084,2,74
treadmill,1.90 m/s,23.0,0.307093,0.001976,-0.891931,0.509933,-0.244774,0.362599,0.881622,0.011084,2,74
treadmill,1.90 m/s,24.0,0.310902,0.004243,-0.882127,0.487799,-0.162309,0.453984,0.881622,0.011084,2,74
treadmill,1.90 m/s,25.0,0.314131,0.011056,-0.874945,0.45976,-0.104747,0.545397,0.881622,0.011084,2,74
treadmill,1.90 m/s,26.0,0.316955,0.018528,-0.871563,0.425882,-0.0655,0.635059,0.881622,0.011084,2,74
treadmill,1.90 m/s,27.0,0.319454,0.026675,-0.873344,0.38674,-0.043628,0.717861,0.881622,0.011084,2,74
treadmill,1.90 m/s,28.0,0.321737,0.035361,-0.881821,0.343371,-0.041298,0.788999,0.881622,0.011084,2,74
treadmill,1.90 m/s,29.0,0.323919,0.044455,-0.898771,0.297311,-0.054718,0.847796,0.881622,0.011084,2,74
treadmill,1.90 m/s,30.0,0.326037,0.053705,-0.925956,0.250479,-0.082754,0.89172,0.881622,0.011084,2,74
treadmill,1.90 m/s,31.0,0.3282,0.062897,-0.964738,0.204738,-0.123148,0.918441,0.881622,0.011084,2,74
treadmill,1.90 m/s,32.0,0.330423,0.071732,-1.016016,0.161854,-0.167072,0.924408,0.881622,0.011084,2,74
treadmill,1.90 m/s,33.0,0.332687,0.079964,-1.080298,0.123398,-0.208283,0.903125,0.881622,0.011084,2,74
treadmill,1.90 m/s,34.0,0.334942,0.087285,-1.15714,0.090478,-0.243074,0.849552,0.881622,0.011084,2,74
treadmill,1.90 m/s,35.0,0.337139,0.093534,-1.245434,0.064036,-0.258763,0.751505,0.881622,0.011084,2,74
treadmill,1.90 m/s,36.0,0.339086,0.098398,-1.343553,0.044811,-0.250094,0.596625,0.881622,0.011084,2,74
treadmill,1.90 m/s,37.0,0.340721,0.101717,-1.449341,0.033399,-0.216023,0.359286,0.881622,0.011084,2,74
treadmill,1.90 m/s,38.0,0.341889,0.103026,-1.560018,0.029979,-0.133446,0.084187,0.881622,0.011084,2,74
treadmill,1.90 m/s,39.0,0.342318,0.102839,-1.672425,0.034664,0.021829,0.191783,0.881622,0.011084,2,74
treadmill,1.90 m/s,40.0,0.341662,0.101078,-1.78292,0.047234,0.242801,0.502895,0.881622,0.011084,2,74
treadmill,1.90 m/s,41.0,0.339815,0.097805,-1.887426,0.067394,0.559102,0.819177,0.881622,0.011084,2,74
treadmill,1.90 m/s,42.0,0.336206,0.093155,-1.981513,0.094656,1.004962,1.082165,0.881622,0.011084,2,74
treadmill,1.90 m/s,43.0,0.330486,0.087563,-2.060511,0.128046,1.581536,1.234776,0.881622,0.011084,2,74
treadmill,1.90 m/s,44.0,0.322131,0.08144,-2.119297,0.166431,2.302493,1.270235,0.881622,0.011084,2,74
treadmill,1.90 m/s,45.0,0.310641,0.075048,-2.152414,0.208119,3.130658,1.223502,0.881622,0.011084,2,74
treadmill,1.90 m/s,46.0,0.295639,0.068345,-2.154468,0.25092,4.035945,1.112243,0.881622,0.011084,2,74
treadmill,1.90 m/s,47.0,0.276588,0.061339,-2.119738,0.291116,4.947967,0.938035,0.881622,0.011084,2,74
treadmill,1.90 m/s,48.0,0.253258,0.053961,-2.044343,0.325475,5.785505,0.691715,0.881622,0.011084,2,74
treadmill,1.90 m/s,49.0,0.225251,0.046329,-1.924944,0.350032,6.4339,0.405489,0.881622,0.011084,2,74
treadmill,1.90 m/s,50.0,0.192659,0.03826,-1.763504,0.361975,6.783747,0.094245,0.881622,0.011084,2,74
treadmill,1.90 m/s,51.0,0.155537,0.03004,-1.563596,0.358698,6.735162,0.237783,0.881622,0.011084,2,74
treadmill,1.90 m/s,52.0,0.114682,0.022018,-1.336258,0.341043,6.262139,0.556357,0.881622,0.011084,2,74
treadmill,1.90 m/s,53.0,0.070949,0.014867,-1.094109,0.310229,5.403071,0.811253,0.881622,0.011084,2,74
treadmill,1.90 m/s,54.0,0.02605,0.009243,-0.852416,0.270236,4.259759,0.939418,0.881622,0.011084,2,74
treadmill,1.90 m/s,55.0,-0.017949,0.005728,-0.625281,0.226076,3.016341,0.920429,0.881622,0.011084,2,74
treadmill,1.90 m/s,56.0,-0.058545,0.00466,-0.42376,0.181887,1.8601,0.769226,0.881622,0.011084,2,74
treadmill,1.90 m/s,57.0,-0.093068,0.006029,-0.255264,0.140693,0.948763,0.538676,0.881622,0.011084,2,74
treadmill,1.90 m/s,58.0,-0.119204,0.009479,-0.122659,0.103694,0.359747,0.294966,0.881622,0.011084,2,74
treadmill,1.90 m/s,59.0,-0.135416,0.01416,-0.025124,0.071631,0.078396,0.09907,0.881622,0.011084,2,74
treadmill,1.90 m/s,60.0,-0.141183,0.019179,0.0407,0.044749,0.022156,0.015834,0.881622,0.011084,2,74
treadmill,1.90 m/s,61.0,-0.137201,0.023458,0.079891,0.023716,0.083865,0.050659,0.881622,0.011084,2,74
treadmill,1.90 m/s,62.0,-0.124954,0.026349,0.098605,0.008425,0.176006,0.033898,0.881622,0.011084,2,74
treadmill,1.90 m/s,63.0,-0.106066,0.027622,0.10267,0.001749,0.246643,0.003137,0.881622,0.011084,2,74
treadmill,1.90 m/s,64.0,-0.082492,0.027198,0.097359,0.00762,0.27667,0.038489,0.881622,0.011084,2,74
treadmill,1.90 m/s,65.0,-0.055997,0.025139,0.086898,0.010192,0.270043,0.061498,0.881622,0.011084,2,74
treadmill,1.90 m/s,66.0,-0.028132,0.021608,0.074493,0.010534,0.239738,0.070684,0.881622,0.011084,2,74
treadmill,1.90 m/s,67.0,-0.000146,0.016796,0.062219,0.009457,0.199005,0.068768,0.881622,0.011084,2,74
treadmill,1.90 m/s,68.0,0.02698,0.010993,0.051305,0.007511,0.157411,0.059533,0.881622,0.011084,2,74
treadmill,1.90 m/s,69.0,0.052471,0.004572,0.04238,0.005102,0.120851,0.046947,0.881622,0.011084,2,74
treadmill,1.90 m/s,70.0,0.075867,0.002081,0.03565,0.002561,0.091769,0.034322,0.881622,0.011084,2,74
treadmill,1.90 m/s,71.0,0.096855,0.008638,0.031108,0.000123,0.070259,0.023739,0.881622,0.011084,2,74
treadmill,1.90 m/s,72.0,0.115289,0.014854,0.028573,0.002069,0.055096,0.015687,0.881622,0.011084,2,74
treadmill,1.90 m/s,73.0,0.131083,0.020371,0.027755,0.003966,0.04468,0.009961,0.881622,0.011084,2,74
treadmill,1.90 m/s,74.0,0.144365,0.025041,0.028339,0.005535,0.037343,0.006098,0.881622,0.011084,2,74
treadmill,1.90 m/s,75.0,0.155186,0.028672,0.030001,0.006801,0.031558,0.003565,0.881622,0.011084,2,74
treadmill,1.90 m/s,76.0,0.163711,0.031366,0.032387,0.00784,0.02614,0.002241,0.881622,0.011084,2,74
treadmill,1.90 m/s,77.0,0.170062,0.033359,0.035137,0.008735,0.019962,0.002502,0.881622,0.011084,2,74
treadmill,1.90 m/s,78.0,0.174266,0.035137,0.037937,0.009505,0.012625,0.004874,0.881622,0.011084,2,74
treadmill,1.90 m/s,79.0,0.176446,0.037142,0.04047,0.01015,0.004253,0.009669,0.881622,0.011084,2,74
treadmill,1.90 m/s,80.0,0.176724,0.039923,0.042437,0.010639,-0.005209,0.016574,0.881622,0.011084,2,74
treadmill,1.90 m/s,81.0,0.175065,0.043693,0.043556,0.010901,-0.01465,0.024732,0.881622,0.011084,2,74
treadmill,1.90 m/s,82.0,0.171824,0.048797,0.043572,0.010847,-0.022528,0.032284,0.881622,0.011084,2,74
treadmill,1.90 m/s,83.0,0.167234,0.054971,0.042279,0.010387,-0.027577,0.036898,0.881622,0.011084,2,74
treadmill,1.90 m/s,84.0,0.161791,0.061934,0.039559,0.009443,-0.028626,0.037364,0.881622,0.011084,2,74
treadmill,1.90 m/s,85.0,0.156017,0.069182,0.035397,0.007963,-0.02563,0.03325,0.881622,0.011084,2,74
treadmill,1.90 m/s,86.0,0.150487,0.076165,0.029945,0.005888,-0.019744,0.025586,0.881622,0.011084,2,74
treadmill,1.90 m/s,87.0,0.145585,0.082335,0.023515,0.003196,-0.012726,0.016393,0.881622,0.011084,2,74
treadmill,1.90 m/s,88.0,0.141662,0.087286,0.016569,2.3e-05,-0.006367,0.00811,0.881622,0.011084,2,74
treadmill,1.90 m/s,89.0,0.138852,0.090849,0.009722,0.003569,-0.002078,0.002372,0.881622,0.011084,2,74
treadmill,1.90 m/s,90.0,0.137073,0.092869,0.003693,0.007128,-0.000162,0.000278,0.881622,0.011084,2,74
treadmill,1.90 m/s,91.0,0.136184,0.093533,-0.000756,0.010188,-5.1e-05,0.000528,0.881622,0.011084,2,74
treadmill,1.90 m/s,92.0,0.135812,0.093022,-0.002826,0.012014,-0.00061,0.000123,0.881622,0.011084,2,74
treadmill,1.90 m/s,93.0,0.135349,0.091752,-0.001816,0.011757,-0.000912,0.000711,0.881622,0.011084,2,74
treadmill,1.90 m/s,94.0,0.134166,0.090151,0.002635,0.008416,-0.001414,0.002298,0.881622,0.011084,2,74
treadmill,1.90 m/s,95.0,0.13137,0.08885,0.010569,0.000879,-0.005224,0.001589,0.881622,0.011084,2,74
treadmill,1.90 m/s,96.0,0.125746,0.088287,0.021621,0.011995,-0.018775,0.010186,0.881622,0.011084,2,74
treadmill,1.90 m/s,97.0,0.116171,0.088926,0.034476,0.031064,-0.048265,0.046,0.881622,0.011084,2,74
treadmill,1.90 m/s,98.0,0.102232,0.090931,0.046838,0.056191,-0.092541,0.114353,0.881622,0.011084,2,74
treadmill,1.90 m/s,99.0,0.084358,0.094236,0.055552,0.08622,-0.137406,0.208456,0.881622,0.011084,2,74
treadmill,1.90 m/s,100.0,0.06396,0.098235,0.056389,0.118404,-0.155669,0.297654,0.881622,0.011084,2,74
treadmill,1.95 m/s,0.0,0.065265,0.102956,0.055046,0.172832,-0.162899,0.428901,0.892661,0.013128,2,73
treadmill,1.95 m/s,1.0,0.044165,0.106657,0.044943,0.205724,-0.125863,0.450848,0.892661,0.013128,2,73
treadmill,1.95 m/s,2.0,0.027251,0.10867,0.01953,0.2257,-0.03935,0.347405,0.892661,0.013128,2,73
treadmill,1.95 m/s,3.0,0.016869,0.108276,-0.022723,0.233763,0.036051,0.176461,0.892661,0.013128,2,73
treadmill,1.95 m/s,4.0,0.014312,0.105295,-0.08242,0.234277,0.034137,0.00128,0.892661,0.013128,2,73
treadmill,1.95 m/s,5.0,0.019904,0.099988,-0.159897,0.234101,-0.095639,0.134492,0.892661,0.013128,2,73
treadmill,1.95 m/s,6.0,0.032976,0.092996,-0.253792,0.239657,-0.365116,0.222593,0.892661,0.013128,2,73
treadmill,1.95 m/s,7.0,0.051915,0.085041,-0.360331,0.256065,-0.746868,0.293203,0.892661,0.013128,2,73
treadmill,1.95 m/s,8.0,0.075172,0.076906,-0.474019,0.285144,-1.186775,0.376438,0.892661,0.013128,2,73
treadmill,1.95 m/s,9.0,0.101099,0.068874,-0.58757,0.324859,-1.609426,0.472922,0.892661,0.013128,2,73
treadmill,1.95 m/s,10.0,0.128149,0.061189,-0.693049,0.370302,-1.945216,0.572078,0.892661,0.013128,2,73
treadmill,1.95 m/s,11.0,0.154971,0.05404,-0.783732,0.415523,-2.147506,0.651652,0.892661,0.013128,2,73
treadmill,1.95 m/s,12.0,0.180538,0.047512,-0.855725,0.454938,-2.202289,0.685471,0.892661,0.013128,2,73
treadmill,1.95 m/s,13.0,0.204119,0.041537,-0.907772,0.484795,-2.127257,0.665968,0.892661,0.013128,2,73
treadmill,1.95 m/s,14.0,0.225328,0.036096,-0.941983,0.504823,-1.96336,0.60674,0.892661,0.013128,2,73
treadmill,1.95 m/s,15.0,0.24405,0.031132,-0.96191,0.516806,-1.745569,0.516217,0.892661,0.013128,2,73
treadmill,1.95 m/s,16.0,0.260268,0.026497,-0.971494,0.523306,-1.501296,0.399157,0.892661,0.013128,2,73
treadmill,1.95 m/s,17.0,0.2741,0.021966,-0.974072,0.526535,-1.258517,0.267069,0.892661,0.013128,2,73
treadmill,1.95 m/s,18.0,0.285824,0.017347,-0.971885,0.527721,-1.031477,0.13001,0.892661,0.013128,2,73
treadmill,1.95 m/s,19.0,0.295671,0.012491,-0.96625,0.526962,-0.82612,0.005758,0.892661,0.013128,2,73
treadmill,1.95 m/s,20.0,0.303911,0.007298,-0.957969,0.523553,-0.641048,0.138794,0.892661,0.013128,2,73
treadmill,1.95 m/s,21.0,0.310692,0.001662,-0.947364,0.515942,-0.474141,0.262543,0.892661,0.013128,2,73
treadmill,1.95 m/s,22.0,0.31616,0.004317,-0.934606,0.502344,-0.332008,0.376276,0.892661,0.013128,2,73
treadmill,1.95 m/s,23.0,0.320561,0.010797,-0.919833,0.481088,-0.215546,0.48007,0.892661,0.013128,2,73
treadmill,1.95 m/s,24.0,0.32405,0.017713,-0.903372,0.4508,-0.122046,0.570497,0.892661,0.013128,2,73
treadmill,1.95 m/s,25.0,0.326771,0.02513,-0.886086,0.410955,-0.050971,0.655479,0.892661,0.013128,2,73
treadmill,1.95 m/s,26.0,0.328887,0.033146,-0.869788,0.362669,-0.005722,0.729669,0.892661,0.013128,2,73
treadmill,1.95 m/s,27.0,0.330594,0.041732,-0.856931,0.308282,0.01896,0.788528,0.892661,0.013128,2,73
treadmill,1.95 m/s,28.0,0.331896,0.050735,-0.850673,0.251167,0.030114,0.828865,0.892661,0.013128,2,73
treadmill,1.95 m/s,29.0,0.332882,0.059933,-0.854568,0.195447,0.028307,0.850238,0.892661,0.013128,2,73
treadmill,1.95 m/s,30.0,0.333641,0.069089,-0.871519,0.144619,0.017807,0.859467,0.892661,0.013128,2,73
treadmill,1.95 m/s,31.0,0.334244,0.077997,-0.90365,0.101343,0.001028,0.854043,0.892661,0.013128,2,73
treadmill,1.95 m/s,32.0,0.3348,0.086352,-0.951876,0.067177,-0.019537,0.830734,0.892661,0.013128,2,73
treadmill,1.95 m/s,33.0,0.335359,0.093933,-1.016131,0.042542,-0.033949,0.78536,0.892661,0.013128,2,73
treadmill,1.95 m/s,34.0,0.335848,0.100464,-1.094887,0.026454,-0.038472,0.709973,0.892661,0.013128,2,73
treadmill,1.95 m/s,35.0,0.336266,0.105763,-1.186372,0.018252,-0.027938,0.599417,0.892661,0.013128,2,73
treadmill,1.95 m/s,36.0,0.336448,0.109686,-1.288507,0.017271,0.009829,0.430119,0.892661,0.013128,2,73
treadmill,1.95 m/s,37.0,0.336233,0.111884,-1.398684,0.022977,0.070001,0.191199,0.892661,0.013128,2,73
treadmill,1.95 m/s,38.0,0.335591,0.112238,-1.51396,0.034866,0.158196,0.106606,0.892661,0.013128,2,73
treadmill,1.95 m/s,39.0,0.334319,0.110677,-1.631064,0.052653,0.304442,0.446104,0.892661,0.013128,2,73
treadmill,1.95 m/s,40.0,0.332094,0.107298,-1.746171,0.075865,0.526499,0.800519,0.892661,0.013128,2,73
treadmill,1.95 m/s,41.0,0.328627,0.102242,-1.854841,0.103965,0.839996,1.153373,0.892661,0.013128,2,73
treadmill,1.95 m/s,42.0,0.323522,0.095642,-1.952235,0.136179,1.258512,1.484497,0.892661,0.013128,2,73
treadmill,1.95 m/s,43.0,0.316424,0.087645,-2.033328,0.171647,1.814898,1.704705,0.892661,0.013128,2,73
treadmill,1.95 m/s,44.0,0.306686,0.078962,-2.092885,0.209566,2.536679,1.736482,0.892661,0.013128,2,73
treadmill,1.95 m/s,45.0,0.293714,0.070119,-2.125608,0.24836,3.380878,1.634312,0.892661,0.013128,2,73
treadmill,1.95 m/s,46.0,0.277065,0.061184,-2.12608,0.286723,4.287198,1.451009,0.892661,0.013128,2,73
treadmill,1.95 m/s,47.0,0.256315,0.052156,-2.08944,0.321673,5.205231,1.195635,0.892661,0.013128,2,73
treadmill,1.95 m/s,48.0,0.231006,0.043014,-2.011799,0.350856,6.033336,0.836597,0.892661,0.013128,2,73
treadmill,1.95 m/s,49.0,0.201021,0.034121,-1.890378,0.36949,6.626503,0.419502,0.892661,0.013128,2,73
treadmill,1.95 m/s,50.0,0.166525,0.025408,-1.726828,0.374322,6.889541,0.014442,0.892661,0.013128,2,73
treadmill,1.95 m/s,51.0,0.127778,0.017024,-1.52458,0.361659,6.736087,0.368036,0.892661,0.013128,2,73
treadmill,1.95 m/s,52.0,0.085648,0.009476,-1.294624,0.331832,6.144375,0.660109,0.892661,0.013128,2,73
treadmill,1.95 m/s,53.0,0.041236,0.002953,-1.049847,0.286687,5.173754,0.808298,0.892661,0.013128,2,73
treadmill,1.95 m/s,54.0,-0.003751,0.00209,-0.805858,0.232088,3.956457,0.809463,0.892661,0.013128,2,73
treadmill,1.95 m/s,55.0,-0.047157,0.005402,-0.577185,0.175659,2.675907,0.682398,0.892661,0.013128,2,73
treadmill,1.95 m/s,56.0,-0.086303,0.006893,-0.375816,0.123822,1.534731,0.487354,0.892661,0.013128,2,73
treadmill,1.95 m/s,57.0,-0.11852,0.0066,-0.209541,0.081047,0.689707,0.289772,0.892661,0.013128,2,73
treadmill,1.95 m/s,58.0,-0.141516,0.004717,-0.081373,0.047773,0.199028,0.128789,0.892661,0.013128,2,73
treadmill,1.95 m/s,59.0,-0.154049,0.001805,0.009985,0.023289,0.016871,0.02557,0.892661,0.013128,2,73
treadmill,1.95 m/s,60.0,-0.155921,0.001507,0.068773,0.006191,0.035247,0.017926,0.892661,0.013128,2,73
treadmill,1.95 m/s,61.0,-0.148072,0.004382,0.10106,0.004919,0.137647,0.015247,0.892661,0.013128,2,73
treadmill,1.95 m/s,62.0,-0.132255,0.006409,0.113856,0.01161,0.241119,0.010754,0.892661,0.013128,2,73
treadmill,1.95 m/s,63.0,-0.110257,0.007271,0.113248,0.014986,0.305997,0.041505,0.892661,0.013128,2,73
treadmill,1.95 m/s,64.0,-0.083972,0.006866,0.104496,0.015932,0.323672,0.065701,0.892661,0.013128,2,73
treadmill,1.95 m/s,65.0,-0.055164,0.005037,0.091567,0.015297,0.303816,0.079034,0.892661,0.013128,2,73
treadmill,1.95 m/s,66.0,-0.025322,0.001878,0.077454,0.013874,0.26217,0.081826,0.892661,0.013128,2,73
treadmill,1.95 m/s,67.0,0.00427,0.002498,0.064124,0.012027,0.213042,0.076611,0.892661,0.013128,2,73
treadmill,1.95 m/s,68.0,0.032629,0.007831,0.052648,0.009873,0.166076,0.065703,0.892661,0.013128,2,73
treadmill,1.95 m/s,69.0,0.058997,0.013707,0.043512,0.007562,0.12637,0.052352,0.892661,0.013128,2,73
treadmill,1.95 m/s,70.0,0.082884,0.019751,0.03682,0.005283,0.09562,0.039385,0.892661,0.013128,2,73
treadmill,1.95 m/s,71.0,0.104025,0.025572,0.032494,0.003179,0.073488,0.028381,0.892661,0.013128,2,73
treadmill,1.95 m/s,72.0,0.122377,0.030823,0.030287,0.001326,0.058146,0.019932,0.892661,0.013128,2,73
treadmill,1.95 m/s,73.0,0.137902,0.035325,0.029924,0.0002,0.047588,0.013488,0.892661,0.013128,2,73
treadmill,1.95 m/s,74.0,0.150759,0.038721,0.03106,0.00139,0.040052,0.008619,0.892661,0.013128,2,73
treadmill,1.95 m/s,75.0,0.161126,0.041128,0.033316,0.002311,0.034052,0.004834,0.892661,0.013128,2,73
treadmill,1.95 m/s,76.0,0.169262,0.042498,0.036312,0.003063,0.02851,0.001789,0.892661,0.013128,2,73
treadmill,1.95 m/s,77.0,0.175347,0.043121,0.039641,0.003784,0.022298,0.000254,0.892661,0.013128,2,73
treadmill,1.95 m/s,78.0,0.179454,0.043489,0.042882,0.004614,0.015129,0.000755,0.892661,0.013128,2,73
treadmill,1.95 m/s,79.0,0.181773,0.044024,0.045667,0.005616,0.006943,0.003509,0.892661,0.013128,2,73
treadmill,1.95 m/s,80.0,0.182315,0.045105,0.047663,0.006779,-0.002054,0.009018,0.892661,0.013128,2,73
treadmill,1.95 m/s,81.0,0.181239,0.047225,0.048585,0.007982,-0.011169,0.016557,0.892661,0.013128,2,73
treadmill,1.95 m/s,82.0,0.178619,0.050517,0.048278,0.008933,-0.019327,0.024282,0.892661,0.013128,2,73
treadmill,1.95 m/s,83.0,0.174717,0.054985,0.046602,0.009382,-0.024761,0.030534,0.892661,0.013128,2,73
treadmill,1.95 m/s,84.0,0.169997,0.060538,0.043485,0.00911,-0.02663,0.033046,0.892661,0.013128,2,73
treadmill,1.95 m/s,85.0,0.164827,0.066622,0.038943,0.007931,-0.024682,0.031033,0.892661,0.013128,2,73
treadmill,1.95 m/s,86.0,0.159743,0.072873,0.033116,0.005716,-0.019603,0.0252,0.892661,0.013128,2,73
treadmill,1.95 m/s,87.0,0.155124,0.07875,0.026291,0.002503,-0.013164,0.017097,0.892661,0.013128,2,73
treadmill,1.95 m/s,88.0,0.151202,0.083863,0.018899,0.001507,-0.00703,0.009038,0.892661,0.013128,2,73
treadmill,1.95 m/s,89.0,0.148104,0.087949,0.011502,0.005967,-0.002491,0.002806,0.892661,0.013128,2,73
treadmill,1.95 m/s,90.0,0.14575,0.090914,0.004799,0.010334,-1e-06,0.00081,0.892661,0.013128,2,73
treadmill,1.95 m/s,91.0,0.144176,0.092622,-0.000394,0.013802,0.000584,0.00188,0.892661,0.013128,2,73
treadmill,1.95 m/s,92.0,0.143062,0.09321,-0.003262,0.015332,0.000182,0.001782,0.892661,0.013128,2,73
treadmill,1.95 m/s,93.0,0.141969,0.092987,-0.003139,0.013674,-0.000158,0.001924,0.892661,0.013128,2,73
treadmill,1.95 m/s,94.0,0.140278,0.092437,0.0004,0.00734,-0.000653,0.002026,0.892661,0.013128,2,73
treadmill,1.95 m/s,95.0,0.137097,0.091924,0.00754,0.005227,-0.004157,0.002518,0.892661,0.013128,2,73
treadmill,1.95 m/s,96.0,0.131012,0.091974,0.018011,0.025521,-0.017393,0.024311,0.892661,0.013128,2,73
treadmill,1.95 m/s,97.0,0.120874,0.093068,0.030449,0.054174,-0.047574,0.081153,0.892661,0.013128,2,73
treadmill,1.95 m/s,98.0,0.106176,0.095507,0.042858,0.09048,-0.09544,0.184675,0.892661,0.013128,2,73
treadmill,1.95 m/s,99.0,0.087146,0.099131,0.052241,0.131914,-0.14657,0.322605,0.892661,0.013128,2,73
treadmill,1.95 m/s,100.0,0.065437,0.103472,0.054507,0.173273,-0.171546,0.445741,0.892661,0.013128,2,73
treadmill,2.00 m/s,0.0,0.068919,0.092203,0.082065,0.115431,-0.209022,0.292091,0.876892,0.004778,2,74
treadmill,2.00 m/s,1.0,0.048777,0.094942,0.069573,0.146205,-0.166573,0.322689,0.876892,0.004778,2,74
treadmill,2.00 m/s,2.0,0.032529,0.096754,0.037601,0.17195,-0.071049,0.26372,0.876892,0.004778,2,74
treadmill,2.00 m/s,3.0,0.022414,0.09704,-0.014353,0.192066,0.012162,0.138844,0.876892,0.004778,2,74
treadmill,2.00 m/s,4.0,0.01991,0.095377,-0.085267,0.207869,0.008008,0.013912,0.876892,0.004778,2,74
treadmill,2.00 m/s,5.0,0.025555,0.091824,-0.173457,0.223122,-0.137855,0.15409,0.876892,0.004778,2,74
treadmill,2.00 m/s,6.0,0.038372,0.086889,-0.275366,0.242855,-0.429144,0.269841,0.876892,0.004778,2,74
treadmill,2.00 m/s,7.0,0.056995,0.081068,-0.387087,0.270842,-0.833954,0.375756,0.876892,0.004778,2,74
treadmill,2.00 m/s,8.0,0.080002,0.074668,-0.503265,0.308691,-1.29327,0.485937,0.876892,0.004778,2,74
treadmill,2.00 m/s,9.0,0.105798,0.068085,-0.616839,0.354817,-1.724151,0.597042,0.876892,0.004778,2,74
treadmill,2.00 m/s,10.0,0.132721,0.061469,-0.720719,0.404787,-2.054889,0.688328,0.876892,0.004778,2,74
treadmill,2.00 m/s,11.0,0.159487,0.054903,-0.809058,0.452973,-2.247756,0.745766,0.876892,0.004778,2,74
treadmill,2.00 m/s,12.0,0.185089,0.048585,-0.8783,0.494698,-2.285334,0.748687,0.876892,0.004778,2,74
treadmill,2.00 m/s,13.0,0.208704,0.042425,-0.927805,0.526925,-2.191754,0.698877,0.876892,0.004778,2,74
treadmill,2.00 m/s,14.0,0.23001,0.03657,-0.959668,0.549202,-2.00792,0.609519,0.876892,0.004778,2,74
treadmill,2.00 m/s,15.0,0.248788,0.030904,-0.977469,0.56299,-1.764287,0.485167,0.876892,0.004778,2,74
treadmill,2.00 m/s,16.0,0.264986,0.025401,-0.985008,0.570247,-1.496401,0.340276,0.876892,0.004778,2,74
treadmill,2.00 m/s,17.0,0.278737,0.01989,-0.985186,0.572337,-1.23293,0.185122,0.876892,0.004778,2,74
treadmill,2.00 m/s,18.0,0.290306,0.014256,-0.979874,0.569696,-0.985877,0.02606,0.876892,0.004778,2,74
treadmill,2.00 m/s,19.0,0.299892,0.008322,-0.970202,0.56203,-0.765903,0.128927,0.876892,0.004778,2,74
treadmill,2.00 m/s,20.0,0.307857,0.002025,-0.956932,0.548584,-0.573243,0.276008,0.876892,0.004778,2,74
treadmill,2.00 m/s,21.0,0.314317,0.004739,-0.94054,0.528186,-0.401516,0.411375,0.876892,0.004778,2,74
treadmill,2.00 m/s,22.0,0.319426,0.011896,-0.921688,0.499796,-0.2609,0.527487,0.876892,0.004778,2,74
treadmill,2.00 m/s,23.0,0.323443,0.019506,-0.901413,0.462862,-0.150258,0.628297,0.876892,0.004778,2,74
treadmill,2.00 m/s,24.0,0.326513,0.027598,-0.881217,0.417787,-0.062921,0.71613,0.876892,0.004778,2,74
treadmill,2.00 m/s,25.0,0.328743,0.036198,-0.863194,0.365862,-0.000415,0.790817,0.876892,0.004778,2,74
treadmill,2.00 m/s,26.0,0.330305,0.045304,-0.849934,0.309436,0.035464,0.852579,0.876892,0.004778,2,74
treadmill,2.00 m/s,27.0,0.331385,0.054892,-0.844171,0.251409,0.05371,0.897473,0.876892,0.004778,2,74
treadmill,2.00 m/s,28.0,0.332001,0.064695,-0.848384,0.194702,0.063999,0.922292,0.876892,0.004778,2,74
treadmill,2.00 m/s,29.0,0.332222,0.074476,-0.864875,0.142161,0.060948,0.927401,0.876892,0.004778,2,74
treadmill,2.00 m/s,30.0,0.332277,0.083918,-0.895131,0.096087,0.051633,0.916653,0.876892,0.004778,2,74
treadmill,2.00 m/s,31.0,0.332159,0.092827,-0.93982,0.057965,0.045603,0.890883,0.876892,0.004778,2,74
treadmill,2.00 m/s,32.0,0.331965,0.10092,-0.998992,0.028794,0.037805,0.833947,0.876892,0.004778,2,74
treadmill,2.00 m/s,33.0,0.331779,0.107843,-1.072018,0.008896,0.042213,0.745941,0.876892,0.004778,2,74
treadmill,2.00 m/s,34.0,0.331432,0.113489,-1.15733,0.002099,0.06433,0.618107,0.876892,0.004778,2,74
treadmill,2.00 m/s,35.0,0.330941,0.117566,-1.253222,0.004449,0.09919,0.432651,0.876892,0.004778,2,74
treadmill,2.00 m/s,36.0,0.330213,0.119869,-1.357668,0.001579,0.165752,0.172707,0.876892,0.004778,2,74
treadmill,2.00 m/s,37.0,0.329013,0.12006,-1.468158,0.01553,0.277844,0.136741,0.876892,0.004778,2,74
treadmill,2.00 m/s,38.0,0.327109,0.118433,-1.581628,0.036904,0.432218,0.469291,0.876892,0.004778,2,74
treadmill,2.00 m/s,39.0,0.324363,0.114956,-1.694641,0.06515,0.660853,0.842553,0.876892,0.004778,2,74
treadmill,2.00 m/s,40.0,0.320276,0.109624,-1.803133,0.099432,0.96456,1.211674,0.876892,0.004778,2,74
treadmill,2.00 m/s,41.0,0.314791,0.10278,-1.902473,0.138681,1.362844,1.531379,0.876892,0.004778,2,74
treadmill,2.00 m/s,42.0,0.307271,0.094653,-1.987741,0.181658,1.872506,1.769892,0.876892,0.004778,2,74
treadmill,2.00 m/s,43.0,0.297541,0.085629,-2.054062,0.226809,2.515876,1.840896,0.876892,0.004778,2,74
treadmill,2.00 m/s,44.0,0.284788,0.076448,-2.096175,0.272347,3.30516,1.713842,0.876892,0.004778,2,74
treadmill,2.00 m/s,45.0,0.268655,0.067503,-2.108808,0.31608,4.169313,1.448262,0.876892,0.004778,2,74
treadmill,2.00 m/s,46.0,0.248679,0.058955,-2.087421,0.355194,5.058804,1.096322,0.876892,0.004778,2,74
treadmill,2.00 m/s,47.0,0.224538,0.050778,-2.02759,0.386109,5.878635,0.679423,0.876892,0.004778,2,74
treadmill,2.00 m/s,48.0,0.196073,0.043109,-1.926858,0.405157,6.531073,0.21946,0.876892,0.004778,2,74
treadmill,2.00 m/s,49.0,0.163261,0.036056,-1.783556,0.408533,6.890003,0.213999,0.876892,0.004778,2,74
treadmill,2.00 m/s,50.0,0.126486,0.029582,-1.602197,0.394711,6.885968,0.578978,0.876892,0.004778,2,74
treadmill,2.00 m/s,51.0,0.086148,0.023893,-1.388845,0.363286,6.472336,0.848518,0.876892,0.004778,2,74
treadmill,2.00 m/s,52.0,0.043306,0.019303,-1.155607,0.317524,5.670881,0.993977,0.876892,0.004778,2,74
treadmill,2.00 m/s,53.0,-0.00085,0.016141,-0.916195,0.262101,4.569755,0.981612,0.876892,0.004778,2,74
treadmill,2.00 m/s,54.0,-0.044342,0.014428,-0.685193,0.203969,3.319119,0.832595,0.876892,0.004778,2,74
treadmill,2.00 m/s,55.0,-0.084929,0.014221,-0.475151,0.149672,2.113199,0.606382,0.876892,0.004778,2,74
treadmill,2.00 m/s,56.0,-0.120074,0.015188,-0.29504,0.10356,1.118511,0.366331,0.876892,0.004778,2,74
treadmill,2.00 m/s,57.0,-0.147254,0.016975,-0.150192,0.067279,0.445487,0.170408,0.876892,0.004778,2,74
treadmill,2.00 m/s,58.0,-0.164744,0.019061,-0.041282,0.04025,0.103585,0.045257,0.876892,0.004778,2,74
treadmill,2.00 m/s,59.0,-0.171869,0.020798,0.034423,0.021084,0.019147,0.0105,0.876892,0.004778,2,74
treadmill,2.00 m/s,60.0,-0.168804,0.021985,0.081379,0.008331,0.082568,0.017405,0.876892,0.004778,2,74
treadmill,2.00 m/s,61.0,-0.156879,0.02221,0.105441,0.000687,0.191428,0.001374,0.876892,0.004778,2,74
treadmill,2.00 m/s,62.0,-0.137725,0.02134,0.112754,0.003219,0.281412,0.024185,0.876892,0.004778,2,74
treadmill,2.00 m/s,63.0,-0.113244,0.019557,0.108923,0.004644,0.326304,0.040331,0.876892,0.004778,2,74
treadmill,2.00 m/s,64.0,-0.085198,0.016868,0.098656,0.004563,0.326752,0.048319,0.876892,0.004778,2,74
treadmill,2.00 m/s,65.0,-0.055245,0.013314,0.085471,0.003697,0.295385,0.048723,0.876892,0.004778,2,74
treadmill,2.00 m/s,66.0,-0.024815,0.009037,0.071918,0.002619,0.248328,0.044242,0.876892,0.004778,2,74
treadmill,2.00 m/s,67.0,0.004949,0.004206,0.059556,0.001546,0.198256,0.037445,0.876892,0.004778,2,74
treadmill,2.00 m/s,68.0,0.033118,0.000985,0.049154,0.000512,0.152787,0.029808,0.876892,0.004778,2,74
treadmill,2.00 m/s,69.0,0.059005,0.006273,0.041009,0.000447,0.115786,0.022562,0.876892,0.004778,2,74
treadmill,2.00 m/s,70.0,0.082241,0.011422,0.035129,0.001283,0.087963,0.016631,0.876892,0.004778,2,74
treadmill,2.00 m/s,71.0,0.102651,0.016245,0.031388,0.001998,0.068195,0.012078,0.876892,0.004778,2,74
treadmill,2.00 m/s,72.0,0.120239,0.02055,0.029538,0.002665,0.054307,0.008738,0.876892,0.004778,2,74
treadmill,2.00 m/s,73.0,0.13497,0.024285,0.0293,0.003332,0.04458,0.005925,0.876892,0.004778,2,74
treadmill,2.00 m/s,74.0,0.147145,0.027119,0.030346,0.004016,0.037456,0.003284,0.876892,0.004778,2,74
treadmill,2.00 m/s,75.0,0.156904,0.02911,0.032328,0.00477,0.031217,0.00112,0.876892,0.004778,2,74
treadmill,2.00 m/s,76.0,0.164372,0.030354,0.03492,0.005595,0.025412,0.000865,0.876892,0.004778,2,74
treadmill,2.00 m/s,77.0,0.16989,0.030841,0.037841,0.006434,0.01964,0.001414,0.876892,0.004778,2,74
treadmill,2.00 m/s,78.0,0.173621,0.031298,0.040765,0.007281,0.013075,0.000263,0.876892,0.004778,2,74
treadmill,2.00 m/s,79.0,0.175651,0.031945,0.043349,0.008138,0.005543,0.003941,0.876892,0.004778,2,74
treadmill,2.00 m/s,80.0,0.176059,0.033264,0.045267,0.008971,-0.00263,0.010187,0.876892,0.004778,2,74
treadmill,2.00 m/s,81.0,0.174997,0.035669,0.046226,0.009699,-0.010964,0.018231,0.876892,0.004778,2,74
treadmill,2.00 m/s,82.0,0.172518,0.039355,0.045975,0.010206,-0.018519,0.026589,0.876892,0.004778,2,74
treadmill,2.00 m/s,83.0,0.168867,0.0444,0.044302,0.010358,-0.023733,0.033222,0.876892,0.004778,2,74
treadmill,2.00 m/s,84.0,0.164392,0.050597,0.041106,0.010032,-0.02547,0.035928,0.876892,0.004778,2,74
treadmill,2.00 m/s,85.0,0.159539,0.057465,0.036399,0.009111,-0.023638,0.03375,0.876892,0.004778,2,74
treadmill,2.00 m/s,86.0,0.154684,0.064438,0.030336,0.007522,-0.018656,0.027128,0.876892,0.004778,2,74
treadmill,2.00 m/s,87.0,0.15039,0.070862,0.023248,0.00524,-0.012231,0.018162,0.876892,0.004778,2,74
treadmill,2.00 m/s,88.0,0.146815,0.076268,0.01568,0.002293,-0.006346,0.009567,0.876892,0.004778,2,74
treadmill,2.00 m/s,89.0,0.144123,0.080393,0.008327,0.001167,-0.002106,0.003257,0.876892,0.004778,2,74
treadmill,2.00 m/s,90.0,0.142349,0.083127,0.002015,0.004797,-3.6e-05,8.5e-05,0.876892,0.004778,2,74
treadmill,2.00 m/s,91.0,0.141315,0.084594,-0.002373,0.008097,0.00034,0.000609,0.876892,0.004778,2,74
treadmill,2.00 m/s,92.0,0.140773,0.085033,-0.00392,0.010392,4.9e-05,0.000389,0.876892,0.004778,2,74
treadmill,2.00 m/s,93.0,0.14025,0.084922,-0.001764,0.010716,-0.000177,0.000765,0.876892,0.004778,2,74
treadmill,2.00 m/s,94.0,0.139078,0.084624,0.004647,0.007942,-0.001273,0.001787,0.876892,0.004778,2,74
treadmill,2.00 m/s,95.0,0.136364,0.084397,0.015362,0.001047,-0.00726,0.000575,0.876892,0.004778,2,74
treadmill,2.00 m/s,96.0,0.130863,0.08453,0.029978,0.011092,-0.025754,0.010875,0.876892,0.004778,2,74
treadmill,2.00 m/s,97.0,0.121515,0.085271,0.047209,0.029612,-0.064662,0.045748,0.876892,0.004778,2,74
treadmill,2.00 m/s,98.0,0.107692,0.086919,0.064309,0.054396,-0.12351,0.114104,0.876892,0.004778,2,74
treadmill,2.00 m/s,99.0,0.089744,0.089334,0.077414,0.084428,-0.18456,0.210602,0.876892,0.004778,2,74
treadmill,2.00 m/s,100.0,0.069135,0.092331,0.081325,0.117313,-0.213095,0.304893,0.876892,0.004778,2,74
treadmill,2.05 m/s,0.0,0.06997,0.085611,0.070626,0.156989,-0.201789,0.407704,0.870964,0.003224,2,75
treadmill,2.05 m/s,1.0,0.048814,0.088759,0.059822,0.189237,-0.162896,0.436471,0.870964,0.003224,2,75
treadmill,2.05 m/s,2.0,0.031496,0.090855,0.031971,0.211712,-0.071222,0.351425,0.870964,0.003224,2,75
treadmill,2.05 m/s,3.0,0.020293,0.09137,-0.01423,0.224943,0.014881,0.191508,0.870964,0.003224,2,75
treadmill,2.05 m/s,4.0,0.016712,0.089746,-0.079274,0.231924,0.023225,0.008388,0.870964,0.003224,2,75
treadmill,2.05 m/s,5.0,0.021424,0.086134,-0.163057,0.238783,-0.104505,0.146947,0.870964,0.003224,2,75
treadmill,2.05 m/s,6.0,0.033335,0.081043,-0.262748,0.251338,-0.377693,0.260997,0.870964,0.003224,2,75
treadmill,2.05 m/s,7.0,0.051234,0.074857,-0.374862,0.273663,-0.776675,0.356946,0.870964,0.003224,2,75
treadmill,2.05 m/s,8.0,0.073748,0.068079,-0.493578,0.307274,-1.242677,0.456589,0.870964,0.003224,2,75
treadmill,2.05 m/s,9.0,0.099126,0.06116,-0.610552,0.349359,-1.68602,0.553616,0.870964,0.003224,2,75
treadmill,2.05 m/s,10.0,0.125729,0.0542,-0.71752,0.39434,-2.032418,0.631121,0.870964,0.003224,2,75
treadmill,2.05 m/s,11.0,0.152237,0.047417,-0.80781,0.436823,-2.23612,0.675074,0.870964,0.003224,2,75
treadmill,2.05 m/s,12.0,0.177597,0.040871,-0.877066,0.471795,-2.27781,0.666125,0.870964,0.003224,2,75
treadmill,2.05 m/s,13.0,0.201001,0.034608,-0.924798,0.496743,-2.182274,0.606988,0.870964,0.003224,2,75
treadmill,2.05 m/s,14.0,0.222089,0.028615,-0.954158,0.513051,-1.993889,0.514594,0.870964,0.003224,2,75
treadmill,2.05 m/s,15.0,0.240652,0.022896,-0.969265,0.522969,-1.743853,0.393276,0.870964,0.003224,2,75
treadmill,2.05 m/s,16.0,0.256594,0.017284,-0.974159,0.52861,-1.465352,0.246866,0.870964,0.003224,2,75
treadmill,2.05 m/s,17.0,0.270035,0.011592,-0.972034,0.531441,-1.192522,0.093678,0.870964,0.003224,2,75
treadmill,2.05 m/s,18.0,0.281242,0.005715,-0.964535,0.531191,-0.939172,0.057947,0.870964,0.003224,2,75
treadmill,2.05 m/s,19.0,0.290426,0.000462,-0.952267,0.526466,-0.70795,0.210162,0.870964,0.003224,2,75
treadmill,2.05 m/s,20.0,0.29784,0.007091,-0.935257,0.515191,-0.504026,0.357801,0.870964,0.003224,2,75
treadmill,2.05 m/s,21.0,0.30372,0.014254,-0.913709,0.495515,-0.329451,0.488651,0.870964,0.003224,2,75
treadmill,2.05 m/s,22.0,0.308224,0.02188,-0.88846,0.466427,-0.187722,0.598869,0.870964,0.003224,2,75
treadmill,2.05 m/s,23.0,0.311613,0.030038,-0.861087,0.427921,-0.075592,0.689109,0.870964,0.003224,2,75
treadmill,2.05 m/s,24.0,0.313956,0.038654,-0.833881,0.381155,0.011931,0.766675,0.870964,0.003224,2,75
treadmill,2.05 m/s,25.0,0.315427,0.047884,-0.809962,0.328577,0.069601,0.828464,0.870964,0.003224,2,75
treadmill,2.05 m/s,26.0,0.316247,0.057598,-0.792625,0.273334,0.097359,0.868765,0.870964,0.003224,2,75
treadmill,2.05 m/s,27.0,0.316625,0.067683,-0.784975,0.21844,0.111359,0.895015,0.870964,0.003224,2,75
treadmill,2.05 m/s,28.0,0.316521,0.077876,-0.789615,0.166551,0.113311,0.906653,0.870964,0.003224,2,75
treadmill,2.05 m/s,29.0,0.316214,0.087959,-0.808096,0.119263,0.099229,0.902038,0.870964,0.003224,2,75
treadmill,2.05 m/s,30.0,0.315827,0.097591,-0.841278,0.077888,0.083123,0.887302,0.870964,0.003224,2,75
treadmill,2.05 m/s,31.0,0.315396,0.106618,-0.889534,0.043084,0.069106,0.862555,0.870964,0.003224,2,75
treadmill,2.05 m/s,32.0,0.314973,0.114794,-0.952839,0.015668,0.054178,0.804305,0.870964,0.003224,2,75
treadmill,2.05 m/s,33.0,0.314654,0.121643,-1.030436,0.003913,0.048864,0.72034,0.870964,0.003224,2,75
treadmill,2.05 m/s,34.0,0.31428,0.127286,-1.121289,0.015024,0.047969,0.58475,0.870964,0.003224,2,75
treadmill,2.05 m/s,35.0,0.314016,0.13104,-1.223932,0.017161,0.054319,0.35851,0.870964,0.003224,2,75
treadmill,2.05 m/s,36.0,0.313635,0.132692,-1.336191,0.010209,0.092032,0.058484,0.870964,0.003224,2,75
treadmill,2.05 m/s,37.0,0.312971,0.132084,-1.455208,0.005422,0.186053,0.280723,0.870964,0.003224,2,75
treadmill,2.05 m/s,38.0,0.311547,0.129572,-1.577577,0.029121,0.339239,0.661132,0.870964,0.003224,2,75
treadmill,2.05 m/s,39.0,0.309281,0.12494,-1.699277,0.059986,0.547698,1.079434,0.870964,0.003224,2,75
treadmill,2.05 m/s,40.0,0.305833,0.118494,-1.815659,0.096816,0.86221,1.471084,0.870964,0.003224,2,75
treadmill,2.05 m/s,41.0,0.300681,0.110495,-1.921781,0.138352,1.288439,1.819379,0.870964,0.003224,2,75
treadmill,2.05 m/s,42.0,0.293545,0.101161,-2.012593,0.183201,1.848361,2.028067,0.870964,0.003224,2,75
treadmill,2.05 m/s,43.0,0.283783,0.09134,-2.082694,0.229398,2.549749,2.060412,0.870964,0.003224,2,75
treadmill,2.05 m/s,44.0,0.271048,0.081282,-2.127053,0.275488,3.379953,1.912358,0.870964,0.003224,2,75
treadmill,2.05 m/s,45.0,0.254693,0.071659,-2.140483,0.319413,4.314543,1.585944,0.870964,0.003224,2,75
treadmill,2.05 m/s,46.0,0.234345,0.062598,-2.118655,0.35878,5.26585,1.163184,0.870964,0.003224,2,75
treadmill,2.05 m/s,47.0,0.209656,0.054154,-2.056837,0.389305,6.128733,0.680772,0.870964,0.003224,2,75
treadmill,2.05 m/s,48.0,0.18059,0.046366,-1.953474,0.408742,6.795545,0.202087,0.870964,0.003224,2,75
treadmill,2.05 m/s,49.0,0.147128,0.039053,-1.807532,0.414236,7.13469,0.22171,0.870964,0.003224,2,75
treadmill,2.05 m/s,50.0,0.10985,0.032219,-1.623419,0.403611,7.095132,0.586001,0.870964,0.003224,2,75
treadmill,2.05 m/s,51.0,0.069048,0.026055,-1.406984,0.375252,6.637528,0.845314,0.870964,0.003224,2,75
treadmill,2.05 m/s,52.0,0.025902,0.020667,-1.170704,0.332317,5.781131,0.964388,0.870964,0.003224,2,75
treadmill,2.05 m/s,53.0,-0.018388,0.016233,-0.92786,0.278253,4.632241,0.942208,0.870964,0.003224,2,75
treadmill,2.05 m/s,54.0,-0.061864,0.012959,-0.692658,0.21902,3.338763,0.799902,0.870964,0.003224,2,75
treadmill,2.05 m/s,55.0,-0.102195,0.010992,-0.478241,0.161871,2.098632,0.58529,0.870964,0.003224,2,75
treadmill,2.05 m/s,56.0,-0.136806,0.01029,-0.293856,0.111367,1.087035,0.357612,0.870964,0.003224,2,75
treadmill,2.05 m/s,57.0,-0.163239,0.010801,-0.145328,0.070034,0.414657,0.168429,0.870964,0.003224,2,75
treadmill,2.05 m/s,58.0,-0.179837,0.012249,-0.033923,0.038429,0.085447,0.04228,0.870964,0.003224,2,75
treadmill,2.05 m/s,59.0,-0.185866,0.013943,0.042337,0.016751,0.019112,0.014071,0.870964,0.003224,2,75
treadmill,2.05 m/s,60.0,-0.181812,0.01561,0.089078,0.002958,0.096311,0.021255,0.870964,0.003224,2,75
treadmill,2.05 m/s,61.0,-0.169036,0.016847,0.112524,0.00467,0.213403,0.004252,0.870964,0.003224,2,75
treadmill,2.05 m/s,62.0,-0.149148,0.017353,0.119177,0.007827,0.307754,0.018688,0.870964,0.003224,2,75
treadmill,2.05 m/s,63.0,-0.123966,0.016894,0.114945,0.008242,0.354666,0.036968,0.870964,0.003224,2,75
treadmill,2.05 m/s,64.0,-0.095302,0.015398,0.104735,0.007529,0.356513,0.047939,0.870964,0.003224,2,75
treadmill,2.05 m/s,65.0,-0.064754,0.012874,0.091975,0.00653,0.327026,0.053008,0.870964,0.003224,2,75
treadmill,2.05 m/s,66.0,-0.033703,0.009341,0.078891,0.005651,0.280958,0.053661,0.870964,0.003224,2,75
treadmill,2.05 m/s,67.0,-0.003309,0.004987,0.066854,0.005117,0.230437,0.051409,0.870964,0.003224,2,75
treadmill,2.05 m/s,68.0,0.025523,5.6e-05,0.056616,0.004952,0.183288,0.047511,0.870964,0.003224,2,75
treadmill,2.05 m/s,69.0,0.052092,0.005118,0.048565,0.005033,0.143653,0.042754,0.870964,0.003224,2,75
treadmill,2.05 m/s,70.0,0.075933,0.010204,0.042797,0.005235,0.112882,0.038104,0.870964,0.003224,2,75
treadmill,2.05 m/s,71.0,0.096882,0.015088,0.039138,0.005373,0.090077,0.0336,0.870964,0.003224,2,75
treadmill,2.05 m/s,72.0,0.11492,0.019589,0.03727,0.005285,0.073126,0.028889,0.870964,0.003224,2,75
treadmill,2.05 m/s,73.0,0.130069,0.023547,0.036835,0.004822,0.059965,0.023612,0.870964,0.003224,2,75
treadmill,2.05 m/s,74.0,0.142507,0.026778,0.037518,0.004002,0.049343,0.01813,0.870964,0.003224,2,75
treadmill,2.05 m/s,75.0,0.152474,0.029272,0.039073,0.002928,0.040292,0.012894,0.870964,0.003224,2,75
treadmill,2.05 m/s,76.0,0.160204,0.031007,0.041282,0.001758,0.03213,0.008527,0.870964,0.003224,2,75
treadmill,2.05 m/s,77.0,0.165931,0.03219,0.043913,0.000628,0.024451,0.005763,0.870964,0.003224,2,75
treadmill,2.05 m/s,78.0,0.169889,0.033111,0.046643,0.000425,0.016813,0.005231,0.870964,0.003224,2,75
treadmill,2.05 m/s,79.0,0.172212,0.034157,0.049097,0.001419,0.008813,0.007224,0.870964,0.003224,2,75
treadmill,2.05 m/s,80.0,0.173042,0.035722,0.050858,0.002423,0.000516,0.011666,0.870964,0.003224,2,75
treadmill,2.05 m/s,81.0,0.172472,0.038139,0.051507,0.003494,-0.007453,0.018079,0.870964,0.003224,2,75
treadmill,2.05 m/s,82.0,0.170685,0.041634,0.050766,0.00455,-0.01445,0.024711,0.870964,0.003224,2,75
treadmill,2.05 m/s,83.0,0.16782,0.046156,0.048508,0.005339,-0.019074,0.030084,0.870964,0.003224,2,75
treadmill,2.05 m/s,84.0,0.164351,0.051727,0.044719,0.005592,-0.02061,0.032194,0.870964,0.003224,2,75
treadmill,2.05 m/s,85.0,0.160475,0.057758,0.039489,0.005088,-0.019104,0.029687,0.870964,0.003224,2,75
treadmill,2.05 m/s,86.0,0.156655,0.063787,0.033044,0.003677,-0.014859,0.023741,0.870964,0.003224,2,75
treadmill,2.05 m/s,87.0,0.153274,0.069425,0.025723,0.001347,-0.009494,0.01591,0.870964,0.003224,2,75
treadmill,2.05 m/s,88.0,0.150508,0.074153,0.017974,0.001702,-0.004627,0.008287,0.870964,0.003224,2,75
treadmill,2.05 m/s,89.0,0.148441,0.077742,0.010403,0.005164,-0.001261,0.002687,0.870964,0.003224,2,75
treadmill,2.05 m/s,90.0,0.147091,0.080037,0.003789,0.008568,0.000215,0.000166,0.870964,0.003224,2,75
treadmill,2.05 m/s,91.0,0.146297,0.081118,-0.001008,0.01125,0.000242,0.00078,0.870964,0.003224,2,75
treadmill,2.05 m/s,92.0,0.145724,0.081159,-0.003167,0.012396,-0.000246,0.000582,0.870964,0.003224,2,75
treadmill,2.05 m/s,93.0,0.145045,0.08052,-0.001867,0.01086,-0.000542,0.000886,0.870964,0.003224,2,75
treadmill,2.05 m/s,94.0,0.143588,0.079669,0.003406,0.00517,-0.001521,0.001221,0.870964,0.003224,2,75
treadmill,2.05 m/s,95.0,0.140388,0.078912,0.012621,0.005892,-0.006925,0.002932,0.870964,0.003224,2,75
treadmill,2.05 m/s,96.0,0.134416,0.078514,0.025328,0.023482,-0.023834,0.022392,0.870964,0.003224,2,75
treadmill,2.05 m/s,97.0,0.124438,0.078928,0.040342,0.048779,-0.06026,0.074141,0.870964,0.003224,2,75
treadmill,2.05 m/s,98.0,0.109919,0.080402,0.055237,0.081175,-0.116171,0.16934,0.870964,0.003224,2,75
treadmill,2.05 m/s,99.0,0.091138,0.082955,0.066604,0.118621,-0.17443,0.296611,0.870964,0.003224,2,75
treadmill,2.05 m/s,100.0,0.069743,0.086066,0.07001,0.157173,-0.201909,0.412251,0.870964,0.003224,2,75
